Image_ID,note_id,image_path,Primary_HEX,Secondary_HEX,Dominant_Color_Name,Color_Family,Primary_Color_Ratio,Secondary_Color_Ratio,Color_Extraction_Status
GRP-XHS-697b27ff000000002103cb21-01,697b27ff000000002103cb21,Dataset/xhs/xiaohongshu_images/机能风穿搭/697b27ff000000002103cb21/image_01.webp,#A8AAAA,#898886,gray,gray,0.2846,0.2738,ok
GRP-XHS-697b27ff000000002103cb21-02,697b27ff000000002103cb21,Dataset/xhs/xiaohongshu_images/机能风穿搭/697b27ff000000002103cb21/image_02.webp,#C1C4C2,#85837E,gray,gray,0.3188,0.2704,ok
GRP-XHS-697b27ff000000002103cb21-03,697b27ff000000002103cb21,Dataset/xhs/xiaohongshu_images/机能风穿搭/697b27ff000000002103cb21/image_03.webp,#222120,#C1C2C3,black,black,0.3358,0.2182,ok
GRP-XHS-697b27ff000000002103cb21-05,697b27ff000000002103cb21,Dataset/xhs/xiaohongshu_images/机能风穿搭/697b27ff000000002103cb21/image_05.webp,#8B8C89,#A5A9A8,gray,gray,0.31,0.2778,ok
GRP-XHS-697b27ff000000002103cb21-06,697b27ff000000002103cb21,Dataset/xhs/xiaohongshu_images/机能风穿搭/697b27ff000000002103cb21/image_06.webp,#C0C2C3,#544F41,gray,gray,0.2384,0.2296,ok
GRP-XHS-697b27ff000000002103cb21-07,697b27ff000000002103cb21,Dataset/xhs/xiaohongshu_images/机能风穿搭/697b27ff000000002103cb21/image_07.webp,#282622,#C3C5C6,black,black,0.257,0.2366,ok
GRP-XHS-697b27ff000000002103cb21-08,697b27ff000000002103cb21,Dataset/xhs/xiaohongshu_images/机能风穿搭/697b27ff000000002103cb21/image_08.webp,#8C8B89,#BCBDBE,gray,gray,0.254,0.248,ok
GRP-XHS-68b41359000000001c00e570-01,68b41359000000001c00e570,Dataset/xhs/xiaohongshu_images/机能风穿搭/68b41359000000001c00e570/image_01.webp,#CACFCA,#0D0E11,gray,gray,0.3158,0.2008,ok
GRP-XHS-68b41359000000001c00e570-02,68b41359000000001c00e570,Dataset/xhs/xiaohongshu_images/机能风穿搭/68b41359000000001c00e570/image_02.webp,#EAEEEB,#C1C6BF,white,white,0.4564,0.2954,ok
GRP-XHS-68b41359000000001c00e570-05,68b41359000000001c00e570,Dataset/xhs/xiaohongshu_images/机能风穿搭/68b41359000000001c00e570/image_05.webp,#F2F4EF,#414141,white,white,0.432,0.1556,ok
GRP-XHS-68b41359000000001c00e570-08,68b41359000000001c00e570,Dataset/xhs/xiaohongshu_images/机能风穿搭/68b41359000000001c00e570/image_08.webp,#F8FAFA,#CBD0CC,white,white,0.4264,0.2804,ok
GRP-XHS-68b41359000000001c00e570-09,68b41359000000001c00e570,Dataset/xhs/xiaohongshu_images/机能风穿搭/68b41359000000001c00e570/image_09.webp,#87898B,#656769,gray,gray,0.4254,0.3342,ok
GRP-XHS-68b41359000000001c00e570-10,68b41359000000001c00e570,Dataset/xhs/xiaohongshu_images/机能风穿搭/68b41359000000001c00e570/image_10.webp,#D0D5D0,#EDF1EE,white,white,0.331,0.3182,ok
GRP-XHS-68b41359000000001c00e570-11,68b41359000000001c00e570,Dataset/xhs/xiaohongshu_images/机能风穿搭/68b41359000000001c00e570/image_11.webp,#E9EDE9,#3D3D40,white,white,0.3956,0.1968,ok
GRP-XHS-68b41359000000001c00e570-12,68b41359000000001c00e570,Dataset/xhs/xiaohongshu_images/机能风穿搭/68b41359000000001c00e570/image_12.webp,#F7F8F7,#76767A,white,white,0.2964,0.191,ok
GRP-XHS-68b41359000000001c00e570-14,68b41359000000001c00e570,Dataset/xhs/xiaohongshu_images/机能风穿搭/68b41359000000001c00e570/image_14.webp,#F7F9F5,#1C1E20,white,white,0.2942,0.2524,ok
GRP-XHS-68b41359000000001c00e570-15,68b41359000000001c00e570,Dataset/xhs/xiaohongshu_images/机能风穿搭/68b41359000000001c00e570/image_15.webp,#F0F3EF,#3D3D3D,white,white,0.279,0.2562,ok
GRP-XHS-6974594d000000001a034f55-01,6974594d000000001a034f55,Dataset/xhs/xiaohongshu_images/机能风穿搭/6974594d000000001a034f55/image_01.webp,#16171B,#838280,black,black,0.241,0.2114,ok
GRP-XHS-6974594d000000001a034f55-02,6974594d000000001a034f55,Dataset/xhs/xiaohongshu_images/机能风穿搭/6974594d000000001a034f55/image_02.webp,#DEE1DF,#858785,white,white,0.2548,0.2438,ok
GRP-XHS-6974594d000000001a034f55-03,6974594d000000001a034f55,Dataset/xhs/xiaohongshu_images/机能风穿搭/6974594d000000001a034f55/image_03.webp,#0E1013,#DBDEDD,black,black,0.2644,0.2516,ok
GRP-XHS-6974594d000000001a034f55-04,6974594d000000001a034f55,Dataset/xhs/xiaohongshu_images/机能风穿搭/6974594d000000001a034f55/image_04.webp,#121418,#D8D7D5,black,black,0.2296,0.2292,ok
GRP-XHS-6974594d000000001a034f55-05,6974594d000000001a034f55,Dataset/xhs/xiaohongshu_images/机能风穿搭/6974594d000000001a034f55/image_05.webp,#111317,#D9DBD9,black,black,0.277,0.243,ok
GRP-XHS-6974594d000000001a034f55-06,6974594d000000001a034f55,Dataset/xhs/xiaohongshu_images/机能风穿搭/6974594d000000001a034f55/image_06.webp,#D6D6D1,#0E1013,white,white,0.27,0.259,ok
GRP-XHS-6974594d000000001a034f55-07,6974594d000000001a034f55,Dataset/xhs/xiaohongshu_images/机能风穿搭/6974594d000000001a034f55/image_07.webp,#D6D9D6,#85847F,white,white,0.2678,0.2352,ok
GRP-XHS-6974594d000000001a034f55-08,6974594d000000001a034f55,Dataset/xhs/xiaohongshu_images/机能风穿搭/6974594d000000001a034f55/image_08.webp,#111317,#83827F,black,black,0.2632,0.2102,ok
GRP-XHS-6974594d000000001a034f55-09,6974594d000000001a034f55,Dataset/xhs/xiaohongshu_images/机能风穿搭/6974594d000000001a034f55/image_09.webp,#DBDFDF,#828282,white,white,0.267,0.2232,ok
GRP-XHS-6974594d000000001a034f55-10,6974594d000000001a034f55,Dataset/xhs/xiaohongshu_images/机能风穿搭/6974594d000000001a034f55/image_10.webp,#D7DAD7,#B3B4B0,white,white,0.3198,0.224,ok
GRP-XHS-6974594d000000001a034f55-11,6974594d000000001a034f55,Dataset/xhs/xiaohongshu_images/机能风穿搭/6974594d000000001a034f55/image_11.webp,#171619,#E0E0DC,black,black,0.2366,0.2274,ok
GRP-XHS-6974594d000000001a034f55-13,6974594d000000001a034f55,Dataset/xhs/xiaohongshu_images/机能风穿搭/6974594d000000001a034f55/image_13.webp,#D2D4D3,#787671,white,white,0.2908,0.2124,ok
GRP-XHS-6974594d000000001a034f55-14,6974594d000000001a034f55,Dataset/xhs/xiaohongshu_images/机能风穿搭/6974594d000000001a034f55/image_14.webp,#86847F,#D4D9DA,gray,gray,0.2838,0.2692,ok
GRP-XHS-6974594d000000001a034f55-15,6974594d000000001a034f55,Dataset/xhs/xiaohongshu_images/机能风穿搭/6974594d000000001a034f55/image_15.webp,#B6B7B6,#D9DDDD,gray,gray,0.2502,0.2202,ok
GRP-XHS-6974594d000000001a034f55-16,6974594d000000001a034f55,Dataset/xhs/xiaohongshu_images/机能风穿搭/6974594d000000001a034f55/image_16.webp,#D9DBD8,#0B0E12,white,white,0.3212,0.2728,ok
GRP-XHS-6974594d000000001a034f55-17,6974594d000000001a034f55,Dataset/xhs/xiaohongshu_images/机能风穿搭/6974594d000000001a034f55/image_17.webp,#565656,#898B89,gray,gray,0.2522,0.2432,ok
GRP-XHS-6974594d000000001a034f55-18,6974594d000000001a034f55,Dataset/xhs/xiaohongshu_images/机能风穿搭/6974594d000000001a034f55/image_18.webp,#101214,#DCDDD9,black,black,0.2774,0.2358,ok
GRP-XHS-69214da4000000001f00aa7a-01,69214da4000000001f00aa7a,Dataset/xhs/xiaohongshu_images/机能风穿搭/69214da4000000001f00aa7a/image_01.webp,#F6F8F6,#0C0D0D,white,white,0.6286,0.131,ok
GRP-XHS-69214da4000000001f00aa7a-02,69214da4000000001f00aa7a,Dataset/xhs/xiaohongshu_images/机能风穿搭/69214da4000000001f00aa7a/image_02.webp,#F3F5F2,#0A0B0A,white,white,0.6348,0.139,ok
GRP-XHS-69a1a6c0000000001a0290d9-01,69a1a6c0000000001a0290d9,Dataset/xhs/xiaohongshu_images/机能风穿搭/69a1a6c0000000001a0290d9/image_01.webp,#CCD0D0,#232528,gray,gray,0.4366,0.2404,ok
GRP-XHS-683ec114000000002300dde0-01,683ec114000000002300dde0,Dataset/xhs/xiaohongshu_images/机能风穿搭/683ec114000000002300dde0/image_01.webp,#868685,#676564,gray,gray,0.303,0.2706,ok
GRP-XHS-683ec114000000002300dde0-02,683ec114000000002300dde0,Dataset/xhs/xiaohongshu_images/机能风穿搭/683ec114000000002300dde0/image_02.webp,#646463,#484848,gray,gray,0.2852,0.2266,ok
GRP-XHS-683ec114000000002300dde0-03,683ec114000000002300dde0,Dataset/xhs/xiaohongshu_images/机能风穿搭/683ec114000000002300dde0/image_03.webp,#DCDDDC,#C9C9C8,white,white,0.3794,0.206,ok
GRP-XHS-683ec114000000002300dde0-05,683ec114000000002300dde0,Dataset/xhs/xiaohongshu_images/机能风穿搭/683ec114000000002300dde0/image_05.webp,#DADAD9,#B8B5B3,white,white,0.5386,0.1652,ok
GRP-XHS-683ec114000000002300dde0-07,683ec114000000002300dde0,Dataset/xhs/xiaohongshu_images/机能风穿搭/683ec114000000002300dde0/image_07.webp,#1B1E19,#454B42,black,black,0.3216,0.2802,ok
GRP-XHS-69c7b3450000000020039ccc-01,69c7b3450000000020039ccc,Dataset/xhs/xiaohongshu_images/机能风穿搭/69c7b3450000000020039ccc/image_01.webp,#D3D3D6,#C0C2C8,white,white,0.358,0.2676,ok
GRP-XHS-68da4ee6000000001101da8b-01,68da4ee6000000001101da8b,Dataset/xhs/xiaohongshu_images/机能风穿搭/68da4ee6000000001101da8b/image_01.webp,#D3DEE8,#26272A,white,white,0.2848,0.2502,ok
GRP-XHS-68da4ee6000000001101da8b-02,68da4ee6000000001101da8b,Dataset/xhs/xiaohongshu_images/机能风穿搭/68da4ee6000000001101da8b/image_02.webp,#24262A,#DDE4E9,black,black,0.3138,0.249,ok
GRP-XHS-68da4ee6000000001101da8b-03,68da4ee6000000001101da8b,Dataset/xhs/xiaohongshu_images/机能风穿搭/68da4ee6000000001101da8b/image_03.webp,#D4E1E9,#212125,white,white,0.4324,0.1872,ok
GRP-XHS-68da4ee6000000001101da8b-04,68da4ee6000000001101da8b,Dataset/xhs/xiaohongshu_images/机能风穿搭/68da4ee6000000001101da8b/image_04.webp,#C5D5E5,#94AACC,blue,blue,0.2752,0.2662,ok
GRP-XHS-68da4ee6000000001101da8b-05,68da4ee6000000001101da8b,Dataset/xhs/xiaohongshu_images/机能风穿搭/68da4ee6000000001101da8b/image_05.webp,#1D1B1D,#DAE4EB,black,black,0.5156,0.149,ok
GRP-XHS-68da4ee6000000001101da8b-06,68da4ee6000000001101da8b,Dataset/xhs/xiaohongshu_images/机能风穿搭/68da4ee6000000001101da8b/image_06.webp,#E0E7EC,#26282A,white,white,0.3274,0.2604,ok
GRP-XHS-68da4ee6000000001101da8b-07,68da4ee6000000001101da8b,Dataset/xhs/xiaohongshu_images/机能风穿搭/68da4ee6000000001101da8b/image_07.webp,#D3DEE6,#27272A,white,white,0.3944,0.2602,ok
GRP-XHS-69d10431000000001b0025ee-01,69d10431000000001b0025ee,Dataset/xhs/xiaohongshu_images/机能风穿搭/69d10431000000001b0025ee/image_01.webp,#1B1D1D,#C2C5C6,black,black,0.3174,0.2936,ok
GRP-XHS-69d10431000000001b0025ee-02,69d10431000000001b0025ee,Dataset/xhs/xiaohongshu_images/机能风穿搭/69d10431000000001b0025ee/image_02.webp,#A3977B,#CDD0CC,khaki,khaki_or_beige,0.3482,0.3094,ok
GRP-XHS-69d10431000000001b0025ee-03,69d10431000000001b0025ee,Dataset/xhs/xiaohongshu_images/机能风穿搭/69d10431000000001b0025ee/image_03.webp,#282727,#0F0E0E,black,black,0.3426,0.2644,ok
GRP-XHS-69d10431000000001b0025ee-04,69d10431000000001b0025ee,Dataset/xhs/xiaohongshu_images/机能风穿搭/69d10431000000001b0025ee/image_04.webp,#D7DBDF,#16171B,white,white,0.5134,0.2498,ok
GRP-XHS-69d10431000000001b0025ee-05,69d10431000000001b0025ee,Dataset/xhs/xiaohongshu_images/机能风穿搭/69d10431000000001b0025ee/image_05.webp,#111413,#212926,black,black,0.4744,0.238,ok
GRP-XHS-69d10431000000001b0025ee-06,69d10431000000001b0025ee,Dataset/xhs/xiaohongshu_images/机能风穿搭/69d10431000000001b0025ee/image_06.webp,#B5B8BB,#141415,gray,gray,0.3118,0.2572,ok
GRP-XHS-69d10431000000001b0025ee-07,69d10431000000001b0025ee,Dataset/xhs/xiaohongshu_images/机能风穿搭/69d10431000000001b0025ee/image_07.webp,#FEFEFE,#7A8285,white,white,0.281,0.2692,ok
GRP-XHS-69d10431000000001b0025ee-08,69d10431000000001b0025ee,Dataset/xhs/xiaohongshu_images/机能风穿搭/69d10431000000001b0025ee/image_08.webp,#D5D4D1,#28282A,white,white,0.4212,0.3346,ok
GRP-XHS-69d10431000000001b0025ee-09,69d10431000000001b0025ee,Dataset/xhs/xiaohongshu_images/机能风穿搭/69d10431000000001b0025ee/image_09.webp,#BBBDBD,#646064,gray,gray,0.5014,0.1656,ok
GRP-XHS-69d10431000000001b0025ee-10,69d10431000000001b0025ee,Dataset/xhs/xiaohongshu_images/机能风穿搭/69d10431000000001b0025ee/image_10.webp,#CCCFCF,#BBBFBD,gray,gray,0.4042,0.2408,ok
GRP-XHS-69d10431000000001b0025ee-11,69d10431000000001b0025ee,Dataset/xhs/xiaohongshu_images/机能风穿搭/69d10431000000001b0025ee/image_11.webp,#B3B5B9,#201F22,gray,gray,0.3908,0.2488,ok
GRP-XHS-6964a74c000000002202c56c-01,6964a74c000000002202c56c,Dataset/xhs/xiaohongshu_images/机能风穿搭/6964a74c000000002202c56c/image_01.webp,#BFBAAF,#DEE1DE,gray,gray,0.2912,0.2574,ok
GRP-XHS-6964a74c000000002202c56c-06,6964a74c000000002202c56c,Dataset/xhs/xiaohongshu_images/机能风穿搭/6964a74c000000002202c56c/image_06.webp,#251F1B,#0C0B0A,black,black,0.3038,0.2448,ok
GRP-XHS-6964a74c000000002202c56c-07,6964a74c000000002202c56c,Dataset/xhs/xiaohongshu_images/机能风穿搭/6964a74c000000002202c56c/image_07.webp,#342E29,#151311,orange,red_or_orange,0.331,0.2476,ok
GRP-XHS-6964a74c000000002202c56c-08,6964a74c000000002202c56c,Dataset/xhs/xiaohongshu_images/机能风穿搭/6964a74c000000002202c56c/image_08.webp,#12110E,#2E2924,black,black,0.322,0.2992,ok
GRP-XHS-6964a74c000000002202c56c-09,6964a74c000000002202c56c,Dataset/xhs/xiaohongshu_images/机能风穿搭/6964a74c000000002202c56c/image_09.webp,#17110E,#312F2D,black,black,0.3632,0.2614,ok
GRP-XHS-6964a74c000000002202c56c-10,6964a74c000000002202c56c,Dataset/xhs/xiaohongshu_images/机能风穿搭/6964a74c000000002202c56c/image_10.webp,#120E0B,#282623,black,black,0.4624,0.2212,ok
GRP-XHS-6964a74c000000002202c56c-11,6964a74c000000002202c56c,Dataset/xhs/xiaohongshu_images/机能风穿搭/6964a74c000000002202c56c/image_11.webp,#1C1B18,#54514D,black,black,0.3952,0.2066,ok
GRP-XHS-6964a74c000000002202c56c-12,6964a74c000000002202c56c,Dataset/xhs/xiaohongshu_images/机能风穿搭/6964a74c000000002202c56c/image_12.webp,#161617,#CCD1CF,black,black,0.3402,0.2314,ok
GRP-XHS-6964a74c000000002202c56c-14,6964a74c000000002202c56c,Dataset/xhs/xiaohongshu_images/机能风穿搭/6964a74c000000002202c56c/image_14.webp,#161412,#D2D2CC,black,black,0.3554,0.1786,ok
GRP-XHS-68e8a98f000000000700d9b4-03,68e8a98f000000000700d9b4,Dataset/xhs/xiaohongshu_images/机能风穿搭/68e8a98f000000000700d9b4/image_03.webp,#D9D9D9,#64676F,white,white,0.4658,0.169,ok
GRP-XHS-69b4ec21000000002200ed5b-01,69b4ec21000000002200ed5b,Dataset/xhs/xiaohongshu_images/机能风穿搭/69b4ec21000000002200ed5b/image_01.webp,#17161A,#2B2B31,black,black,0.286,0.2858,ok
GRP-XHS-69b4ec21000000002200ed5b-02,69b4ec21000000002200ed5b,Dataset/xhs/xiaohongshu_images/机能风穿搭/69b4ec21000000002200ed5b/image_02.webp,#1E1D21,#CFD3D7,black,black,0.376,0.2146,ok
GRP-XHS-69b4ec21000000002200ed5b-03,69b4ec21000000002200ed5b,Dataset/xhs/xiaohongshu_images/机能风穿搭/69b4ec21000000002200ed5b/image_03.webp,#17171B,#686E74,black,black,0.2832,0.2664,ok
GRP-XHS-69b4ec21000000002200ed5b-04,69b4ec21000000002200ed5b,Dataset/xhs/xiaohongshu_images/机能风穿搭/69b4ec21000000002200ed5b/image_04.webp,#727980,#D5DADD,gray,gray,0.3088,0.2154,ok
GRP-XHS-69b4ec21000000002200ed5b-05,69b4ec21000000002200ed5b,Dataset/xhs/xiaohongshu_images/机能风穿搭/69b4ec21000000002200ed5b/image_05.webp,#575E65,#1B1C20,blue,blue,0.3588,0.3064,ok
GRP-XHS-69b4ec21000000002200ed5b-06,69b4ec21000000002200ed5b,Dataset/xhs/xiaohongshu_images/机能风穿搭/69b4ec21000000002200ed5b/image_06.webp,#767B7F,#53595F,gray,gray,0.2336,0.2148,ok
GRP-XHS-69b4ec21000000002200ed5b-07,69b4ec21000000002200ed5b,Dataset/xhs/xiaohongshu_images/机能风穿搭/69b4ec21000000002200ed5b/image_07.webp,#201E24,#6D7177,black,black,0.3398,0.2142,ok
GRP-XHS-69b4ec21000000002200ed5b-08,69b4ec21000000002200ed5b,Dataset/xhs/xiaohongshu_images/机能风穿搭/69b4ec21000000002200ed5b/image_08.webp,#1D1C21,#757679,black,black,0.3698,0.2412,ok
GRP-XHS-69734679000000002202d5e2-01,69734679000000002202d5e2,Dataset/xhs/xiaohongshu_images/机能风穿搭/69734679000000002202d5e2/image_01.webp,#CECECE,#B4B4B2,gray,gray,0.47,0.3116,ok
GRP-XHS-69734679000000002202d5e2-02,69734679000000002202d5e2,Dataset/xhs/xiaohongshu_images/机能风穿搭/69734679000000002202d5e2/image_02.webp,#C3C3C3,#3F3F3F,gray,gray,0.3534,0.2546,ok
GRP-XHS-69734679000000002202d5e2-03,69734679000000002202d5e2,Dataset/xhs/xiaohongshu_images/机能风穿搭/69734679000000002202d5e2/image_03.webp,#DADFE4,#080608,white,white,0.5566,0.1946,ok
GRP-XHS-69734679000000002202d5e2-04,69734679000000002202d5e2,Dataset/xhs/xiaohongshu_images/机能风穿搭/69734679000000002202d5e2/image_04.webp,#888B87,#747673,gray,gray,0.3188,0.259,ok
GRP-XHS-69734679000000002202d5e2-05,69734679000000002202d5e2,Dataset/xhs/xiaohongshu_images/机能风穿搭/69734679000000002202d5e2/image_05.webp,#F8F8F8,#D9DAD5,white,white,0.393,0.2162,ok
GRP-XHS-69cdbae90000000021013a1d-01,69cdbae90000000021013a1d,Dataset/xhs/xiaohongshu_images/机能风穿搭/69cdbae90000000021013a1d/image_01.webp,#4F2B25,#873623,red,red_or_orange,0.3772,0.3482,ok
GRP-XHS-69cdbae90000000021013a1d-02,69cdbae90000000021013a1d,Dataset/xhs/xiaohongshu_images/机能风穿搭/69cdbae90000000021013a1d/image_02.webp,#4D2B26,#883724,red,red_or_orange,0.3684,0.3378,ok
GRP-XHS-69cdbae90000000021013a1d-03,69cdbae90000000021013a1d,Dataset/xhs/xiaohongshu_images/机能风穿搭/69cdbae90000000021013a1d/image_03.webp,#7E3120,#4F2A24,red,red_or_orange,0.3144,0.277,ok
GRP-XHS-69cdbae90000000021013a1d-04,69cdbae90000000021013a1d,Dataset/xhs/xiaohongshu_images/机能风穿搭/69cdbae90000000021013a1d/image_04.webp,#402320,#742D1E,red,red_or_orange,0.3374,0.2812,ok
GRP-XHS-69cdbae90000000021013a1d-05,69cdbae90000000021013a1d,Dataset/xhs/xiaohongshu_images/机能风穿搭/69cdbae90000000021013a1d/image_05.webp,#482924,#762E1F,red,red_or_orange,0.3158,0.2544,ok
GRP-XHS-6a0423830000000036033a57-01,6a0423830000000036033a57,Dataset/xhs/xiaohongshu_images/机能风穿搭/6a0423830000000036033a57/image_01.webp,#666562,#444544,gray,gray,0.401,0.3746,ok
GRP-XHS-6a0423830000000036033a57-02,6a0423830000000036033a57,Dataset/xhs/xiaohongshu_images/机能风穿搭/6a0423830000000036033a57/image_02.webp,#4D4C49,#373735,gray,gray,0.5842,0.2706,ok
GRP-XHS-6a0423830000000036033a57-03,6a0423830000000036033a57,Dataset/xhs/xiaohongshu_images/机能风穿搭/6a0423830000000036033a57/image_03.webp,#7B7973,#565552,gray,gray,0.606,0.236,ok
GRP-XHS-6a0423830000000036033a57-04,6a0423830000000036033a57,Dataset/xhs/xiaohongshu_images/机能风穿搭/6a0423830000000036033a57/image_04.webp,#61615E,#6F716D,gray,gray,0.3506,0.3166,ok
GRP-XHS-6a0423830000000036033a57-05,6a0423830000000036033a57,Dataset/xhs/xiaohongshu_images/机能风穿搭/6a0423830000000036033a57/image_05.webp,#71706D,#5A5A5A,gray,gray,0.5524,0.1946,ok
GRP-XHS-6a0423830000000036033a57-06,6a0423830000000036033a57,Dataset/xhs/xiaohongshu_images/机能风穿搭/6a0423830000000036033a57/image_06.webp,#666562,#4B4C4B,gray,gray,0.6024,0.2414,ok
GRP-XHS-6a0423830000000036033a57-07,6a0423830000000036033a57,Dataset/xhs/xiaohongshu_images/机能风穿搭/6a0423830000000036033a57/image_07.webp,#63625E,#494948,gray,gray,0.5644,0.2808,ok
GRP-XHS-6a0423830000000036033a57-08,6a0423830000000036033a57,Dataset/xhs/xiaohongshu_images/机能风穿搭/6a0423830000000036033a57/image_08.webp,#61605C,#72716E,gray,gray,0.4264,0.256,ok
GRP-XHS-6a0423830000000036033a57-09,6a0423830000000036033a57,Dataset/xhs/xiaohongshu_images/机能风穿搭/6a0423830000000036033a57/image_09.webp,#585854,#6B6A65,gray,gray,0.3892,0.3804,ok
GRP-XHS-69169e58000000000703ab3b-01,69169e58000000000703ab3b,Dataset/xhs/xiaohongshu_images/机能风穿搭/69169e58000000000703ab3b/image_01.webp,#ABA6A2,#8C8479,gray,gray,0.2764,0.2122,ok
GRP-XHS-694be601000000001f00792e-01,694be601000000001f00792e,Dataset/xhs/xiaohongshu_images/机能风穿搭/694be601000000001f00792e/image_01.webp,#CED2DF,#363F44,white,white,0.469,0.2448,ok
GRP-XHS-694be601000000001f00792e-02,694be601000000001f00792e,Dataset/xhs/xiaohongshu_images/机能风穿搭/694be601000000001f00792e/image_02.webp,#292A2E,#DDE3E3,black,black,0.316,0.3034,ok
GRP-XHS-694be601000000001f00792e-03,694be601000000001f00792e,Dataset/xhs/xiaohongshu_images/机能风穿搭/694be601000000001f00792e/image_03.webp,#D5DAD6,#1B2024,white,white,0.4586,0.3254,ok
GRP-XHS-688223c8000000001203365b-01,688223c8000000001203365b,Dataset/xhs/xiaohongshu_images/机能风穿搭/688223c8000000001203365b/image_01.webp,#D1CBC7,#0E0D11,gray,gray,0.301,0.2388,ok
GRP-XHS-684be38f000000002202869a-01,684be38f000000002202869a,Dataset/xhs/xiaohongshu_images/机能风穿搭/684be38f000000002202869a/image_01.webp,#E7E7E6,#FEFEFE,white,white,0.382,0.2864,ok
GRP-XHS-684be38f000000002202869a-02,684be38f000000002202869a,Dataset/xhs/xiaohongshu_images/机能风穿搭/684be38f000000002202869a/image_02.webp,#E7E6E6,#FFFFFF,white,white,0.3648,0.3256,ok
GRP-XHS-684be38f000000002202869a-03,684be38f000000002202869a,Dataset/xhs/xiaohongshu_images/机能风穿搭/684be38f000000002202869a/image_03.webp,#E6E6E6,#FFFFFF,white,white,0.3812,0.3138,ok
GRP-XHS-684be38f000000002202869a-04,684be38f000000002202869a,Dataset/xhs/xiaohongshu_images/机能风穿搭/684be38f000000002202869a/image_04.webp,#E6E6E6,#FFFFFF,white,white,0.3366,0.3126,ok
GRP-XHS-684be38f000000002202869a-05,684be38f000000002202869a,Dataset/xhs/xiaohongshu_images/机能风穿搭/684be38f000000002202869a/image_05.webp,#E8E7E6,#FFFEFE,white,white,0.408,0.3212,ok
GRP-XHS-684be38f000000002202869a-06,684be38f000000002202869a,Dataset/xhs/xiaohongshu_images/机能风穿搭/684be38f000000002202869a/image_06.webp,#E6E6E6,#FEFEFE,white,white,0.338,0.3132,ok
GRP-XHS-684be38f000000002202869a-07,684be38f000000002202869a,Dataset/xhs/xiaohongshu_images/机能风穿搭/684be38f000000002202869a/image_07.webp,#E7E7E8,#FFFEFE,white,white,0.4124,0.3268,ok
GRP-XHS-684be38f000000002202869a-08,684be38f000000002202869a,Dataset/xhs/xiaohongshu_images/机能风穿搭/684be38f000000002202869a/image_08.webp,#E8E7E7,#FFFEFE,white,white,0.3864,0.3086,ok
GRP-XHS-68e99da2000000000700a15f-01,68e99da2000000000700a15f,Dataset/xhs/xiaohongshu_images/机能风穿搭/68e99da2000000000700a15f/image_01.webp,#D2D3D6,#3A3838,white,white,0.3186,0.2622,ok
GRP-XHS-68e99da2000000000700a15f-03,68e99da2000000000700a15f,Dataset/xhs/xiaohongshu_images/机能风穿搭/68e99da2000000000700a15f/image_03.webp,#2C3233,#838382,blue,blue,0.5062,0.1622,ok
GRP-XHS-68e99da2000000000700a15f-04,68e99da2000000000700a15f,Dataset/xhs/xiaohongshu_images/机能风穿搭/68e99da2000000000700a15f/image_04.webp,#0B0C0F,#302E2C,black,black,0.4368,0.1928,ok
GRP-XHS-68e99da2000000000700a15f-05,68e99da2000000000700a15f,Dataset/xhs/xiaohongshu_images/机能风穿搭/68e99da2000000000700a15f/image_05.webp,#161616,#6B6A6F,black,black,0.3564,0.2436,ok
GRP-XHS-68e99da2000000000700a15f-06,68e99da2000000000700a15f,Dataset/xhs/xiaohongshu_images/机能风穿搭/68e99da2000000000700a15f/image_06.webp,#DBDBD7,#13110E,white,white,0.4346,0.236,ok
GRP-XHS-68e99da2000000000700a15f-07,68e99da2000000000700a15f,Dataset/xhs/xiaohongshu_images/机能风穿搭/68e99da2000000000700a15f/image_07.webp,#BCBCC5,#DEDFE5,gray,gray,0.3612,0.2348,ok
GRP-XHS-68e99da2000000000700a15f-08,68e99da2000000000700a15f,Dataset/xhs/xiaohongshu_images/机能风穿搭/68e99da2000000000700a15f/image_08.webp,#E3E5E6,#503E33,white,white,0.3992,0.2408,ok
GRP-XHS-68e99da2000000000700a15f-09,68e99da2000000000700a15f,Dataset/xhs/xiaohongshu_images/机能风穿搭/68e99da2000000000700a15f/image_09.webp,#FCFCFC,#404043,white,white,0.351,0.349,ok
GRP-XHS-68e99da2000000000700a15f-10,68e99da2000000000700a15f,Dataset/xhs/xiaohongshu_images/机能风穿搭/68e99da2000000000700a15f/image_10.webp,#B3B2B6,#D4D3D8,gray,gray,0.4446,0.276,ok
GRP-XHS-68e99da2000000000700a15f-11,68e99da2000000000700a15f,Dataset/xhs/xiaohongshu_images/机能风穿搭/68e99da2000000000700a15f/image_11.webp,#DDDDE2,#ACAFB5,white,white,0.29,0.2766,ok
GRP-XHS-68e99da2000000000700a15f-12,68e99da2000000000700a15f,Dataset/xhs/xiaohongshu_images/机能风穿搭/68e99da2000000000700a15f/image_12.webp,#B5B1B3,#A49A93,gray,gray,0.3004,0.2908,ok
GRP-XHS-69ee2200000000001a035186-02,69ee2200000000001a035186,Dataset/xhs/xiaohongshu_images/机能风穿搭/69ee2200000000001a035186/image_02.webp,#B1B2B6,#161615,gray,gray,0.3766,0.2678,ok
GRP-XHS-69ee2200000000001a035186-03,69ee2200000000001a035186,Dataset/xhs/xiaohongshu_images/机能风穿搭/69ee2200000000001a035186/image_03.webp,#DBCEBD,#171716,orange,red_or_orange,0.2534,0.2356,ok
GRP-XHS-69ee2200000000001a035186-04,69ee2200000000001a035186,Dataset/xhs/xiaohongshu_images/机能风穿搭/69ee2200000000001a035186/image_04.webp,#171717,#A48A6D,black,black,0.3674,0.2386,ok
GRP-XHS-69ee2200000000001a035186-05,69ee2200000000001a035186,Dataset/xhs/xiaohongshu_images/机能风穿搭/69ee2200000000001a035186/image_05.webp,#CDBEB4,#0E0D0C,orange,red_or_orange,0.3264,0.2466,ok
GRP-XHS-69ee2200000000001a035186-06,69ee2200000000001a035186,Dataset/xhs/xiaohongshu_images/机能风穿搭/69ee2200000000001a035186/image_06.webp,#CEC0AD,#988B78,orange,red_or_orange,0.5472,0.1772,ok
GRP-XHS-69f1a2c3000000002003bd4e-01,69f1a2c3000000002003bd4e,Dataset/xhs/xiaohongshu_images/机能风穿搭/69f1a2c3000000002003bd4e/image_01.webp,#060607,#2C2D33,black,black,0.3836,0.2006,ok
GRP-XHS-69f1a2c3000000002003bd4e-02,69f1a2c3000000002003bd4e,Dataset/xhs/xiaohongshu_images/机能风穿搭/69f1a2c3000000002003bd4e/image_02.webp,#F3F0ED,#C2B9B5,white,white,0.5324,0.1266,ok
GRP-XHS-69f1a2c3000000002003bd4e-03,69f1a2c3000000002003bd4e,Dataset/xhs/xiaohongshu_images/机能风穿搭/69f1a2c3000000002003bd4e/image_03.webp,#F7F4F0,#E4E0DC,white,white,0.503,0.1876,ok
GRP-XHS-69f1a2c3000000002003bd4e-04,69f1a2c3000000002003bd4e,Dataset/xhs/xiaohongshu_images/机能风穿搭/69f1a2c3000000002003bd4e/image_04.webp,#F2F0ED,#C7BEBA,white,white,0.5434,0.1422,ok
GRP-XHS-69f1a2c3000000002003bd4e-05,69f1a2c3000000002003bd4e,Dataset/xhs/xiaohongshu_images/机能风穿搭/69f1a2c3000000002003bd4e/image_05.webp,#EDEEF0,#C3C3C5,white,white,0.5418,0.1406,ok
GRP-XHS-69f1a2c3000000002003bd4e-06,69f1a2c3000000002003bd4e,Dataset/xhs/xiaohongshu_images/机能风穿搭/69f1a2c3000000002003bd4e/image_06.webp,#F1EDEA,#C5BDB9,white,white,0.5234,0.1452,ok
GRP-XHS-69f1a2c3000000002003bd4e-07,69f1a2c3000000002003bd4e,Dataset/xhs/xiaohongshu_images/机能风穿搭/69f1a2c3000000002003bd4e/image_07.webp,#F4F2F0,#C7C0BD,white,white,0.6786,0.1074,ok
GRP-XHS-69f1a2c3000000002003bd4e-08,69f1a2c3000000002003bd4e,Dataset/xhs/xiaohongshu_images/机能风穿搭/69f1a2c3000000002003bd4e/image_08.webp,#F2EFEB,#242527,white,white,0.4956,0.182,ok
GRP-XHS-69f1a2c3000000002003bd4e-09,69f1a2c3000000002003bd4e,Dataset/xhs/xiaohongshu_images/机能风穿搭/69f1a2c3000000002003bd4e/image_09.webp,#F5F2EF,#CDC7C3,white,white,0.5734,0.1198,ok
GRP-XHS-69f1a2c3000000002003bd4e-10,69f1a2c3000000002003bd4e,Dataset/xhs/xiaohongshu_images/机能风穿搭/69f1a2c3000000002003bd4e/image_10.webp,#F1EEEB,#323232,white,white,0.517,0.204,ok
GRP-XHS-6840e849000000000f031564-01,6840e849000000000f031564,Dataset/xhs/xiaohongshu_images/机能风穿搭/6840e849000000000f031564/image_01.webp,#DADADE,#CACCD0,white,white,0.5362,0.2598,ok
GRP-XHS-6840e849000000000f031564-02,6840e849000000000f031564,Dataset/xhs/xiaohongshu_images/机能风穿搭/6840e849000000000f031564/image_02.webp,#D9D9DD,#C8CBCF,white,white,0.5904,0.2716,ok
GRP-XHS-6a02f9f4000000003501da73-01,6a02f9f4000000003501da73,Dataset/xhs/xiaohongshu_images/机能风穿搭/6a02f9f4000000003501da73/image_01.webp,#FDFDFD,#D6D2D1,white,white,0.6336,0.1274,ok
GRP-XHS-6a02f9f4000000003501da73-02,6a02f9f4000000003501da73,Dataset/xhs/xiaohongshu_images/机能风穿搭/6a02f9f4000000003501da73/image_02.webp,#FEFEFE,#A190A1,white,white,0.8074,0.0518,ok
GRP-XHS-6a02f9f4000000003501da73-04,6a02f9f4000000003501da73,Dataset/xhs/xiaohongshu_images/机能风穿搭/6a02f9f4000000003501da73/image_04.webp,#FFFEFE,#352626,white,white,0.7572,0.0996,ok
GRP-XHS-6a02f9f4000000003501da73-05,6a02f9f4000000003501da73,Dataset/xhs/xiaohongshu_images/机能风穿搭/6a02f9f4000000003501da73/image_05.webp,#FEFEFE,#D6D9D4,white,white,0.7832,0.086,ok
GRP-XHS-6a02f9f4000000003501da73-06,6a02f9f4000000003501da73,Dataset/xhs/xiaohongshu_images/机能风穿搭/6a02f9f4000000003501da73/image_06.webp,#FEFEFE,#C3D0DD,white,white,0.7916,0.0846,ok
GRP-XHS-6a02f9f4000000003501da73-07,6a02f9f4000000003501da73,Dataset/xhs/xiaohongshu_images/机能风穿搭/6a02f9f4000000003501da73/image_07.webp,#FEFEFE,#A7A0B2,white,white,0.788,0.0842,ok
GRP-XHS-6a02f9f4000000003501da73-08,6a02f9f4000000003501da73,Dataset/xhs/xiaohongshu_images/机能风穿搭/6a02f9f4000000003501da73/image_08.webp,#FEFEFD,#2C2B2B,white,white,0.7694,0.0728,ok
GRP-XHS-6a0c6070000000000803cef0-01,6a0c6070000000000803cef0,Dataset/xhs/xiaohongshu_images/机能风穿搭/6a0c6070000000000803cef0/image_01.webp,#050505,#302E30,black,black,0.5524,0.24,ok
GRP-XHS-698c2408000000000b010188-01,698c2408000000000b010188,Dataset/xhs/xiaohongshu_images/机能风穿搭/698c2408000000000b010188/image_01.webp,#363839,#CED2C9,gray,gray,0.2912,0.2694,ok
GRP-XHS-68a303ed000000001d02c3c5-01,68a303ed000000001d02c3c5,Dataset/xhs/xiaohongshu_images/机能风穿搭/68a303ed000000001d02c3c5/image_01.webp,#1E1615,#75462C,black,black,0.4238,0.177,ok
GRP-XHS-68a303ed000000001d02c3c5-02,68a303ed000000001d02c3c5,Dataset/xhs/xiaohongshu_images/机能风穿搭/68a303ed000000001d02c3c5/image_02.webp,#18120E,#3D2E25,black,black,0.4272,0.3074,ok
GRP-XHS-68a303ed000000001d02c3c5-03,68a303ed000000001d02c3c5,Dataset/xhs/xiaohongshu_images/机能风穿搭/68a303ed000000001d02c3c5/image_03.webp,#3A2820,#5E4B41,orange,red_or_orange,0.257,0.246,ok
GRP-XHS-68a303ed000000001d02c3c5-04,68a303ed000000001d02c3c5,Dataset/xhs/xiaohongshu_images/机能风穿搭/68a303ed000000001d02c3c5/image_04.webp,#241813,#51372B,black,black,0.3636,0.2782,ok
GRP-XHS-68a303ed000000001d02c3c5-05,68a303ed000000001d02c3c5,Dataset/xhs/xiaohongshu_images/机能风穿搭/68a303ed000000001d02c3c5/image_05.webp,#19110A,#433731,black,black,0.5444,0.2468,ok
GRP-XHS-68a303ed000000001d02c3c5-06,68a303ed000000001d02c3c5,Dataset/xhs/xiaohongshu_images/机能风穿搭/68a303ed000000001d02c3c5/image_06.webp,#291913,#6A3920,black,black,0.3478,0.2468,ok
GRP-XHS-68a303ed000000001d02c3c5-07,68a303ed000000001d02c3c5,Dataset/xhs/xiaohongshu_images/机能风穿搭/68a303ed000000001d02c3c5/image_07.webp,#1D130D,#303138,black,black,0.463,0.2208,ok
GRP-XHS-68f236ae00000000050023e3-01,68f236ae00000000050023e3,Dataset/xhs/xiaohongshu_images/机能风穿搭/68f236ae00000000050023e3/image_01.webp,#534F51,#2A272A,gray,gray,0.408,0.2562,ok
GRP-XHS-6a030f4b0000000007029560-01,6a030f4b0000000007029560,Dataset/xhs/xiaohongshu_images/机能风穿搭/6a030f4b0000000007029560/image_01.webp,#747360,#505339,olive,olive_or_green,0.3104,0.224,ok
GRP-XHS-6a030f4b0000000007029560-02,6a030f4b0000000007029560,Dataset/xhs/xiaohongshu_images/机能风穿搭/6a030f4b0000000007029560/image_02.webp,#89896D,#B0AD94,olive,olive_or_green,0.323,0.235,ok
GRP-XHS-6a030f4b0000000007029560-04,6a030f4b0000000007029560,Dataset/xhs/xiaohongshu_images/机能风穿搭/6a030f4b0000000007029560/image_04.webp,#747461,#505139,olive,olive_or_green,0.3622,0.2382,ok
GRP-XHS-6a030f4b0000000007029560-05,6a030f4b0000000007029560,Dataset/xhs/xiaohongshu_images/机能风穿搭/6a030f4b0000000007029560/image_05.webp,#7D7D73,#676E45,gray,gray,0.3804,0.193,ok
GRP-XHS-6a030f4b0000000007029560-06,6a030f4b0000000007029560,Dataset/xhs/xiaohongshu_images/机能风穿搭/6a030f4b0000000007029560/image_06.webp,#404246,#AEA69F,gray,gray,0.3524,0.197,ok
GRP-XHS-69abcb250000000015030d20-01,69abcb250000000015030d20,Dataset/xhs/xiaohongshu_images/机能风穿搭/69abcb250000000015030d20/image_01.webp,#E1E1E0,#202123,white,white,0.5722,0.1372,ok
GRP-XHS-69abcb250000000015030d20-02,69abcb250000000015030d20,Dataset/xhs/xiaohongshu_images/机能风穿搭/69abcb250000000015030d20/image_02.webp,#E2E1E0,#445249,white,white,0.7972,0.0644,ok
GRP-XHS-69abcb250000000015030d20-03,69abcb250000000015030d20,Dataset/xhs/xiaohongshu_images/机能风穿搭/69abcb250000000015030d20/image_03.webp,#E1E1E1,#49584B,white,white,0.7572,0.0846,ok
GRP-XHS-69abcb250000000015030d20-04,69abcb250000000015030d20,Dataset/xhs/xiaohongshu_images/机能风穿搭/69abcb250000000015030d20/image_04.webp,#E5E5E5,#D8D8D7,white,white,0.4948,0.2908,ok
GRP-XHS-69abcb250000000015030d20-05,69abcb250000000015030d20,Dataset/xhs/xiaohongshu_images/机能风穿搭/69abcb250000000015030d20/image_05.webp,#E0E0E0,#1F1C1A,white,white,0.74,0.0842,ok
GRP-XHS-69abcb250000000015030d20-06,69abcb250000000015030d20,Dataset/xhs/xiaohongshu_images/机能风穿搭/69abcb250000000015030d20/image_06.webp,#E1E1E1,#222327,white,white,0.7862,0.103,ok
GRP-XHS-69abcb250000000015030d20-07,69abcb250000000015030d20,Dataset/xhs/xiaohongshu_images/机能风穿搭/69abcb250000000015030d20/image_07.webp,#E1E1E0,#171B1B,white,white,0.733,0.0908,ok
GRP-XHS-69abcb250000000015030d20-08,69abcb250000000015030d20,Dataset/xhs/xiaohongshu_images/机能风穿搭/69abcb250000000015030d20/image_08.webp,#E1E1E1,#434D4C,white,white,0.8086,0.0834,ok
GRP-XHS-69abcb250000000015030d20-09,69abcb250000000015030d20,Dataset/xhs/xiaohongshu_images/机能风穿搭/69abcb250000000015030d20/image_09.webp,#E1E1E1,#6C6A56,white,white,0.7676,0.0894,ok
GRP-XHS-69abcb250000000015030d20-10,69abcb250000000015030d20,Dataset/xhs/xiaohongshu_images/机能风穿搭/69abcb250000000015030d20/image_10.webp,#E1E1E1,#21242E,white,white,0.7422,0.1258,ok
GRP-XHS-69abcb250000000015030d20-11,69abcb250000000015030d20,Dataset/xhs/xiaohongshu_images/机能风穿搭/69abcb250000000015030d20/image_11.webp,#E3E3E3,#D1D0CE,white,white,0.5884,0.204,ok
GRP-XHS-69abcb250000000015030d20-12,69abcb250000000015030d20,Dataset/xhs/xiaohongshu_images/机能风穿搭/69abcb250000000015030d20/image_12.webp,#E5E5E5,#D8D8D8,white,white,0.4956,0.2666,ok
GRP-XHS-69abcb250000000015030d20-13,69abcb250000000015030d20,Dataset/xhs/xiaohongshu_images/机能风穿搭/69abcb250000000015030d20/image_13.webp,#E3E3E3,#D4D3D0,white,white,0.5906,0.1934,ok
GRP-XHS-684788cd0000000023016507-01,684788cd0000000023016507,Dataset/xhs/xiaohongshu_images/机能风穿搭/684788cd0000000023016507/image_01.webp,#202025,#EBEBEA,black,black,0.3894,0.2552,ok
GRP-XHS-684788cd0000000023016507-02,684788cd0000000023016507,Dataset/xhs/xiaohongshu_images/机能风穿搭/684788cd0000000023016507/image_02.webp,#ECECED,#1E1E23,white,white,0.2946,0.2848,ok
GRP-XHS-684788cd0000000023016507-03,684788cd0000000023016507,Dataset/xhs/xiaohongshu_images/机能风穿搭/684788cd0000000023016507/image_03.webp,#E7E6E5,#1F1F23,white,white,0.3514,0.3422,ok
GRP-XHS-684788cd0000000023016507-04,684788cd0000000023016507,Dataset/xhs/xiaohongshu_images/机能风穿搭/684788cd0000000023016507/image_04.webp,#F0F3F1,#191419,white,white,0.367,0.347,ok
GRP-XHS-686ba63900000000170307da-01,686ba63900000000170307da,Dataset/xhs/xiaohongshu_images/机能风穿搭/686ba63900000000170307da/image_01.webp,#C9C9C9,#908C8F,gray,gray,0.3694,0.1848,ok
GRP-XHS-686ba63900000000170307da-04,686ba63900000000170307da,Dataset/xhs/xiaohongshu_images/机能风穿搭/686ba63900000000170307da/image_04.webp,#C8C7C8,#26262D,gray,gray,0.3856,0.1834,ok
GRP-XHS-685bc77e00000000170363c7-01,685bc77e00000000170363c7,Dataset/xhs/xiaohongshu_images/机能风穿搭/685bc77e00000000170363c7/image_01.webp,#D9D9DD,#C6C7CB,white,white,0.4916,0.2092,ok
GRP-XHS-685bc77e00000000170363c7-02,685bc77e00000000170363c7,Dataset/xhs/xiaohongshu_images/机能风穿搭/685bc77e00000000170363c7/image_02.webp,#D5D5D9,#C2C4C7,white,white,0.4128,0.2598,ok
GRP-XHS-685bc77e00000000170363c7-03,685bc77e00000000170363c7,Dataset/xhs/xiaohongshu_images/机能风穿搭/685bc77e00000000170363c7/image_03.webp,#DBDBDF,#B1B1B0,white,white,0.5994,0.1454,ok
GRP-XHS-685bc77e00000000170363c7-04,685bc77e00000000170363c7,Dataset/xhs/xiaohongshu_images/机能风穿搭/685bc77e00000000170363c7/image_04.webp,#D4D3D8,#949592,white,white,0.4512,0.1952,ok
GRP-XHS-685bc77e00000000170363c7-05,685bc77e00000000170363c7,Dataset/xhs/xiaohongshu_images/机能风穿搭/685bc77e00000000170363c7/image_05.webp,#D5D4D9,#72726B,white,white,0.426,0.204,ok
GRP-XHS-685bc77e00000000170363c7-06,685bc77e00000000170363c7,Dataset/xhs/xiaohongshu_images/机能风穿搭/685bc77e00000000170363c7/image_06.webp,#D3D2D7,#BFC0C4,white,white,0.445,0.2328,ok
GRP-XHS-685bc77e00000000170363c7-07,685bc77e00000000170363c7,Dataset/xhs/xiaohongshu_images/机能风穿搭/685bc77e00000000170363c7/image_07.webp,#DADADE,#C9CBCF,white,white,0.548,0.336,ok
GRP-XHS-685bc77e00000000170363c7-08,685bc77e00000000170363c7,Dataset/xhs/xiaohongshu_images/机能风穿搭/685bc77e00000000170363c7/image_08.webp,#DBDBDF,#CCCED2,white,white,0.5208,0.358,ok
GRP-XHS-685bc77e00000000170363c7-11,685bc77e00000000170363c7,Dataset/xhs/xiaohongshu_images/机能风穿搭/685bc77e00000000170363c7/image_11.webp,#D9D9DD,#C9CBCF,white,white,0.5636,0.2928,ok
GRP-XHS-68bc2cca000000001d019e1a-01,68bc2cca000000001d019e1a,Dataset/xhs/xiaohongshu_images/机能风穿搭/68bc2cca000000001d019e1a/image_01.webp,#AEB1A6,#82857A,gray,gray,0.258,0.2198,ok
GRP-XHS-68bc2cca000000001d019e1a-02,68bc2cca000000001d019e1a,Dataset/xhs/xiaohongshu_images/机能风穿搭/68bc2cca000000001d019e1a/image_02.webp,#D9DBD4,#777D73,white,white,0.2364,0.2352,ok
GRP-XHS-68bc2cca000000001d019e1a-03,68bc2cca000000001d019e1a,Dataset/xhs/xiaohongshu_images/机能风穿搭/68bc2cca000000001d019e1a/image_03.webp,#81857B,#BABBB0,gray,gray,0.226,0.217,ok
GRP-XHS-68bc2cca000000001d019e1a-04,68bc2cca000000001d019e1a,Dataset/xhs/xiaohongshu_images/机能风穿搭/68bc2cca000000001d019e1a/image_04.webp,#C0C4BD,#90948C,gray,gray,0.3552,0.2336,ok
GRP-XHS-68bc2cca000000001d019e1a-05,68bc2cca000000001d019e1a,Dataset/xhs/xiaohongshu_images/机能风穿搭/68bc2cca000000001d019e1a/image_05.webp,#AEB2AB,#818379,gray,gray,0.3416,0.2292,ok
GRP-XHS-68bc2cca000000001d019e1a-06,68bc2cca000000001d019e1a,Dataset/xhs/xiaohongshu_images/机能风穿搭/68bc2cca000000001d019e1a/image_06.webp,#878C87,#ACB2AA,gray,gray,0.3386,0.2276,ok
GRP-XHS-68bc2cca000000001d019e1a-07,68bc2cca000000001d019e1a,Dataset/xhs/xiaohongshu_images/机能风穿搭/68bc2cca000000001d019e1a/image_07.webp,#6F746C,#A5A9A1,gray,gray,0.279,0.2426,ok
GRP-XHS-68bc2cca000000001d019e1a-08,68bc2cca000000001d019e1a,Dataset/xhs/xiaohongshu_images/机能风穿搭/68bc2cca000000001d019e1a/image_08.webp,#CED4D2,#ADB1AA,white,white,0.2924,0.2392,ok
GRP-XHS-68bc2cca000000001d019e1a-09,68bc2cca000000001d019e1a,Dataset/xhs/xiaohongshu_images/机能风穿搭/68bc2cca000000001d019e1a/image_09.webp,#CFD3CE,#82877E,white,white,0.2504,0.214,ok
GRP-XHS-68fb6cfb000000000702108e-01,68fb6cfb000000000702108e,Dataset/xhs/xiaohongshu_images/机能风穿搭/68fb6cfb000000000702108e/image_01.webp,#8A8D95,#A4A6B1,gray,gray,0.3742,0.2876,ok
GRP-XHS-68fb6cfb000000000702108e-03,68fb6cfb000000000702108e,Dataset/xhs/xiaohongshu_images/机能风穿搭/68fb6cfb000000000702108e/image_03.webp,#8D94A1,#ACAFBC,blue,blue,0.4578,0.2372,ok
GRP-XHS-68fb6cfb000000000702108e-04,68fb6cfb000000000702108e,Dataset/xhs/xiaohongshu_images/机能风穿搭/68fb6cfb000000000702108e/image_04.webp,#9EA3AE,#E2E6EC,gray,gray,0.3432,0.2394,ok
GRP-XHS-697744de000000002103eb17-01,697744de000000002103eb17,Dataset/xhs/xiaohongshu_images/机能风穿搭/697744de000000002103eb17/image_01.webp,#807E7A,#4E4F4F,gray,gray,0.3078,0.2688,ok
GRP-XHS-697744de000000002103eb17-02,697744de000000002103eb17,Dataset/xhs/xiaohongshu_images/机能风穿搭/697744de000000002103eb17/image_02.webp,#353436,#CCC5B5,gray,gray,0.2398,0.217,ok
GRP-XHS-697744de000000002103eb17-03,697744de000000002103eb17,Dataset/xhs/xiaohongshu_images/机能风穿搭/697744de000000002103eb17/image_03.webp,#211F1B,#524A3E,black,black,0.3734,0.2888,ok
GRP-XHS-697744de000000002103eb17-04,697744de000000002103eb17,Dataset/xhs/xiaohongshu_images/机能风穿搭/697744de000000002103eb17/image_04.webp,#484D55,#9B9A96,blue,blue,0.2774,0.2462,ok
GRP-XHS-697744de000000002103eb17-05,697744de000000002103eb17,Dataset/xhs/xiaohongshu_images/机能风穿搭/697744de000000002103eb17/image_05.webp,#414748,#171716,gray,gray,0.3978,0.233,ok
GRP-XHS-697744de000000002103eb17-06,697744de000000002103eb17,Dataset/xhs/xiaohongshu_images/机能风穿搭/697744de000000002103eb17/image_06.webp,#635F5D,#373739,gray,gray,0.3054,0.2112,ok
GRP-XHS-697744de000000002103eb17-07,697744de000000002103eb17,Dataset/xhs/xiaohongshu_images/机能风穿搭/697744de000000002103eb17/image_07.webp,#727274,#505052,gray,gray,0.298,0.2346,ok
GRP-XHS-6863e5b5000000001202f410-01,6863e5b5000000001202f410,Dataset/xhs/xiaohongshu_images/机能风穿搭/6863e5b5000000001202f410/image_01.webp,#668230,#C8D4E0,yellow green,olive_or_green,0.3732,0.2242,ok
GRP-XHS-6863e5b5000000001202f410-01,6863e5b5000000001202f410,Dataset/xhs/xiaohongshu_images/Gorpcore/6863e5b5000000001202f410/image_01.webp,#668230,#C8D4E0,yellow green,olive_or_green,0.3732,0.2242,ok
GRP-XHS-6863e5b5000000001202f410-02,6863e5b5000000001202f410,Dataset/xhs/xiaohongshu_images/机能风穿搭/6863e5b5000000001202f410/image_02.webp,#709034,#1E2B1D,yellow green,olive_or_green,0.2952,0.22,ok
GRP-XHS-6863e5b5000000001202f410-02,6863e5b5000000001202f410,Dataset/xhs/xiaohongshu_images/Gorpcore/6863e5b5000000001202f410/image_02.webp,#709034,#1E2B1D,yellow green,olive_or_green,0.2952,0.22,ok
GRP-XHS-6863e5b5000000001202f410-04,6863e5b5000000001202f410,Dataset/xhs/xiaohongshu_images/机能风穿搭/6863e5b5000000001202f410/image_04.webp,#889F4F,#384436,yellow green,olive_or_green,0.286,0.2054,ok
GRP-XHS-6863e5b5000000001202f410-04,6863e5b5000000001202f410,Dataset/xhs/xiaohongshu_images/Gorpcore/6863e5b5000000001202f410/image_04.webp,#889F4F,#384436,yellow green,olive_or_green,0.286,0.2054,ok
GRP-XHS-6863e5b5000000001202f410-05,6863e5b5000000001202f410,Dataset/xhs/xiaohongshu_images/机能风穿搭/6863e5b5000000001202f410/image_05.webp,#819F41,#2F3935,yellow green,olive_or_green,0.411,0.2342,ok
GRP-XHS-6863e5b5000000001202f410-05,6863e5b5000000001202f410,Dataset/xhs/xiaohongshu_images/Gorpcore/6863e5b5000000001202f410/image_05.webp,#819F41,#2F3935,yellow green,olive_or_green,0.411,0.2342,ok
GRP-XHS-6863e5b5000000001202f410-06,6863e5b5000000001202f410,Dataset/xhs/xiaohongshu_images/机能风穿搭/6863e5b5000000001202f410/image_06.webp,#506920,#718B34,yellow green,olive_or_green,0.4302,0.3204,ok
GRP-XHS-6863e5b5000000001202f410-06,6863e5b5000000001202f410,Dataset/xhs/xiaohongshu_images/Gorpcore/6863e5b5000000001202f410/image_06.webp,#506920,#718B34,yellow green,olive_or_green,0.4302,0.3204,ok
GRP-XHS-6863e5b5000000001202f410-07,6863e5b5000000001202f410,Dataset/xhs/xiaohongshu_images/机能风穿搭/6863e5b5000000001202f410/image_07.webp,#84A547,#202D27,yellow green,olive_or_green,0.3782,0.215,ok
GRP-XHS-6863e5b5000000001202f410-07,6863e5b5000000001202f410,Dataset/xhs/xiaohongshu_images/Gorpcore/6863e5b5000000001202f410/image_07.webp,#84A547,#202D27,yellow green,olive_or_green,0.3782,0.215,ok
GRP-XHS-6863e5b5000000001202f410-08,6863e5b5000000001202f410,Dataset/xhs/xiaohongshu_images/机能风穿搭/6863e5b5000000001202f410/image_08.webp,#1C2817,#84AA35,black,black,0.2742,0.222,ok
GRP-XHS-6863e5b5000000001202f410-08,6863e5b5000000001202f410,Dataset/xhs/xiaohongshu_images/Gorpcore/6863e5b5000000001202f410/image_08.webp,#1C2817,#84AA35,black,black,0.2742,0.222,ok
GRP-XHS-6863e5b5000000001202f410-09,6863e5b5000000001202f410,Dataset/xhs/xiaohongshu_images/机能风穿搭/6863e5b5000000001202f410/image_09.webp,#647628,#808F3A,yellow green,olive_or_green,0.395,0.2954,ok
GRP-XHS-6863e5b5000000001202f410-09,6863e5b5000000001202f410,Dataset/xhs/xiaohongshu_images/Gorpcore/6863e5b5000000001202f410/image_09.webp,#647628,#808F3A,yellow green,olive_or_green,0.395,0.2954,ok
GRP-XHS-69fd4d5b000000002300483c-01,69fd4d5b000000002300483c,Dataset/xhs/xiaohongshu_images/机能风穿搭/69fd4d5b000000002300483c/image_01.webp,#FEFEFE,#242829,white,white,0.6094,0.1346,ok
GRP-XHS-69fd4d5b000000002300483c-02,69fd4d5b000000002300483c,Dataset/xhs/xiaohongshu_images/机能风穿搭/69fd4d5b000000002300483c/image_02.webp,#FFFFFF,#161B1C,white,white,0.664,0.199,ok
GRP-XHS-69fd4d5b000000002300483c-03,69fd4d5b000000002300483c,Dataset/xhs/xiaohongshu_images/机能风穿搭/69fd4d5b000000002300483c/image_03.webp,#FFFFFF,#161A1E,white,white,0.6478,0.1572,ok
GRP-XHS-68fdcb200000000004004f3d-01,68fdcb200000000004004f3d,Dataset/xhs/xiaohongshu_images/机能风穿搭/68fdcb200000000004004f3d/image_01.webp,#FFFFFF,#191C21,white,white,0.3424,0.1862,ok
GRP-XHS-68fdcb200000000004004f3d-02,68fdcb200000000004004f3d,Dataset/xhs/xiaohongshu_images/机能风穿搭/68fdcb200000000004004f3d/image_02.webp,#FEFEFE,#1B1E25,white,white,0.3268,0.202,ok
GRP-XHS-69fe30280000000036019935-01,69fe30280000000036019935,Dataset/xhs/xiaohongshu_images/机能风穿搭/69fe30280000000036019935/image_01.webp,#F8F8F8,#EBEAEB,white,white,0.659,0.1694,ok
GRP-XHS-69fe30280000000036019935-02,69fe30280000000036019935,Dataset/xhs/xiaohongshu_images/机能风穿搭/69fe30280000000036019935/image_02.webp,#FAF9FA,#060608,white,white,0.7766,0.1502,ok
GRP-XHS-685413a90000000012016c9b-01,685413a90000000012016c9b,Dataset/xhs/xiaohongshu_images/机能风穿搭/685413a90000000012016c9b/image_01.webp,#060404,#2F2A28,black,black,0.3946,0.1838,ok
GRP-XHS-68ccce0f0000000013007a4b-01,68ccce0f0000000013007a4b,Dataset/xhs/xiaohongshu_images/机能风穿搭/68ccce0f0000000013007a4b/image_01.webp,#F2F1F0,#423D3E,white,white,0.6338,0.0972,ok
GRP-XHS-68ccce0f0000000013007a4b-02,68ccce0f0000000013007a4b,Dataset/xhs/xiaohongshu_images/机能风穿搭/68ccce0f0000000013007a4b/image_02.webp,#F6F6F6,#9E8B77,white,white,0.7924,0.0728,ok
GRP-XHS-68ccce0f0000000013007a4b-03,68ccce0f0000000013007a4b,Dataset/xhs/xiaohongshu_images/机能风穿搭/68ccce0f0000000013007a4b/image_03.webp,#F3F3F2,#C9C4BE,white,white,0.7964,0.0594,ok
GRP-XHS-68ccce0f0000000013007a4b-04,68ccce0f0000000013007a4b,Dataset/xhs/xiaohongshu_images/机能风穿搭/68ccce0f0000000013007a4b/image_04.webp,#F4F3F2,#D6CBC1,white,white,0.747,0.0852,ok
GRP-XHS-68ccce0f0000000013007a4b-05,68ccce0f0000000013007a4b,Dataset/xhs/xiaohongshu_images/机能风穿搭/68ccce0f0000000013007a4b/image_05.webp,#FFFFFE,#17191C,white,white,0.796,0.0966,ok
GRP-XHS-68ccce0f0000000013007a4b-07,68ccce0f0000000013007a4b,Dataset/xhs/xiaohongshu_images/机能风穿搭/68ccce0f0000000013007a4b/image_07.webp,#EFEFEF,#CAC3BF,white,white,0.8154,0.0626,ok
GRP-XHS-69f84380000000003501ef4f-01,69f84380000000003501ef4f,Dataset/xhs/xiaohongshu_images/机能风穿搭/69f84380000000003501ef4f/image_01.webp,#1B1A1B,#E2EAE8,black,black,0.3166,0.217,ok
GRP-XHS-69f84380000000003501ef4f-02,69f84380000000003501ef4f,Dataset/xhs/xiaohongshu_images/机能风穿搭/69f84380000000003501ef4f/image_02.webp,#131314,#414147,black,black,0.3168,0.279,ok
GRP-XHS-69f84380000000003501ef4f-03,69f84380000000003501ef4f,Dataset/xhs/xiaohongshu_images/机能风穿搭/69f84380000000003501ef4f/image_03.webp,#141820,#877870,black,black,0.341,0.1986,ok
GRP-XHS-684bd329000000002100aac3-01,684bd329000000002100aac3,Dataset/xhs/xiaohongshu_images/机能风穿搭/684bd329000000002100aac3/image_01.webp,#FCFCFD,#2C2E36,white,white,0.3858,0.1704,ok
GRP-XHS-684bd329000000002100aac3-02,684bd329000000002100aac3,Dataset/xhs/xiaohongshu_images/机能风穿搭/684bd329000000002100aac3/image_02.webp,#FEFDFD,#292625,white,white,0.3178,0.2342,ok
GRP-XHS-684bd329000000002100aac3-03,684bd329000000002100aac3,Dataset/xhs/xiaohongshu_images/机能风穿搭/684bd329000000002100aac3/image_03.webp,#FDFEFE,#D6DADC,white,white,0.3088,0.3086,ok
GRP-XHS-684bd329000000002100aac3-04,684bd329000000002100aac3,Dataset/xhs/xiaohongshu_images/机能风穿搭/684bd329000000002100aac3/image_04.webp,#FEFEFD,#D0C9C5,white,white,0.3296,0.2186,ok
GRP-XHS-684bd329000000002100aac3-05,684bd329000000002100aac3,Dataset/xhs/xiaohongshu_images/机能风穿搭/684bd329000000002100aac3/image_05.webp,#D4CEC4,#FEFEFE,white,white,0.3746,0.3016,ok
GRP-XHS-693ff373000000001e011f3e-01,693ff373000000001e011f3e,Dataset/xhs/xiaohongshu_images/机能风穿搭/693ff373000000001e011f3e/image_01.webp,#343138,#B3AEAA,purple,purple,0.2894,0.2088,ok
GRP-XHS-69130db200000000030388ad-01,69130db200000000030388ad,Dataset/xhs/xiaohongshu_images/机能风穿搭/69130db200000000030388ad/image_01.webp,#E2E4E9,#DDDFE1,white,white,0.6346,0.1968,ok
GRP-XHS-69130db200000000030388ad-02,69130db200000000030388ad,Dataset/xhs/xiaohongshu_images/机能风穿搭/69130db200000000030388ad/image_02.webp,#E3E5EA,#CACDD9,white,white,0.7686,0.1406,ok
GRP-XHS-69130db200000000030388ad-03,69130db200000000030388ad,Dataset/xhs/xiaohongshu_images/机能风穿搭/69130db200000000030388ad/image_03.webp,#E6E8EC,#E0E2E5,white,white,0.4398,0.4276,ok
GRP-XHS-69130db200000000030388ad-04,69130db200000000030388ad,Dataset/xhs/xiaohongshu_images/机能风穿搭/69130db200000000030388ad/image_04.webp,#E1E3E7,#CCCCD4,white,white,0.7988,0.091,ok
GRP-XHS-69130db200000000030388ad-05,69130db200000000030388ad,Dataset/xhs/xiaohongshu_images/机能风穿搭/69130db200000000030388ad/image_05.webp,#DEE1E5,#EBEEF0,white,white,0.751,0.1096,ok
GRP-XHS-69130db200000000030388ad-06,69130db200000000030388ad,Dataset/xhs/xiaohongshu_images/机能风穿搭/69130db200000000030388ad/image_06.webp,#E3E5E8,#D7DADF,white,white,0.79,0.1002,ok
GRP-XHS-6a0dc98300000000070133ba-01,6a0dc98300000000070133ba,Dataset/xhs/xiaohongshu_images/机能风穿搭/6a0dc98300000000070133ba/image_01.webp,#0B0E12,#384654,black,black,0.4622,0.2078,ok
GRP-XHS-6a0dc98300000000070133ba-02,6a0dc98300000000070133ba,Dataset/xhs/xiaohongshu_images/机能风穿搭/6a0dc98300000000070133ba/image_02.webp,#070A0D,#202F3B,black,black,0.425,0.187,ok
GRP-XHS-6a0dc98300000000070133ba-03,6a0dc98300000000070133ba,Dataset/xhs/xiaohongshu_images/机能风穿搭/6a0dc98300000000070133ba/image_03.webp,#090E12,#3F4C56,black,black,0.3938,0.2034,ok
GRP-XHS-6a0dc98300000000070133ba-05,6a0dc98300000000070133ba,Dataset/xhs/xiaohongshu_images/机能风穿搭/6a0dc98300000000070133ba/image_05.webp,#080A0D,#252C32,black,black,0.3792,0.229,ok
GRP-XHS-6917141b0000000004000ab4-01,6917141b0000000004000ab4,Dataset/xhs/xiaohongshu_images/机能风穿搭/6917141b0000000004000ab4/image_01.webp,#13182B,#182E5B,black,black,0.406,0.3838,ok
GRP-XHS-6917141b0000000004000ab4-02,6917141b0000000004000ab4,Dataset/xhs/xiaohongshu_images/机能风穿搭/6917141b0000000004000ab4/image_02.webp,#06141E,#102638,black,black,0.3264,0.2886,ok
GRP-XHS-68a328a7000000001c004504-01,68a328a7000000001c004504,Dataset/xhs/xiaohongshu_images/机能风穿搭/68a328a7000000001c004504/image_01.webp,#1E1F23,#D9DAD9,black,black,0.3022,0.2136,ok
GRP-XHS-69f054a8000000001f0002b0-01,69f054a8000000001f0002b0,Dataset/xhs/xiaohongshu_images/机能风穿搭/69f054a8000000001f0002b0/image_01.webp,#D3D2CA,#B7B1A6,white,white,0.31,0.2586,ok
GRP-XHS-69f054a8000000001f0002b0-02,69f054a8000000001f0002b0,Dataset/xhs/xiaohongshu_images/机能风穿搭/69f054a8000000001f0002b0/image_02.webp,#A28268,#C0A48E,orange,red_or_orange,0.3188,0.2636,ok
GRP-XHS-69f054a8000000001f0002b0-03,69f054a8000000001f0002b0,Dataset/xhs/xiaohongshu_images/机能风穿搭/69f054a8000000001f0002b0/image_03.webp,#C5BEB2,#958779,gray,gray,0.354,0.2928,ok
GRP-XHS-69f054a8000000001f0002b0-04,69f054a8000000001f0002b0,Dataset/xhs/xiaohongshu_images/机能风穿搭/69f054a8000000001f0002b0/image_04.webp,#D5B9A0,#A9866B,orange,red_or_orange,0.3854,0.3288,ok
GRP-XHS-69f054a8000000001f0002b0-06,69f054a8000000001f0002b0,Dataset/xhs/xiaohongshu_images/机能风穿搭/69f054a8000000001f0002b0/image_06.webp,#D2B499,#AA927E,orange,red_or_orange,0.3348,0.239,ok
GRP-XHS-69f054a8000000001f0002b0-07,69f054a8000000001f0002b0,Dataset/xhs/xiaohongshu_images/机能风穿搭/69f054a8000000001f0002b0/image_07.webp,#D8D6CF,#BAB2A6,white,white,0.2984,0.27,ok
GRP-XHS-69f054a8000000001f0002b0-08,69f054a8000000001f0002b0,Dataset/xhs/xiaohongshu_images/机能风穿搭/69f054a8000000001f0002b0/image_08.webp,#A5866C,#CEAF93,orange,red_or_orange,0.3394,0.3012,ok
GRP-XHS-69f054a8000000001f0002b0-10,69f054a8000000001f0002b0,Dataset/xhs/xiaohongshu_images/机能风穿搭/69f054a8000000001f0002b0/image_10.webp,#786051,#554032,orange,red_or_orange,0.2758,0.2388,ok
GRP-XHS-69aa29ee0000000023039968-01,69aa29ee0000000023039968,Dataset/xhs/xiaohongshu_images/机能风穿搭/69aa29ee0000000023039968/image_01.webp,#B2B0AA,#CED1D3,gray,gray,0.3728,0.284,ok
GRP-XHS-69aa29ee0000000023039968-02,69aa29ee0000000023039968,Dataset/xhs/xiaohongshu_images/机能风穿搭/69aa29ee0000000023039968/image_02.webp,#BDBAB4,#A4A59D,gray,gray,0.3584,0.317,ok
GRP-XHS-69aa29ee0000000023039968-03,69aa29ee0000000023039968,Dataset/xhs/xiaohongshu_images/机能风穿搭/69aa29ee0000000023039968/image_03.webp,#BFC3C7,#D6DADF,gray,gray,0.3582,0.3484,ok
GRP-XHS-693a84ad000000001e00c2bf-01,693a84ad000000001e00c2bf,Dataset/xhs/xiaohongshu_images/机能风穿搭/693a84ad000000001e00c2bf/image_01.webp,#AEB6BE,#8D959B,gray,gray,0.4384,0.1968,ok
GRP-XHS-693a84ad000000001e00c2bf-03,693a84ad000000001e00c2bf,Dataset/xhs/xiaohongshu_images/机能风穿搭/693a84ad000000001e00c2bf/image_03.webp,#E5E6E6,#C4BFB3,white,white,0.57,0.2596,ok
GRP-XHS-693a84ad000000001e00c2bf-04,693a84ad000000001e00c2bf,Dataset/xhs/xiaohongshu_images/机能风穿搭/693a84ad000000001e00c2bf/image_04.webp,#CBCED9,#AEB0BC,white,white,0.3256,0.2958,ok
GRP-XHS-693a84ad000000001e00c2bf-05,693a84ad000000001e00c2bf,Dataset/xhs/xiaohongshu_images/机能风穿搭/693a84ad000000001e00c2bf/image_05.webp,#83919A,#A3AAB1,blue,blue,0.6394,0.24,ok
GRP-XHS-693a84ad000000001e00c2bf-06,693a84ad000000001e00c2bf,Dataset/xhs/xiaohongshu_images/机能风穿搭/693a84ad000000001e00c2bf/image_06.webp,#9FA9B3,#B8C0C6,gray,gray,0.565,0.2106,ok
GRP-XHS-693a84ad000000001e00c2bf-07,693a84ad000000001e00c2bf,Dataset/xhs/xiaohongshu_images/机能风穿搭/693a84ad000000001e00c2bf/image_07.webp,#98A7B2,#B7BFC6,blue,blue,0.5572,0.2936,ok
GRP-XHS-68c19517000000001d03874b-01,68c19517000000001d03874b,Dataset/xhs/xiaohongshu_images/机能风穿搭/68c19517000000001d03874b/image_01.webp,#1E1B1B,#CDD4D7,black,black,0.2434,0.2072,ok
GRP-XHS-6a05825d000000000702b197-01,6a05825d000000000702b197,Dataset/xhs/xiaohongshu_images/机能风穿搭/6a05825d000000000702b197/image_01.webp,#D3D3DB,#F8F7FA,white,white,0.3188,0.289,ok
GRP-XHS-6a05825d000000000702b197-02,6a05825d000000000702b197,Dataset/xhs/xiaohongshu_images/机能风穿搭/6a05825d000000000702b197/image_02.webp,#D4D6DF,#C6C8D1,white,white,0.4878,0.3024,ok
GRP-XHS-6a05825d000000000702b197-03,6a05825d000000000702b197,Dataset/xhs/xiaohongshu_images/机能风穿搭/6a05825d000000000702b197/image_03.webp,#FDFDFD,#1F1E25,white,white,0.5236,0.274,ok
GRP-XHS-6a05825d000000000702b197-04,6a05825d000000000702b197,Dataset/xhs/xiaohongshu_images/机能风穿搭/6a05825d000000000702b197/image_04.webp,#F7F6F9,#1B1B25,white,white,0.726,0.1108,ok
GRP-XHS-6a00ae370000000006021063-01,6a00ae370000000006021063,Dataset/xhs/xiaohongshu_images/机能风穿搭/6a00ae370000000006021063/image_01.webp,#F0E3CE,#8F7B65,khaki,khaki_or_beige,0.3336,0.204,ok
GRP-XHS-6a0b15450000000038037235-01,6a0b15450000000038037235,Dataset/xhs/xiaohongshu_images/机能风穿搭/6a0b15450000000038037235/image_01.webp,#64543F,#9F7D55,brown,brown,0.3482,0.3388,ok
GRP-XHS-6a0b15450000000038037235-02,6a0b15450000000038037235,Dataset/xhs/xiaohongshu_images/机能风穿搭/6a0b15450000000038037235/image_02.webp,#3C445A,#6D6E75,blue,blue,0.2594,0.2082,ok
GRP-XHS-6a0b15450000000038037235-03,6a0b15450000000038037235,Dataset/xhs/xiaohongshu_images/机能风穿搭/6a0b15450000000038037235/image_03.webp,#A4917E,#454C5B,orange,red_or_orange,0.281,0.1886,ok
GRP-XHS-68bea965000000001d03b803-01,68bea965000000001d03b803,Dataset/xhs/xiaohongshu_images/机能风穿搭/68bea965000000001d03b803/image_01.webp,#968C7D,#5F5B59,khaki,khaki_or_beige,0.3144,0.2742,ok
GRP-XHS-68bea965000000001d03b803-02,68bea965000000001d03b803,Dataset/xhs/xiaohongshu_images/机能风穿搭/68bea965000000001d03b803/image_02.webp,#948774,#6C5F52,khaki,khaki_or_beige,0.3232,0.2224,ok
GRP-XHS-6a104136000000003601bfaf-01,6a104136000000003601bfaf,Dataset/xhs/xiaohongshu_images/机能风穿搭/6a104136000000003601bfaf/image_01.webp,#CAC0B7,#A59F9A,gray,gray,0.3372,0.1798,ok
GRP-XHS-6a104136000000003601bfaf-02,6a104136000000003601bfaf,Dataset/xhs/xiaohongshu_images/机能风穿搭/6a104136000000003601bfaf/image_02.webp,#79845F,#424F3E,olive,olive_or_green,0.2978,0.2722,ok
GRP-XHS-6a104136000000003601bfaf-03,6a104136000000003601bfaf,Dataset/xhs/xiaohongshu_images/机能风穿搭/6a104136000000003601bfaf/image_03.webp,#B0A89D,#8D887C,gray,gray,0.312,0.2306,ok
GRP-XHS-6a104136000000003601bfaf-04,6a104136000000003601bfaf,Dataset/xhs/xiaohongshu_images/机能风穿搭/6a104136000000003601bfaf/image_04.webp,#1D2012,#78725F,black,black,0.2614,0.2178,ok
GRP-XHS-6a104136000000003601bfaf-05,6a104136000000003601bfaf,Dataset/xhs/xiaohongshu_images/机能风穿搭/6a104136000000003601bfaf/image_05.webp,#635C4B,#97866E,brown,brown,0.3032,0.2388,ok
GRP-XHS-6a104136000000003601bfaf-06,6a104136000000003601bfaf,Dataset/xhs/xiaohongshu_images/机能风穿搭/6a104136000000003601bfaf/image_06.webp,#BAB1A8,#292224,gray,gray,0.32,0.2762,ok
GRP-XHS-6a104136000000003601bfaf-07,6a104136000000003601bfaf,Dataset/xhs/xiaohongshu_images/机能风穿搭/6a104136000000003601bfaf/image_07.webp,#DABCA2,#74706E,orange,red_or_orange,0.244,0.2412,ok
GRP-XHS-6a104136000000003601bfaf-08,6a104136000000003601bfaf,Dataset/xhs/xiaohongshu_images/机能风穿搭/6a104136000000003601bfaf/image_08.webp,#E0C7AE,#998375,orange,red_or_orange,0.3044,0.2212,ok
GRP-XHS-68b915e3000000001d006f2e-01,68b915e3000000001d006f2e,Dataset/xhs/xiaohongshu_images/机能风穿搭/68b915e3000000001d006f2e/image_01.webp,#F3F4F5,#D6D6D4,white,white,0.6688,0.1486,ok
GRP-XHS-68b915e3000000001d006f2e-02,68b915e3000000001d006f2e,Dataset/xhs/xiaohongshu_images/机能风穿搭/68b915e3000000001d006f2e/image_02.webp,#F5F6F8,#1B1D20,white,white,0.4496,0.2246,ok
GRP-XHS-68b915e3000000001d006f2e-03,68b915e3000000001d006f2e,Dataset/xhs/xiaohongshu_images/机能风穿搭/68b915e3000000001d006f2e/image_03.webp,#E0E0E0,#1E1E21,white,white,0.768,0.0864,ok
GRP-XHS-68b915e3000000001d006f2e-04,68b915e3000000001d006f2e,Dataset/xhs/xiaohongshu_images/机能风穿搭/68b915e3000000001d006f2e/image_04.webp,#B3B3B2,#A7A7A5,gray,gray,0.458,0.4262,ok
GRP-XHS-68b063df000000001d01d584-01,68b063df000000001d01d584,Dataset/xhs/xiaohongshu_images/机能风穿搭/68b063df000000001d01d584/image_01.webp,#A3A2A1,#E6E6E6,gray,gray,0.2488,0.23,ok
GRP-XHS-68b063df000000001d01d584-02,68b063df000000001d01d584,Dataset/xhs/xiaohongshu_images/机能风穿搭/68b063df000000001d01d584/image_02.webp,#ACACAA,#D6D8D7,gray,gray,0.383,0.2092,ok
GRP-XHS-68b063df000000001d01d584-03,68b063df000000001d01d584,Dataset/xhs/xiaohongshu_images/机能风穿搭/68b063df000000001d01d584/image_03.webp,#EFF0F1,#C7C9CB,white,white,0.3226,0.2594,ok
GRP-XHS-68b063df000000001d01d584-04,68b063df000000001d01d584,Dataset/xhs/xiaohongshu_images/机能风穿搭/68b063df000000001d01d584/image_04.webp,#F1F2F2,#CDCAC9,white,white,0.3886,0.2658,ok
GRP-XHS-68b063df000000001d01d584-05,68b063df000000001d01d584,Dataset/xhs/xiaohongshu_images/机能风穿搭/68b063df000000001d01d584/image_05.webp,#E8E8E8,#C4C4C2,white,white,0.6316,0.142,ok
GRP-XHS-68b063df000000001d01d584-06,68b063df000000001d01d584,Dataset/xhs/xiaohongshu_images/机能风穿搭/68b063df000000001d01d584/image_06.webp,#E4E4E4,#C3C3C3,white,white,0.6296,0.1548,ok
GRP-XHS-68b063df000000001d01d584-07,68b063df000000001d01d584,Dataset/xhs/xiaohongshu_images/机能风穿搭/68b063df000000001d01d584/image_07.webp,#ECEDEE,#C2C2C2,white,white,0.3672,0.2706,ok
GRP-XHS-68b063df000000001d01d584-08,68b063df000000001d01d584,Dataset/xhs/xiaohongshu_images/机能风穿搭/68b063df000000001d01d584/image_08.webp,#B2B1B0,#90908E,gray,gray,0.3728,0.2022,ok
GRP-XHS-68b063df000000001d01d584-09,68b063df000000001d01d584,Dataset/xhs/xiaohongshu_images/机能风穿搭/68b063df000000001d01d584/image_09.webp,#F5F5F6,#D9DADB,white,white,0.413,0.2786,ok
GRP-XHS-68b063df000000001d01d584-11,68b063df000000001d01d584,Dataset/xhs/xiaohongshu_images/机能风穿搭/68b063df000000001d01d584/image_11.webp,#F5F6F6,#D6D7D8,white,white,0.4446,0.3118,ok
GRP-XHS-68b063df000000001d01d584-14,68b063df000000001d01d584,Dataset/xhs/xiaohongshu_images/机能风穿搭/68b063df000000001d01d584/image_14.webp,#F7F7F7,#DDDEDF,white,white,0.4322,0.3058,ok
GRP-XHS-68b063df000000001d01d584-15,68b063df000000001d01d584,Dataset/xhs/xiaohongshu_images/机能风穿搭/68b063df000000001d01d584/image_15.webp,#F4F4F5,#989795,white,white,0.3274,0.2038,ok
GRP-XHS-68afb216000000001c013882-01,68afb216000000001c013882,Dataset/xhs/xiaohongshu_images/机能风穿搭/68afb216000000001c013882/image_01.webp,#6A6659,#47443A,brown,brown,0.3034,0.242,ok
GRP-XHS-68afb216000000001c013882-02,68afb216000000001c013882,Dataset/xhs/xiaohongshu_images/机能风穿搭/68afb216000000001c013882/image_02.webp,#605B4D,#3C3A2F,brown,brown,0.3172,0.2646,ok
GRP-XHS-68afb216000000001c013882-03,68afb216000000001c013882,Dataset/xhs/xiaohongshu_images/机能风穿搭/68afb216000000001c013882/image_03.webp,#5D5C54,#32342F,gray,gray,0.4314,0.23,ok
GRP-XHS-6846cf5a0000000022035d51-01,6846cf5a0000000022035d51,Dataset/xhs/xiaohongshu_images/机能风穿搭/6846cf5a0000000022035d51/image_01.webp,#1E252E,#404349,blue,blue,0.4266,0.2064,ok
GRP-XHS-6846cf5a0000000022035d51-02,6846cf5a0000000022035d51,Dataset/xhs/xiaohongshu_images/机能风穿搭/6846cf5a0000000022035d51/image_02.webp,#303A39,#161F1C,blue,blue,0.4,0.3206,ok
GRP-XHS-69950c88000000001d012fef-01,69950c88000000001d012fef,Dataset/xhs/xiaohongshu_images/机能风穿搭/69950c88000000001d012fef/image_01.webp,#010000,#CBCDD3,black,black,0.4702,0.3002,ok
GRP-XHS-69fda804000000001e00d51b-01,69fda804000000001e00d51b,Dataset/xhs/xiaohongshu_images/机能风穿搭/69fda804000000001e00d51b/image_01.webp,#13130F,#524C41,black,black,0.367,0.214,ok
GRP-XHS-69fda804000000001e00d51b-02,69fda804000000001e00d51b,Dataset/xhs/xiaohongshu_images/机能风穿搭/69fda804000000001e00d51b/image_02.webp,#1E1E1D,#3F3D39,black,black,0.3434,0.3102,ok
GRP-XHS-69fda804000000001e00d51b-03,69fda804000000001e00d51b,Dataset/xhs/xiaohongshu_images/机能风穿搭/69fda804000000001e00d51b/image_03.webp,#1D1E1C,#43423B,black,black,0.4694,0.2926,ok
GRP-XHS-69300d92000000001b03083b-01,69300d92000000001b03083b,Dataset/xhs/xiaohongshu_images/机能风穿搭/69300d92000000001b03083b/image_01.webp,#CDCECF,#1C1E1E,gray,gray,0.3418,0.2966,ok
GRP-XHS-69300d92000000001b03083b-02,69300d92000000001b03083b,Dataset/xhs/xiaohongshu_images/机能风穿搭/69300d92000000001b03083b/image_02.webp,#B1B5B5,#161B1C,gray,gray,0.4602,0.296,ok
GRP-XHS-69300d92000000001b03083b-03,69300d92000000001b03083b,Dataset/xhs/xiaohongshu_images/机能风穿搭/69300d92000000001b03083b/image_03.webp,#A9A9A9,#959491,gray,gray,0.4998,0.3314,ok
GRP-XHS-69300d92000000001b03083b-04,69300d92000000001b03083b,Dataset/xhs/xiaohongshu_images/机能风穿搭/69300d92000000001b03083b/image_04.webp,#CCCDCD,#1E2020,gray,gray,0.4652,0.2216,ok
GRP-XHS-69300d92000000001b03083b-05,69300d92000000001b03083b,Dataset/xhs/xiaohongshu_images/机能风穿搭/69300d92000000001b03083b/image_05.webp,#ACACAC,#181817,gray,gray,0.3842,0.3146,ok
GRP-XHS-69300d92000000001b03083b-06,69300d92000000001b03083b,Dataset/xhs/xiaohongshu_images/机能风穿搭/69300d92000000001b03083b/image_06.webp,#A8A8A8,#9C9B98,gray,gray,0.3768,0.288,ok
GRP-XHS-69300d92000000001b03083b-07,69300d92000000001b03083b,Dataset/xhs/xiaohongshu_images/机能风穿搭/69300d92000000001b03083b/image_07.webp,#A2A2A2,#151918,gray,gray,0.3908,0.303,ok
GRP-XHS-69300d92000000001b03083b-08,69300d92000000001b03083b,Dataset/xhs/xiaohongshu_images/机能风穿搭/69300d92000000001b03083b/image_08.webp,#AAAAAA,#9D9C99,gray,gray,0.2812,0.2654,ok
GRP-XHS-69300d92000000001b03083b-09,69300d92000000001b03083b,Dataset/xhs/xiaohongshu_images/机能风穿搭/69300d92000000001b03083b/image_09.webp,#908D8A,#0E0F0E,gray,gray,0.307,0.2928,ok
GRP-XHS-69300d92000000001b03083b-10,69300d92000000001b03083b,Dataset/xhs/xiaohongshu_images/机能风穿搭/69300d92000000001b03083b/image_10.webp,#111110,#9A9996,black,black,0.3216,0.294,ok
GRP-XHS-68fd74df000000000301809d-01,68fd74df000000000301809d,Dataset/xhs/xiaohongshu_images/机能风穿搭/68fd74df000000000301809d/image_01.webp,#3C848D,#1A6977,blue,blue,0.4054,0.3182,ok
GRP-XHS-68fd74df000000000301809d-02,68fd74df000000000301809d,Dataset/xhs/xiaohongshu_images/机能风穿搭/68fd74df000000000301809d/image_02.webp,#448992,#1C6977,blue,blue,0.365,0.2116,ok
GRP-XHS-68fd74df000000000301809d-03,68fd74df000000000301809d,Dataset/xhs/xiaohongshu_images/机能风穿搭/68fd74df000000000301809d/image_03.webp,#428891,#222521,blue,blue,0.2962,0.2644,ok
GRP-XHS-68fd74df000000000301809d-04,68fd74df000000000301809d,Dataset/xhs/xiaohongshu_images/机能风穿搭/68fd74df000000000301809d/image_04.webp,#448991,#262824,blue,blue,0.3332,0.2596,ok
GRP-XHS-68fd74df000000000301809d-05,68fd74df000000000301809d,Dataset/xhs/xiaohongshu_images/机能风穿搭/68fd74df000000000301809d/image_05.webp,#3C858E,#186876,blue,blue,0.3128,0.2994,ok
GRP-XHS-699abcd6000000000a02f96f-01,699abcd6000000000a02f96f,Dataset/xhs/xiaohongshu_images/机能风穿搭/699abcd6000000000a02f96f/image_01.webp,#181716,#383430,black,black,0.3992,0.256,ok
GRP-XHS-699abcd6000000000a02f96f-02,699abcd6000000000a02f96f,Dataset/xhs/xiaohongshu_images/机能风穿搭/699abcd6000000000a02f96f/image_02.webp,#121312,#282723,black,black,0.4008,0.2922,ok
GRP-XHS-699abcd6000000000a02f96f-03,699abcd6000000000a02f96f,Dataset/xhs/xiaohongshu_images/机能风穿搭/699abcd6000000000a02f96f/image_03.webp,#0F0F11,#292527,black,black,0.273,0.2682,ok
GRP-XHS-699abcd6000000000a02f96f-04,699abcd6000000000a02f96f,Dataset/xhs/xiaohongshu_images/机能风穿搭/699abcd6000000000a02f96f/image_04.webp,#161515,#36342D,black,black,0.3948,0.2816,ok
GRP-XHS-699abcd6000000000a02f96f-05,699abcd6000000000a02f96f,Dataset/xhs/xiaohongshu_images/机能风穿搭/699abcd6000000000a02f96f/image_05.webp,#0E0E0E,#272520,black,black,0.3722,0.2432,ok
GRP-XHS-699abcd6000000000a02f96f-07,699abcd6000000000a02f96f,Dataset/xhs/xiaohongshu_images/机能风穿搭/699abcd6000000000a02f96f/image_07.webp,#131211,#2F2C26,black,black,0.4144,0.2506,ok
GRP-XHS-697069960000000021033e97-01,697069960000000021033e97,Dataset/xhs/xiaohongshu_images/机能风穿搭/697069960000000021033e97/image_01.webp,#131314,#95949B,black,black,0.486,0.1836,ok
GRP-XHS-69f9cb9c000000003501f293-01,69f9cb9c000000003501f293,Dataset/xhs/xiaohongshu_images/机能风穿搭/69f9cb9c000000003501f293/image_01.webp,#F4F6F8,#111216,white,white,0.6238,0.202,ok
GRP-XHS-69f9cb9c000000003501f293-06,69f9cb9c000000003501f293,Dataset/xhs/xiaohongshu_images/机能风穿搭/69f9cb9c000000003501f293/image_06.webp,#F4F6F8,#13161B,white,white,0.7426,0.1868,ok
GRP-XHS-69f9cb9c000000003501f293-07,69f9cb9c000000003501f293,Dataset/xhs/xiaohongshu_images/机能风穿搭/69f9cb9c000000003501f293/image_07.webp,#F4F6F8,#0D0F13,white,white,0.7662,0.1484,ok
GRP-XHS-694fc9a7000000001e002664-01,694fc9a7000000001e002664,Dataset/xhs/xiaohongshu_images/机能风穿搭/694fc9a7000000001e002664/image_01.webp,#101016,#E6EAF5,black,black,0.3946,0.2368,ok
GRP-XHS-694fc9a7000000001e002664-03,694fc9a7000000001e002664,Dataset/xhs/xiaohongshu_images/机能风穿搭/694fc9a7000000001e002664/image_03.webp,#0E0F13,#E4E9F6,black,black,0.3894,0.252,ok
GRP-XHS-694fc9a7000000001e002664-04,694fc9a7000000001e002664,Dataset/xhs/xiaohongshu_images/机能风穿搭/694fc9a7000000001e002664/image_04.webp,#0D0D10,#E0E4F2,black,black,0.4866,0.2562,ok
GRP-XHS-694fc9a7000000001e002664-06,694fc9a7000000001e002664,Dataset/xhs/xiaohongshu_images/机能风穿搭/694fc9a7000000001e002664/image_06.webp,#0E0D14,#282833,black,black,0.4012,0.2236,ok
GRP-XHS-694fc9a7000000001e002664-08,694fc9a7000000001e002664,Dataset/xhs/xiaohongshu_images/机能风穿搭/694fc9a7000000001e002664/image_08.webp,#121217,#E8ECF9,black,black,0.4978,0.2554,ok
GRP-XHS-694fc9a7000000001e002664-09,694fc9a7000000001e002664,Dataset/xhs/xiaohongshu_images/机能风穿搭/694fc9a7000000001e002664/image_09.webp,#010D18,#092236,black,black,0.4214,0.286,ok
GRP-XHS-694fc9a7000000001e002664-10,694fc9a7000000001e002664,Dataset/xhs/xiaohongshu_images/机能风穿搭/694fc9a7000000001e002664/image_10.webp,#050A1D,#232C4C,black,black,0.5848,0.2152,ok
GRP-XHS-694fc9a7000000001e002664-11,694fc9a7000000001e002664,Dataset/xhs/xiaohongshu_images/机能风穿搭/694fc9a7000000001e002664/image_11.webp,#58598D,#D7D7E5,blue,blue,0.3318,0.2572,ok
GRP-XHS-694fc9a7000000001e002664-13,694fc9a7000000001e002664,Dataset/xhs/xiaohongshu_images/机能风穿搭/694fc9a7000000001e002664/image_13.webp,#D8C3AF,#B6A594,orange,red_or_orange,0.269,0.2488,ok
GRP-XHS-694fc9a7000000001e002664-14,694fc9a7000000001e002664,Dataset/xhs/xiaohongshu_images/机能风穿搭/694fc9a7000000001e002664/image_14.webp,#A27442,#958779,orange,red_or_orange,0.27,0.2658,ok
GRP-XHS-6a0d0a090000000007028349-01,6a0d0a090000000007028349,Dataset/xhs/xiaohongshu_images/机能风穿搭/6a0d0a090000000007028349/image_01.webp,#1C2028,#3D4A5C,black,black,0.4856,0.2782,ok
GRP-XHS-6a0d0a090000000007028349-02,6a0d0a090000000007028349,Dataset/xhs/xiaohongshu_images/机能风穿搭/6a0d0a090000000007028349/image_02.webp,#202633,#495059,blue,blue,0.4404,0.3076,ok
GRP-XHS-69899818000000000b012092-01,69899818000000000b012092,Dataset/xhs/xiaohongshu_images/机能风穿搭/69899818000000000b012092/image_01.webp,#91939C,#161418,gray,gray,0.3242,0.2422,ok
GRP-XHS-69899818000000000b012092-03,69899818000000000b012092,Dataset/xhs/xiaohongshu_images/机能风穿搭/69899818000000000b012092/image_03.webp,#9498A5,#E4E8EF,gray,gray,0.2972,0.2858,ok
GRP-XHS-69899818000000000b012092-04,69899818000000000b012092,Dataset/xhs/xiaohongshu_images/机能风穿搭/69899818000000000b012092/image_04.webp,#9A9FAB,#F2F4F8,gray,gray,0.34,0.2346,ok
GRP-XHS-69899818000000000b012092-05,69899818000000000b012092,Dataset/xhs/xiaohongshu_images/机能风穿搭/69899818000000000b012092/image_05.webp,#4C5864,#0A0C0F,blue,blue,0.673,0.1116,ok
GRP-XHS-69899818000000000b012092-07,69899818000000000b012092,Dataset/xhs/xiaohongshu_images/机能风穿搭/69899818000000000b012092/image_07.webp,#5F646D,#C6C6D7,blue,blue,0.6258,0.1174,ok
GRP-XHS-6a0d89520000000008000efe-01,6a0d89520000000008000efe,Dataset/xhs/xiaohongshu_images/机能风穿搭/6a0d89520000000008000efe/image_01.webp,#13171A,#D3D7DA,black,black,0.2666,0.2544,ok
GRP-XHS-68b2d492000000001d011b65-01,68b2d492000000001d011b65,Dataset/xhs/xiaohongshu_images/机能风穿搭/68b2d492000000001d011b65/image_01.webp,#FFFEFE,#222224,white,white,0.7728,0.0838,ok
GRP-XHS-68b2d492000000001d011b65-02,68b2d492000000001d011b65,Dataset/xhs/xiaohongshu_images/机能风穿搭/68b2d492000000001d011b65/image_02.webp,#FFFEFE,#252428,white,white,0.6498,0.1158,ok
GRP-XHS-68b2d492000000001d011b65-03,68b2d492000000001d011b65,Dataset/xhs/xiaohongshu_images/机能风穿搭/68b2d492000000001d011b65/image_03.webp,#FEFEFE,#D8D1D1,white,white,0.664,0.1072,ok
GRP-XHS-68b2d492000000001d011b65-05,68b2d492000000001d011b65,Dataset/xhs/xiaohongshu_images/机能风穿搭/68b2d492000000001d011b65/image_05.webp,#FEFEFE,#282828,white,white,0.7362,0.094,ok
GRP-XHS-68b2d492000000001d011b65-06,68b2d492000000001d011b65,Dataset/xhs/xiaohongshu_images/机能风穿搭/68b2d492000000001d011b65/image_06.webp,#1A1819,#55474A,black,black,0.4212,0.1914,ok
GRP-XHS-6a0350d70000000035022db1-01,6a0350d70000000035022db1,Dataset/xhs/xiaohongshu_images/机能风穿搭/6a0350d70000000035022db1/image_01.webp,#B2A085,#7D7061,khaki,khaki_or_beige,0.3584,0.2436,ok
GRP-XHS-6a1051f400000000350245b0-01,6a1051f400000000350245b0,Dataset/xhs/xiaohongshu_images/机能风穿搭/6a1051f400000000350245b0/image_01.webp,#FEFEFD,#21211F,white,white,0.675,0.1536,ok
GRP-XHS-692ea7bd000000001e004b33-01,692ea7bd000000001e004b33,Dataset/xhs/xiaohongshu_images/机能风穿搭/692ea7bd000000001e004b33/image_01.webp,#9E9F9B,#E8E8E4,gray,gray,0.3444,0.221,ok
GRP-XHS-692ea7bd000000001e004b33-02,692ea7bd000000001e004b33,Dataset/xhs/xiaohongshu_images/机能风穿搭/692ea7bd000000001e004b33/image_02.webp,#8D8E8A,#EDEDEA,gray,gray,0.274,0.2412,ok
GRP-XHS-692ea7bd000000001e004b33-03,692ea7bd000000001e004b33,Dataset/xhs/xiaohongshu_images/机能风穿搭/692ea7bd000000001e004b33/image_03.webp,#C0C0BC,#66635F,gray,gray,0.2466,0.2262,ok
GRP-XHS-692ea7bd000000001e004b33-04,692ea7bd000000001e004b33,Dataset/xhs/xiaohongshu_images/机能风穿搭/692ea7bd000000001e004b33/image_04.webp,#E4E2DE,#686561,white,white,0.318,0.1992,ok
GRP-XHS-6a0d697a0000000006021dff-01,6a0d697a0000000006021dff,Dataset/xhs/xiaohongshu_images/机能风穿搭/6a0d697a0000000006021dff/image_01.webp,#C2B7A6,#CEDBE4,khaki,khaki_or_beige,0.2832,0.2464,ok
GRP-XHS-6a0d697a0000000006021dff-02,6a0d697a0000000006021dff,Dataset/xhs/xiaohongshu_images/机能风穿搭/6a0d697a0000000006021dff/image_02.webp,#6A6459,#9E9388,brown,brown,0.255,0.248,ok
GRP-XHS-68b3af14000000001d02724a-01,68b3af14000000001d02724a,Dataset/xhs/xiaohongshu_images/机能风穿搭/68b3af14000000001d02724a/image_01.webp,#B5D3E4,#1B1F29,blue,blue,0.3354,0.2694,ok
GRP-XHS-68b3af14000000001d02724a-02,68b3af14000000001d02724a,Dataset/xhs/xiaohongshu_images/机能风穿搭/68b3af14000000001d02724a/image_02.webp,#222120,#7F7D7C,black,black,0.3438,0.312,ok
GRP-XHS-68b3af14000000001d02724a-03,68b3af14000000001d02724a,Dataset/xhs/xiaohongshu_images/机能风穿搭/68b3af14000000001d02724a/image_03.webp,#1A191B,#6F7B88,black,black,0.2666,0.261,ok
GRP-XHS-68b3af14000000001d02724a-04,68b3af14000000001d02724a,Dataset/xhs/xiaohongshu_images/机能风穿搭/68b3af14000000001d02724a/image_04.webp,#79AFD1,#ABC4D0,blue,blue,0.3718,0.1974,ok
GRP-XHS-68b3af14000000001d02724a-05,68b3af14000000001d02724a,Dataset/xhs/xiaohongshu_images/机能风穿搭/68b3af14000000001d02724a/image_05.webp,#98C4E4,#7C9FB9,blue,blue,0.3234,0.2082,ok
GRP-XHS-68b3af14000000001d02724a-06,68b3af14000000001d02724a,Dataset/xhs/xiaohongshu_images/机能风穿搭/68b3af14000000001d02724a/image_06.webp,#7AB9DC,#6B99B3,blue,blue,0.3434,0.2364,ok
GRP-XHS-68d00161000000001300b472-01,68d00161000000001300b472,Dataset/xhs/xiaohongshu_images/机能风穿搭/68d00161000000001300b472/image_01.webp,#454C4B,#222828,gray,gray,0.3312,0.282,ok
GRP-XHS-68d00161000000001300b472-02,68d00161000000001300b472,Dataset/xhs/xiaohongshu_images/机能风穿搭/68d00161000000001300b472/image_02.webp,#C4D1D5,#1C2121,white,white,0.3626,0.2212,ok
GRP-XHS-68d00161000000001300b472-03,68d00161000000001300b472,Dataset/xhs/xiaohongshu_images/机能风穿搭/68d00161000000001300b472/image_03.webp,#1A2122,#373F3F,black,black,0.3392,0.2366,ok
GRP-XHS-68d00161000000001300b472-04,68d00161000000001300b472,Dataset/xhs/xiaohongshu_images/机能风穿搭/68d00161000000001300b472/image_04.webp,#090D0C,#1C2321,black,black,0.345,0.3076,ok
GRP-XHS-68d00161000000001300b472-05,68d00161000000001300b472,Dataset/xhs/xiaohongshu_images/机能风穿搭/68d00161000000001300b472/image_05.webp,#121617,#2F3435,black,black,0.2346,0.2186,ok
GRP-XHS-68d00161000000001300b472-06,68d00161000000001300b472,Dataset/xhs/xiaohongshu_images/机能风穿搭/68d00161000000001300b472/image_06.webp,#D5DEDF,#484A46,white,white,0.3892,0.2178,ok
GRP-XHS-68d00161000000001300b472-07,68d00161000000001300b472,Dataset/xhs/xiaohongshu_images/机能风穿搭/68d00161000000001300b472/image_07.webp,#161A1C,#2F363A,black,black,0.358,0.3,ok
GRP-XHS-6a043518000000000702172d-01,6a043518000000000702172d,Dataset/xhs/xiaohongshu_images/机能风穿搭/6a043518000000000702172d/image_01.webp,#74BFBB,#9CE0DB,blue,blue,0.3728,0.2274,ok
GRP-XHS-6a0fc668000000003501e727-01,6a0fc668000000003501e727,Dataset/xhs/xiaohongshu_images/机能风穿搭/6a0fc668000000003501e727/image_01.webp,#A69F95,#8D8A85,gray,gray,0.3564,0.3214,ok
GRP-XHS-6a0fc668000000003501e727-02,6a0fc668000000003501e727,Dataset/xhs/xiaohongshu_images/机能风穿搭/6a0fc668000000003501e727/image_02.webp,#94928E,#AEA79E,gray,gray,0.4914,0.2232,ok
GRP-XHS-6a0fc668000000003501e727-03,6a0fc668000000003501e727,Dataset/xhs/xiaohongshu_images/机能风穿搭/6a0fc668000000003501e727/image_03.webp,#95938D,#B3AA9D,gray,gray,0.5662,0.1744,ok
GRP-XHS-6a0fc668000000003501e727-04,6a0fc668000000003501e727,Dataset/xhs/xiaohongshu_images/机能风穿搭/6a0fc668000000003501e727/image_04.webp,#8C8882,#D3D4D0,gray,gray,0.3322,0.3078,ok
GRP-XHS-6a0fc668000000003501e727-05,6a0fc668000000003501e727,Dataset/xhs/xiaohongshu_images/机能风穿搭/6a0fc668000000003501e727/image_05.webp,#C2C5C5,#777471,gray,gray,0.4936,0.307,ok
GRP-XHS-6a0fc668000000003501e727-06,6a0fc668000000003501e727,Dataset/xhs/xiaohongshu_images/机能风穿搭/6a0fc668000000003501e727/image_06.webp,#CDD0D0,#85827E,gray,gray,0.3936,0.3498,ok
GRP-XHS-69de0324000000001d01e1d2-01,69de0324000000001d01e1d2,Dataset/xhs/xiaohongshu_images/机能风穿搭/69de0324000000001d01e1d2/image_01.webp,#FAFBFB,#C1C9D4,white,white,0.532,0.2356,ok
GRP-XHS-69de0324000000001d01e1d2-02,69de0324000000001d01e1d2,Dataset/xhs/xiaohongshu_images/机能风穿搭/69de0324000000001d01e1d2/image_02.webp,#FCFDFD,#B3B7CF,white,white,0.5582,0.1644,ok
GRP-XHS-69de0324000000001d01e1d2-03,69de0324000000001d01e1d2,Dataset/xhs/xiaohongshu_images/机能风穿搭/69de0324000000001d01e1d2/image_03.webp,#FBFCFC,#CDD9E0,white,white,0.4894,0.2866,ok
GRP-XHS-6a0ecefd000000000803f6ee-01,6a0ecefd000000000803f6ee,Dataset/xhs/xiaohongshu_images/机能风穿搭/6a0ecefd000000000803f6ee/image_01.webp,#999187,#D7D2CA,gray,gray,0.3206,0.1964,ok
GRP-XHS-6a0ecefd000000000803f6ee-02,6a0ecefd000000000803f6ee,Dataset/xhs/xiaohongshu_images/机能风穿搭/6a0ecefd000000000803f6ee/image_02.webp,#C89466,#E4DFCF,orange,red_or_orange,0.4422,0.2166,ok
GRP-XHS-6a0ecefd000000000803f6ee-03,6a0ecefd000000000803f6ee,Dataset/xhs/xiaohongshu_images/机能风穿搭/6a0ecefd000000000803f6ee/image_03.webp,#A38A71,#B69C83,orange,red_or_orange,0.3134,0.2804,ok
GRP-XHS-6a1039c0000000003502da2e-01,6a1039c0000000003502da2e,Dataset/xhs/xiaohongshu_images/机能风穿搭/6a1039c0000000003502da2e/image_01.webp,#231E19,#BAB8AF,black,black,0.3748,0.247,ok
GRP-XHS-6a1039c0000000003502da2e-02,6a1039c0000000003502da2e,Dataset/xhs/xiaohongshu_images/机能风穿搭/6a1039c0000000003502da2e/image_02.webp,#27201B,#BBB7AD,black,black,0.3954,0.2284,ok
GRP-XHS-6a1039c0000000003502da2e-03,6a1039c0000000003502da2e,Dataset/xhs/xiaohongshu_images/机能风穿搭/6a1039c0000000003502da2e/image_03.webp,#27221D,#DCDACE,black,black,0.3168,0.2378,ok
GRP-XHS-6a1039c0000000003502da2e-05,6a1039c0000000003502da2e,Dataset/xhs/xiaohongshu_images/机能风穿搭/6a1039c0000000003502da2e/image_05.webp,#1E1914,#B7B3A7,black,black,0.31,0.2416,ok
GRP-XHS-6a0faa9b0000000006034d9d-01,6a0faa9b0000000006034d9d,Dataset/xhs/xiaohongshu_images/机能风穿搭/6a0faa9b0000000006034d9d/image_01.webp,#A09797,#857B7A,gray,gray,0.349,0.3428,ok
GRP-XHS-699711bb000000000a03109c-01,699711bb000000000a03109c,Dataset/xhs/xiaohongshu_images/机能风穿搭/699711bb000000000a03109c/image_01.webp,#F9F8F8,#1E2124,white,white,0.3644,0.2678,ok
GRP-XHS-699711bb000000000a03109c-02,699711bb000000000a03109c,Dataset/xhs/xiaohongshu_images/机能风穿搭/699711bb000000000a03109c/image_02.webp,#14181D,#F3F4F1,black,black,0.3282,0.268,ok
GRP-XHS-699711bb000000000a03109c-03,699711bb000000000a03109c,Dataset/xhs/xiaohongshu_images/机能风穿搭/699711bb000000000a03109c/image_03.webp,#EFF3F7,#0C141B,white,white,0.3098,0.3026,ok
GRP-XHS-699711bb000000000a03109c-04,699711bb000000000a03109c,Dataset/xhs/xiaohongshu_images/机能风穿搭/699711bb000000000a03109c/image_04.webp,#594D3E,#706353,orange,red_or_orange,0.3856,0.2744,ok
GRP-XHS-699711bb000000000a03109c-05,699711bb000000000a03109c,Dataset/xhs/xiaohongshu_images/机能风穿搭/699711bb000000000a03109c/image_05.webp,#201B1A,#AAA3A1,black,black,0.4376,0.2468,ok
GRP-XHS-699711bb000000000a03109c-06,699711bb000000000a03109c,Dataset/xhs/xiaohongshu_images/机能风穿搭/699711bb000000000a03109c/image_06.webp,#1B1B20,#EFEBE4,black,black,0.4822,0.2578,ok
GRP-XHS-699711bb000000000a03109c-07,699711bb000000000a03109c,Dataset/xhs/xiaohongshu_images/机能风穿搭/699711bb000000000a03109c/image_07.webp,#BCBCBA,#B6763E,gray,gray,0.3188,0.2906,ok
GRP-XHS-699711bb000000000a03109c-08,699711bb000000000a03109c,Dataset/xhs/xiaohongshu_images/机能风穿搭/699711bb000000000a03109c/image_08.webp,#F3BA3D,#FCFCFA,yellow,yellow,0.4252,0.3058,ok
GRP-XHS-699711bb000000000a03109c-09,699711bb000000000a03109c,Dataset/xhs/xiaohongshu_images/机能风穿搭/699711bb000000000a03109c/image_09.webp,#EBEBEB,#F9FAF9,white,white,0.5156,0.3324,ok
GRP-XHS-699711bb000000000a03109c-10,699711bb000000000a03109c,Dataset/xhs/xiaohongshu_images/机能风穿搭/699711bb000000000a03109c/image_10.webp,#383838,#FBFBFB,gray,gray,0.3198,0.2696,ok
GRP-XHS-699711bb000000000a03109c-11,699711bb000000000a03109c,Dataset/xhs/xiaohongshu_images/机能风穿搭/699711bb000000000a03109c/image_11.webp,#0A0B0A,#D7D2D6,black,black,0.4038,0.335,ok
GRP-XHS-699711bb000000000a03109c-12,699711bb000000000a03109c,Dataset/xhs/xiaohongshu_images/机能风穿搭/699711bb000000000a03109c/image_12.webp,#BBB8B4,#D3D1CB,gray,gray,0.355,0.3038,ok
GRP-XHS-699711bb000000000a03109c-13,699711bb000000000a03109c,Dataset/xhs/xiaohongshu_images/机能风穿搭/699711bb000000000a03109c/image_13.webp,#B7BAB9,#767F8A,gray,gray,0.4922,0.2234,ok
GRP-XHS-699711bb000000000a03109c-14,699711bb000000000a03109c,Dataset/xhs/xiaohongshu_images/机能风穿搭/699711bb000000000a03109c/image_14.webp,#6F6F78,#84848C,gray,gray,0.4378,0.244,ok
GRP-XHS-699711bb000000000a03109c-15,699711bb000000000a03109c,Dataset/xhs/xiaohongshu_images/机能风穿搭/699711bb000000000a03109c/image_15.webp,#D2CFD1,#D7D6D8,white,white,0.4666,0.3712,ok
GRP-XHS-699711bb000000000a03109c-16,699711bb000000000a03109c,Dataset/xhs/xiaohongshu_images/机能风穿搭/699711bb000000000a03109c/image_16.webp,#FDFDFD,#E4E3E2,white,white,0.6778,0.191,ok
GRP-XHS-699711bb000000000a03109c-17,699711bb000000000a03109c,Dataset/xhs/xiaohongshu_images/机能风穿搭/699711bb000000000a03109c/image_17.webp,#2D2320,#E4DFDB,black,black,0.3012,0.2532,ok
GRP-XHS-699711bb000000000a03109c-18,699711bb000000000a03109c,Dataset/xhs/xiaohongshu_images/机能风穿搭/699711bb000000000a03109c/image_18.webp,#F4F5F8,#E9EAEE,white,white,0.5568,0.3138,ok
GRP-XHS-6a0a78f80000000008000cde-01,6a0a78f80000000008000cde,Dataset/xhs/xiaohongshu_images/机能风穿搭/6a0a78f80000000008000cde/image_01.webp,#BEC9BF,#193232,gray,gray,0.3364,0.2412,ok
GRP-XHS-6a0a78f80000000008000cde-02,6a0a78f80000000008000cde,Dataset/xhs/xiaohongshu_images/机能风穿搭/6a0a78f80000000008000cde/image_02.webp,#C3CABA,#56624D,gray,gray,0.2646,0.2164,ok
GRP-XHS-6a0a78f80000000008000cde-03,6a0a78f80000000008000cde,Dataset/xhs/xiaohongshu_images/机能风穿搭/6a0a78f80000000008000cde/image_03.webp,#D1D6C6,#626A5C,white,white,0.3354,0.2224,ok
GRP-XHS-6a0a78f80000000008000cde-04,6a0a78f80000000008000cde,Dataset/xhs/xiaohongshu_images/机能风穿搭/6a0a78f80000000008000cde/image_04.webp,#D6CABC,#837D73,white,white,0.321,0.2908,ok
GRP-XHS-6a0a78f80000000008000cde-05,6a0a78f80000000008000cde,Dataset/xhs/xiaohongshu_images/机能风穿搭/6a0a78f80000000008000cde/image_05.webp,#9A9891,#C8C7BE,gray,gray,0.2674,0.266,ok
GRP-XHS-6a0a78f80000000008000cde-06,6a0a78f80000000008000cde,Dataset/xhs/xiaohongshu_images/机能风穿搭/6a0a78f80000000008000cde/image_06.webp,#B1A79A,#8C857A,orange,red_or_orange,0.2686,0.2604,ok
GRP-XHS-68ce62540000000013017c79-01,68ce62540000000013017c79,Dataset/xhs/xiaohongshu_images/机能风穿搭/68ce62540000000013017c79/image_01.webp,#201E1D,#444140,black,black,0.2376,0.2136,ok
GRP-XHS-68ce62540000000013017c79-02,68ce62540000000013017c79,Dataset/xhs/xiaohongshu_images/机能风穿搭/68ce62540000000013017c79/image_02.webp,#E2E1E0,#3F3B3A,white,white,0.251,0.2316,ok
GRP-XHS-69e21bb1000000001d01bf5d-01,69e21bb1000000001d01bf5d,Dataset/xhs/xiaohongshu_images/机能风穿搭/69e21bb1000000001d01bf5d/image_01.webp,#1F2422,#57554A,black,black,0.282,0.2456,ok
GRP-XHS-69e21bb1000000001d01bf5d-02,69e21bb1000000001d01bf5d,Dataset/xhs/xiaohongshu_images/机能风穿搭/69e21bb1000000001d01bf5d/image_02.webp,#11151B,#EBEBEA,black,black,0.2754,0.2462,ok
GRP-XHS-69e21bb1000000001d01bf5d-03,69e21bb1000000001d01bf5d,Dataset/xhs/xiaohongshu_images/机能风穿搭/69e21bb1000000001d01bf5d/image_03.webp,#151B19,#444C43,black,black,0.3778,0.2322,ok
GRP-XHS-69e21bb1000000001d01bf5d-04,69e21bb1000000001d01bf5d,Dataset/xhs/xiaohongshu_images/机能风穿搭/69e21bb1000000001d01bf5d/image_04.webp,#F8F8F9,#25352A,white,white,0.3448,0.2458,ok
GRP-XHS-69e21bb1000000001d01bf5d-05,69e21bb1000000001d01bf5d,Dataset/xhs/xiaohongshu_images/机能风穿搭/69e21bb1000000001d01bf5d/image_05.webp,#364239,#131816,green,olive_or_green,0.3122,0.2748,ok
GRP-XHS-69e21bb1000000001d01bf5d-06,69e21bb1000000001d01bf5d,Dataset/xhs/xiaohongshu_images/机能风穿搭/69e21bb1000000001d01bf5d/image_06.webp,#262526,#C2BFBD,black,black,0.2864,0.2352,ok
GRP-XHS-69e21bb1000000001d01bf5d-07,69e21bb1000000001d01bf5d,Dataset/xhs/xiaohongshu_images/机能风穿搭/69e21bb1000000001d01bf5d/image_07.webp,#E8C0A7,#5F4E48,orange,red_or_orange,0.2654,0.23,ok
GRP-XHS-69e21bb1000000001d01bf5d-08,69e21bb1000000001d01bf5d,Dataset/xhs/xiaohongshu_images/机能风穿搭/69e21bb1000000001d01bf5d/image_08.webp,#685240,#F6F2ED,orange,red_or_orange,0.2872,0.219,ok
GRP-XHS-69e21bb1000000001d01bf5d-09,69e21bb1000000001d01bf5d,Dataset/xhs/xiaohongshu_images/机能风穿搭/69e21bb1000000001d01bf5d/image_09.webp,#B9C8D2,#829EB5,white,white,0.295,0.2472,ok
GRP-XHS-69907159000000001a025379-01,69907159000000001a025379,Dataset/xhs/xiaohongshu_images/机能风穿搭/69907159000000001a025379/image_01.webp,#55595B,#18181A,gray,gray,0.5626,0.1618,ok
GRP-XHS-69907159000000001a025379-02,69907159000000001a025379,Dataset/xhs/xiaohongshu_images/机能风穿搭/69907159000000001a025379/image_02.webp,#707271,#525558,gray,gray,0.3518,0.3404,ok
GRP-XHS-69907159000000001a025379-03,69907159000000001a025379,Dataset/xhs/xiaohongshu_images/机能风穿搭/69907159000000001a025379/image_03.webp,#525658,#717372,gray,gray,0.3628,0.3558,ok
GRP-XHS-69907159000000001a025379-04,69907159000000001a025379,Dataset/xhs/xiaohongshu_images/机能风穿搭/69907159000000001a025379/image_04.webp,#707272,#535659,gray,gray,0.3512,0.3402,ok
GRP-XHS-69907159000000001a025379-05,69907159000000001a025379,Dataset/xhs/xiaohongshu_images/机能风穿搭/69907159000000001a025379/image_05.webp,#535659,#717372,gray,gray,0.3766,0.3568,ok
GRP-XHS-68932e52000000002302cc89-01,68932e52000000002302cc89,Dataset/xhs/xiaohongshu_images/机能风穿搭/68932e52000000002302cc89/image_01.webp,#F6F4F2,#DFD8D0,white,white,0.756,0.133,ok
GRP-XHS-68932e52000000002302cc89-02,68932e52000000002302cc89,Dataset/xhs/xiaohongshu_images/机能风穿搭/68932e52000000002302cc89/image_02.webp,#F4F2EF,#3F4242,white,white,0.7426,0.1334,ok
GRP-XHS-68932e52000000002302cc89-03,68932e52000000002302cc89,Dataset/xhs/xiaohongshu_images/机能风穿搭/68932e52000000002302cc89/image_03.webp,#F3F1EF,#434646,white,white,0.732,0.135,ok
GRP-XHS-68932e52000000002302cc89-04,68932e52000000002302cc89,Dataset/xhs/xiaohongshu_images/机能风穿搭/68932e52000000002302cc89/image_04.webp,#F3F1EF,#3A3D3C,white,white,0.5958,0.2268,ok
GRP-XHS-68932e52000000002302cc89-05,68932e52000000002302cc89,Dataset/xhs/xiaohongshu_images/机能风穿搭/68932e52000000002302cc89/image_05.webp,#F3F1EF,#363938,white,white,0.6558,0.1892,ok
GRP-XHS-68932e52000000002302cc89-06,68932e52000000002302cc89,Dataset/xhs/xiaohongshu_images/机能风穿搭/68932e52000000002302cc89/image_06.webp,#F5F1EF,#323635,white,white,0.5426,0.2796,ok
GRP-XHS-69db25c6000000001b002fe2-01,69db25c6000000001b002fe2,Dataset/xhs/xiaohongshu_images/机能风穿搭/69db25c6000000001b002fe2/image_01.webp,#DFE1DC,#86827A,white,white,0.3552,0.199,ok
GRP-XHS-69db25c6000000001b002fe2-01,69db25c6000000001b002fe2,Dataset/xhs/xiaohongshu_images/Gorpcore/69db25c6000000001b002fe2/image_01.webp,#DFE1DC,#86827A,white,white,0.3552,0.199,ok
GRP-XHS-69db25c6000000001b002fe2-02,69db25c6000000001b002fe2,Dataset/xhs/xiaohongshu_images/机能风穿搭/69db25c6000000001b002fe2/image_02.webp,#CDC9BD,#7E776C,gray,gray,0.291,0.2196,ok
GRP-XHS-69db25c6000000001b002fe2-02,69db25c6000000001b002fe2,Dataset/xhs/xiaohongshu_images/Gorpcore/69db25c6000000001b002fe2/image_02.webp,#CDC9BD,#7E776C,gray,gray,0.291,0.2196,ok
GRP-XHS-69db25c6000000001b002fe2-03,69db25c6000000001b002fe2,Dataset/xhs/xiaohongshu_images/机能风穿搭/69db25c6000000001b002fe2/image_03.webp,#CBC5B8,#958E86,gray,gray,0.3274,0.2272,ok
GRP-XHS-69db25c6000000001b002fe2-03,69db25c6000000001b002fe2,Dataset/xhs/xiaohongshu_images/Gorpcore/69db25c6000000001b002fe2/image_03.webp,#CBC5B8,#958E86,gray,gray,0.3274,0.2272,ok
GRP-XHS-69db25c6000000001b002fe2-04,69db25c6000000001b002fe2,Dataset/xhs/xiaohongshu_images/机能风穿搭/69db25c6000000001b002fe2/image_04.webp,#DBDDD8,#C1C2BC,white,white,0.3658,0.2118,ok
GRP-XHS-69db25c6000000001b002fe2-04,69db25c6000000001b002fe2,Dataset/xhs/xiaohongshu_images/Gorpcore/69db25c6000000001b002fe2/image_04.webp,#DBDDD8,#C1C2BC,white,white,0.3658,0.2118,ok
GRP-XHS-69db25c6000000001b002fe2-05,69db25c6000000001b002fe2,Dataset/xhs/xiaohongshu_images/机能风穿搭/69db25c6000000001b002fe2/image_05.webp,#CFD1CC,#9C988E,white,white,0.4262,0.2258,ok
GRP-XHS-69db25c6000000001b002fe2-05,69db25c6000000001b002fe2,Dataset/xhs/xiaohongshu_images/Gorpcore/69db25c6000000001b002fe2/image_05.webp,#CFD1CC,#9C988E,white,white,0.4262,0.2258,ok
GRP-XHS-69db25c6000000001b002fe2-06,69db25c6000000001b002fe2,Dataset/xhs/xiaohongshu_images/机能风穿搭/69db25c6000000001b002fe2/image_06.webp,#CAC4B5,#979083,gray,gray,0.3438,0.2078,ok
GRP-XHS-69db25c6000000001b002fe2-06,69db25c6000000001b002fe2,Dataset/xhs/xiaohongshu_images/Gorpcore/69db25c6000000001b002fe2/image_06.webp,#CAC4B5,#979083,gray,gray,0.3438,0.2078,ok
GRP-XHS-69db25c6000000001b002fe2-07,69db25c6000000001b002fe2,Dataset/xhs/xiaohongshu_images/机能风穿搭/69db25c6000000001b002fe2/image_07.webp,#D1D0C3,#8F8C81,gray,gray,0.2706,0.2494,ok
GRP-XHS-69db25c6000000001b002fe2-07,69db25c6000000001b002fe2,Dataset/xhs/xiaohongshu_images/Gorpcore/69db25c6000000001b002fe2/image_07.webp,#D1D0C3,#8F8C81,gray,gray,0.2706,0.2494,ok
GRP-XHS-69db25c6000000001b002fe2-08,69db25c6000000001b002fe2,Dataset/xhs/xiaohongshu_images/机能风穿搭/69db25c6000000001b002fe2/image_08.webp,#E1E3DD,#939085,white,white,0.4862,0.1824,ok
GRP-XHS-69db25c6000000001b002fe2-08,69db25c6000000001b002fe2,Dataset/xhs/xiaohongshu_images/Gorpcore/69db25c6000000001b002fe2/image_08.webp,#E1E3DD,#939085,white,white,0.4862,0.1824,ok
GRP-XHS-6846aa67000000002102c7cc-01,6846aa67000000002102c7cc,Dataset/xhs/xiaohongshu_images/机能风穿搭/6846aa67000000002102c7cc/image_01.webp,#A4A6A3,#7E7E7A,gray,gray,0.2502,0.2202,ok
GRP-XHS-6846aa67000000002102c7cc-02,6846aa67000000002102c7cc,Dataset/xhs/xiaohongshu_images/机能风穿搭/6846aa67000000002102c7cc/image_02.webp,#676A67,#C4C6C3,gray,gray,0.3656,0.2264,ok
GRP-XHS-6846aa67000000002102c7cc-03,6846aa67000000002102c7cc,Dataset/xhs/xiaohongshu_images/机能风穿搭/6846aa67000000002102c7cc/image_03.webp,#C2C8C6,#62696A,gray,gray,0.3662,0.2782,ok
GRP-XHS-6846aa67000000002102c7cc-05,6846aa67000000002102c7cc,Dataset/xhs/xiaohongshu_images/机能风穿搭/6846aa67000000002102c7cc/image_05.webp,#B7BCBC,#9AA09C,gray,gray,0.3946,0.364,ok
GRP-XHS-6846aa67000000002102c7cc-06,6846aa67000000002102c7cc,Dataset/xhs/xiaohongshu_images/机能风穿搭/6846aa67000000002102c7cc/image_06.webp,#DFE1DF,#8B8C8A,white,white,0.4176,0.2538,ok
GRP-XHS-6846aa67000000002102c7cc-08,6846aa67000000002102c7cc,Dataset/xhs/xiaohongshu_images/机能风穿搭/6846aa67000000002102c7cc/image_08.webp,#929187,#ABACA6,gray,gray,0.3818,0.2354,ok
GRP-XHS-6846aa67000000002102c7cc-09,6846aa67000000002102c7cc,Dataset/xhs/xiaohongshu_images/机能风穿搭/6846aa67000000002102c7cc/image_09.webp,#99998E,#7D7D73,gray,gray,0.3962,0.2768,ok
GRP-XHS-6846aa67000000002102c7cc-10,6846aa67000000002102c7cc,Dataset/xhs/xiaohongshu_images/机能风穿搭/6846aa67000000002102c7cc/image_10.webp,#A19993,#736E66,gray,gray,0.2496,0.2264,ok
GRP-XHS-68fcef62000000000702059a-01,68fcef62000000000702059a,Dataset/xhs/xiaohongshu_images/机能风穿搭/68fcef62000000000702059a/image_01.webp,#18171B,#334D6B,black,black,0.3338,0.2092,ok
GRP-XHS-68fcef62000000000702059a-02,68fcef62000000000702059a,Dataset/xhs/xiaohongshu_images/机能风穿搭/68fcef62000000000702059a/image_02.webp,#191515,#FCFDFD,black,black,0.3854,0.3328,ok
GRP-XHS-68fcef62000000000702059a-03,68fcef62000000000702059a,Dataset/xhs/xiaohongshu_images/机能风穿搭/68fcef62000000000702059a/image_03.webp,#FDFDFD,#3E3D3D,white,white,0.4896,0.2044,ok
GRP-XHS-68fcef62000000000702059a-04,68fcef62000000000702059a,Dataset/xhs/xiaohongshu_images/机能风穿搭/68fcef62000000000702059a/image_04.webp,#FDFDFD,#160E0D,white,white,0.6436,0.0938,ok
GRP-XHS-69a673680000000028008467-01,69a673680000000028008467,Dataset/xhs/xiaohongshu_images/机能风穿搭/69a673680000000028008467/image_01.webp,#594F34,#342C1D,brown,brown,0.3882,0.3132,ok
GRP-XHS-69a673680000000028008467-02,69a673680000000028008467,Dataset/xhs/xiaohongshu_images/机能风穿搭/69a673680000000028008467/image_02.webp,#423722,#675D43,brown,brown,0.3568,0.2502,ok
GRP-XHS-69a673680000000028008467-03,69a673680000000028008467,Dataset/xhs/xiaohongshu_images/机能风穿搭/69a673680000000028008467/image_03.webp,#664D41,#797575,orange,red_or_orange,0.3144,0.2682,ok
GRP-XHS-69a673680000000028008467-04,69a673680000000028008467,Dataset/xhs/xiaohongshu_images/机能风穿搭/69a673680000000028008467/image_04.webp,#4D422A,#6A6147,brown,brown,0.2902,0.2494,ok
GRP-XHS-69a673680000000028008467-05,69a673680000000028008467,Dataset/xhs/xiaohongshu_images/机能风穿搭/69a673680000000028008467/image_05.webp,#4F462E,#30271A,brown,brown,0.3284,0.2574,ok
GRP-XHS-68c50c83000000001c035c93-01,68c50c83000000001c035c93,Dataset/xhs/xiaohongshu_images/机能风穿搭/68c50c83000000001c035c93/image_01.webp,#F7FAFA,#161518,white,white,0.315,0.2372,ok
GRP-XHS-68c50c83000000001c035c93-02,68c50c83000000001c035c93,Dataset/xhs/xiaohongshu_images/机能风穿搭/68c50c83000000001c035c93/image_02.webp,#F8F8F8,#5A606C,white,white,0.3652,0.2606,ok
GRP-XHS-68c50c83000000001c035c93-03,68c50c83000000001c035c93,Dataset/xhs/xiaohongshu_images/机能风穿搭/68c50c83000000001c035c93/image_03.webp,#F8FAFB,#A3ACC3,white,white,0.3326,0.2088,ok
GRP-XHS-68c50c83000000001c035c93-04,68c50c83000000001c035c93,Dataset/xhs/xiaohongshu_images/机能风穿搭/68c50c83000000001c035c93/image_04.webp,#F5FCFD,#1F2126,white,white,0.3804,0.2854,ok
GRP-XHS-68c50c83000000001c035c93-05,68c50c83000000001c035c93,Dataset/xhs/xiaohongshu_images/机能风穿搭/68c50c83000000001c035c93/image_05.webp,#131112,#FEFEFE,black,black,0.4562,0.2474,ok
GRP-XHS-68c50c83000000001c035c93-06,68c50c83000000001c035c93,Dataset/xhs/xiaohongshu_images/机能风穿搭/68c50c83000000001c035c93/image_06.webp,#566373,#3A393C,blue,blue,0.4622,0.195,ok
GRP-XHS-68c50c83000000001c035c93-07,68c50c83000000001c035c93,Dataset/xhs/xiaohongshu_images/机能风穿搭/68c50c83000000001c035c93/image_07.webp,#364551,#177BA1,blue,blue,0.4864,0.2748,ok
GRP-XHS-68ca785500000000130135ad-01,68ca785500000000130135ad,Dataset/xhs/xiaohongshu_images/机能风穿搭/68ca785500000000130135ad/image_01.webp,#1F2224,#484C4D,black,black,0.2916,0.2172,ok
GRP-XHS-68ca785500000000130135ad-02,68ca785500000000130135ad,Dataset/xhs/xiaohongshu_images/机能风穿搭/68ca785500000000130135ad/image_02.webp,#47453D,#7C786D,brown,brown,0.2618,0.22,ok
GRP-XHS-68ca785500000000130135ad-03,68ca785500000000130135ad,Dataset/xhs/xiaohongshu_images/机能风穿搭/68ca785500000000130135ad/image_03.webp,#1A1B17,#3E3E39,black,black,0.273,0.231,ok
GRP-XHS-68ca785500000000130135ad-04,68ca785500000000130135ad,Dataset/xhs/xiaohongshu_images/机能风穿搭/68ca785500000000130135ad/image_04.webp,#383631,#12110F,brown,brown,0.29,0.191,ok
GRP-XHS-68ca785500000000130135ad-05,68ca785500000000130135ad,Dataset/xhs/xiaohongshu_images/机能风穿搭/68ca785500000000130135ad/image_05.webp,#44413C,#807B73,brown,brown,0.2836,0.2246,ok
GRP-XHS-68ca785500000000130135ad-06,68ca785500000000130135ad,Dataset/xhs/xiaohongshu_images/机能风穿搭/68ca785500000000130135ad/image_06.webp,#181816,#3F3E38,black,black,0.2504,0.2332,ok
GRP-XHS-69722a62000000000903bfc5-01,69722a62000000000903bfc5,Dataset/xhs/xiaohongshu_images/Gorpcore/69722a62000000000903bfc5/image_01.webp,#C1BCAC,#979386,gray,gray,0.2396,0.2388,ok
GRP-XHS-69722a62000000000903bfc5-02,69722a62000000000903bfc5,Dataset/xhs/xiaohongshu_images/Gorpcore/69722a62000000000903bfc5/image_02.webp,#66645A,#948F80,gray,gray,0.2808,0.2726,ok
GRP-XHS-69722a62000000000903bfc5-03,69722a62000000000903bfc5,Dataset/xhs/xiaohongshu_images/Gorpcore/69722a62000000000903bfc5/image_03.webp,#898373,#5B574F,khaki,khaki_or_beige,0.2948,0.277,ok
GRP-XHS-69722a62000000000903bfc5-04,69722a62000000000903bfc5,Dataset/xhs/xiaohongshu_images/Gorpcore/69722a62000000000903bfc5/image_04.webp,#51514E,#2B2A26,gray,gray,0.3374,0.299,ok
GRP-XHS-69722a62000000000903bfc5-05,69722a62000000000903bfc5,Dataset/xhs/xiaohongshu_images/Gorpcore/69722a62000000000903bfc5/image_05.webp,#7A756A,#54514D,brown,brown,0.3028,0.2408,ok
GRP-XHS-69722a62000000000903bfc5-06,69722a62000000000903bfc5,Dataset/xhs/xiaohongshu_images/Gorpcore/69722a62000000000903bfc5/image_06.webp,#9F9683,#767169,khaki,khaki_or_beige,0.2878,0.2534,ok
GRP-XHS-69722a62000000000903bfc5-07,69722a62000000000903bfc5,Dataset/xhs/xiaohongshu_images/Gorpcore/69722a62000000000903bfc5/image_07.webp,#A6A293,#CFCCBB,gray,gray,0.2954,0.261,ok
GRP-XHS-69722a62000000000903bfc5-08,69722a62000000000903bfc5,Dataset/xhs/xiaohongshu_images/Gorpcore/69722a62000000000903bfc5/image_08.webp,#9E9B8F,#696766,gray,gray,0.28,0.2298,ok
GRP-XHS-69722a62000000000903bfc5-09,69722a62000000000903bfc5,Dataset/xhs/xiaohongshu_images/Gorpcore/69722a62000000000903bfc5/image_09.webp,#8D8C86,#6E6C68,gray,gray,0.3976,0.2884,ok
GRP-XHS-685d1a72000000001201745d-01,685d1a72000000001201745d,Dataset/xhs/xiaohongshu_images/Gorpcore/685d1a72000000001201745d/image_01.webp,#666E5B,#384E42,olive,olive_or_green,0.3484,0.273,ok
GRP-XHS-68a59f74000000001c035930-01,68a59f74000000001c035930,Dataset/xhs/xiaohongshu_images/Gorpcore/68a59f74000000001c035930/image_01.webp,#1E1C1C,#7E786E,black,black,0.3364,0.1818,ok
GRP-XHS-68a59f74000000001c035930-02,68a59f74000000001c035930,Dataset/xhs/xiaohongshu_images/Gorpcore/68a59f74000000001c035930/image_02.webp,#7F7B69,#BAA882,khaki,khaki_or_beige,0.267,0.232,ok
GRP-XHS-68a59f74000000001c035930-03,68a59f74000000001c035930,Dataset/xhs/xiaohongshu_images/Gorpcore/68a59f74000000001c035930/image_03.webp,#6F6F69,#B3B2AF,gray,gray,0.256,0.231,ok
GRP-XHS-68a59f74000000001c035930-04,68a59f74000000001c035930,Dataset/xhs/xiaohongshu_images/Gorpcore/68a59f74000000001c035930/image_04.webp,#232222,#4E4F50,black,black,0.376,0.259,ok
GRP-XHS-68a59f74000000001c035930-05,68a59f74000000001c035930,Dataset/xhs/xiaohongshu_images/Gorpcore/68a59f74000000001c035930/image_05.webp,#C0BFBD,#AD9585,gray,gray,0.2906,0.1894,ok
GRP-XHS-68a59f74000000001c035930-06,68a59f74000000001c035930,Dataset/xhs/xiaohongshu_images/Gorpcore/68a59f74000000001c035930/image_06.webp,#6D6A68,#928981,gray,gray,0.2906,0.208,ok
GRP-XHS-68a59f74000000001c035930-07,68a59f74000000001c035930,Dataset/xhs/xiaohongshu_images/Gorpcore/68a59f74000000001c035930/image_07.webp,#5D6265,#D5D5CE,gray,gray,0.2878,0.2256,ok
GRP-XHS-68a59f74000000001c035930-08,68a59f74000000001c035930,Dataset/xhs/xiaohongshu_images/Gorpcore/68a59f74000000001c035930/image_08.webp,#55525A,#847A81,gray,gray,0.2468,0.2362,ok
GRP-XHS-69f20d80000000002003bb47-01,69f20d80000000002003bb47,Dataset/xhs/xiaohongshu_images/Gorpcore/69f20d80000000002003bb47/image_01.webp,#1B6189,#3A2E36,blue,blue,0.4364,0.2534,ok
GRP-XHS-69eec6370000000035020ff4-01,69eec6370000000035020ff4,Dataset/xhs/xiaohongshu_images/Gorpcore/69eec6370000000035020ff4/image_01.webp,#13140C,#A3AAAB,black,black,0.3318,0.302,ok
GRP-XHS-69eec6370000000035020ff4-02,69eec6370000000035020ff4,Dataset/xhs/xiaohongshu_images/Gorpcore/69eec6370000000035020ff4/image_02.webp,#FEFEFE,#567D87,white,white,0.416,0.2786,ok
GRP-XHS-69eec6370000000035020ff4-03,69eec6370000000035020ff4,Dataset/xhs/xiaohongshu_images/Gorpcore/69eec6370000000035020ff4/image_03.webp,#99AFAC,#1B2711,blue,blue,0.2428,0.2278,ok
GRP-XHS-69eec6370000000035020ff4-04,69eec6370000000035020ff4,Dataset/xhs/xiaohongshu_images/Gorpcore/69eec6370000000035020ff4/image_04.webp,#FFFFFF,#303128,white,white,0.649,0.1638,ok
GRP-XHS-69eec6370000000035020ff4-05,69eec6370000000035020ff4,Dataset/xhs/xiaohongshu_images/Gorpcore/69eec6370000000035020ff4/image_05.webp,#656354,#828580,brown,brown,0.3666,0.3044,ok
GRP-XHS-69eec6370000000035020ff4-06,69eec6370000000035020ff4,Dataset/xhs/xiaohongshu_images/Gorpcore/69eec6370000000035020ff4/image_06.webp,#A0A09D,#767A7E,gray,gray,0.6066,0.1268,ok
GRP-XHS-69eec6370000000035020ff4-07,69eec6370000000035020ff4,Dataset/xhs/xiaohongshu_images/Gorpcore/69eec6370000000035020ff4/image_07.webp,#FEFFFF,#DFE8E9,white,white,0.6764,0.1556,ok
GRP-XHS-69e73d67000000001b002dbd-01,69e73d67000000001b002dbd,Dataset/xhs/xiaohongshu_images/Gorpcore/69e73d67000000001b002dbd/image_01.webp,#232123,#F2EFED,black,black,0.2652,0.2502,ok
GRP-XHS-683052b7000000001200122c-01,683052b7000000001200122c,Dataset/xhs/xiaohongshu_images/Gorpcore/683052b7000000001200122c/image_01.webp,#FFFFFE,#DEDFD9,white,white,0.454,0.1972,ok
GRP-XHS-683052b7000000001200122c-02,683052b7000000001200122c,Dataset/xhs/xiaohongshu_images/Gorpcore/683052b7000000001200122c/image_02.webp,#FFFFFF,#858480,white,white,0.7492,0.0814,ok
GRP-XHS-683052b7000000001200122c-03,683052b7000000001200122c,Dataset/xhs/xiaohongshu_images/Gorpcore/683052b7000000001200122c/image_03.webp,#FEFEFE,#C8C6BD,white,white,0.812,0.0672,ok
GRP-XHS-683052b7000000001200122c-04,683052b7000000001200122c,Dataset/xhs/xiaohongshu_images/Gorpcore/683052b7000000001200122c/image_04.webp,#FEFEFE,#8C8C8C,white,white,0.8086,0.0636,ok
GRP-XHS-683052b7000000001200122c-05,683052b7000000001200122c,Dataset/xhs/xiaohongshu_images/Gorpcore/683052b7000000001200122c/image_05.webp,#FFFEFE,#989898,white,white,0.8444,0.0528,ok
GRP-XHS-683052b7000000001200122c-06,683052b7000000001200122c,Dataset/xhs/xiaohongshu_images/Gorpcore/683052b7000000001200122c/image_06.webp,#FFFFFE,#C9C7BF,white,white,0.8876,0.0432,ok
GRP-XHS-69e7632e000000001a02ef9c-01,69e7632e000000001a02ef9c,Dataset/xhs/xiaohongshu_images/Gorpcore/69e7632e000000001a02ef9c/image_01.webp,#DACCB9,#7A3613,khaki,khaki_or_beige,0.389,0.2276,ok
GRP-XHS-686cb8f6000000002400fef5-01,686cb8f6000000002400fef5,Dataset/xhs/xiaohongshu_images/Gorpcore/686cb8f6000000002400fef5/image_01.webp,#12141C,#3B3A45,black,black,0.258,0.2316,ok
GRP-XHS-69f1dea30000000022025413-01,69f1dea30000000022025413,Dataset/xhs/xiaohongshu_images/Gorpcore/69f1dea30000000022025413/image_01.webp,#9B928B,#74645A,gray,gray,0.2766,0.2354,ok
GRP-XHS-69f1dea30000000022025413-02,69f1dea30000000022025413,Dataset/xhs/xiaohongshu_images/Gorpcore/69f1dea30000000022025413/image_02.webp,#D2BB79,#9E9582,khaki,khaki_or_beige,0.2832,0.248,ok
GRP-XHS-69f1dea30000000022025413-03,69f1dea30000000022025413,Dataset/xhs/xiaohongshu_images/Gorpcore/69f1dea30000000022025413/image_03.webp,#0D1409,#686152,black,black,0.2842,0.2802,ok
GRP-XHS-69f1dea30000000022025413-04,69f1dea30000000022025413,Dataset/xhs/xiaohongshu_images/Gorpcore/69f1dea30000000022025413/image_04.webp,#D8CAB4,#F7EFE2,khaki,khaki_or_beige,0.3722,0.1872,ok
GRP-XHS-69f1dea30000000022025413-05,69f1dea30000000022025413,Dataset/xhs/xiaohongshu_images/Gorpcore/69f1dea30000000022025413/image_05.webp,#EBDBA9,#574B32,khaki,khaki_or_beige,0.418,0.1908,ok
GRP-XHS-69f1dea30000000022025413-06,69f1dea30000000022025413,Dataset/xhs/xiaohongshu_images/Gorpcore/69f1dea30000000022025413/image_06.webp,#9E9F9D,#7A776F,gray,gray,0.2796,0.2466,ok
GRP-XHS-69f1dea30000000022025413-07,69f1dea30000000022025413,Dataset/xhs/xiaohongshu_images/Gorpcore/69f1dea30000000022025413/image_07.webp,#A2A1A2,#ECEBE3,gray,gray,0.3746,0.289,ok
GRP-XHS-69f1dea30000000022025413-08,69f1dea30000000022025413,Dataset/xhs/xiaohongshu_images/Gorpcore/69f1dea30000000022025413/image_08.webp,#767070,#CDC5B5,gray,gray,0.362,0.2456,ok
GRP-XHS-69f1dea30000000022025413-09,69f1dea30000000022025413,Dataset/xhs/xiaohongshu_images/Gorpcore/69f1dea30000000022025413/image_09.webp,#8E8780,#CFB875,gray,gray,0.2466,0.242,ok
GRP-XHS-69f1dea30000000022025413-10,69f1dea30000000022025413,Dataset/xhs/xiaohongshu_images/Gorpcore/69f1dea30000000022025413/image_10.webp,#8A8582,#BBB6AD,gray,gray,0.3854,0.2956,ok
GRP-XHS-69f1dea30000000022025413-11,69f1dea30000000022025413,Dataset/xhs/xiaohongshu_images/Gorpcore/69f1dea30000000022025413/image_11.webp,#E4CE96,#B99658,khaki,khaki_or_beige,0.5052,0.14,ok
GRP-XHS-69f1dea30000000022025413-12,69f1dea30000000022025413,Dataset/xhs/xiaohongshu_images/Gorpcore/69f1dea30000000022025413/image_12.webp,#9B9897,#E2DDCF,gray,gray,0.3438,0.2796,ok
GRP-XHS-688755ec000000002001bfe0-01,688755ec000000002001bfe0,Dataset/xhs/xiaohongshu_images/Gorpcore/688755ec000000002001bfe0/image_01.webp,#0D1110,#424841,black,black,0.2788,0.2658,ok
GRP-XHS-688755ec000000002001bfe0-02,688755ec000000002001bfe0,Dataset/xhs/xiaohongshu_images/Gorpcore/688755ec000000002001bfe0/image_02.webp,#090D0D,#3F4843,black,black,0.2786,0.2702,ok
GRP-XHS-6a03008c0000000006021e75-01,6a03008c0000000006021e75,Dataset/xhs/xiaohongshu_images/Gorpcore/6a03008c0000000006021e75/image_01.webp,#917F6A,#73634E,orange,red_or_orange,0.3006,0.261,ok
GRP-XHS-6a03008c0000000006021e75-02,6a03008c0000000006021e75,Dataset/xhs/xiaohongshu_images/Gorpcore/6a03008c0000000006021e75/image_02.webp,#554E40,#7C7262,brown,brown,0.3238,0.2528,ok
GRP-XHS-6a03008c0000000006021e75-03,6a03008c0000000006021e75,Dataset/xhs/xiaohongshu_images/Gorpcore/6a03008c0000000006021e75/image_03.webp,#867D6D,#AFA99A,khaki,khaki_or_beige,0.3086,0.23,ok
GRP-XHS-6a03008c0000000006021e75-04,6a03008c0000000006021e75,Dataset/xhs/xiaohongshu_images/Gorpcore/6a03008c0000000006021e75/image_04.webp,#FCFDFD,#5B5448,white,white,0.2898,0.2588,ok
GRP-XHS-6a03008c0000000006021e75-05,6a03008c0000000006021e75,Dataset/xhs/xiaohongshu_images/Gorpcore/6a03008c0000000006021e75/image_05.webp,#63594A,#473F30,brown,brown,0.3044,0.2236,ok
GRP-XHS-6a03008c0000000006021e75-06,6a03008c0000000006021e75,Dataset/xhs/xiaohongshu_images/Gorpcore/6a03008c0000000006021e75/image_06.webp,#9A8C7B,#72695C,orange,red_or_orange,0.3918,0.1786,ok
GRP-XHS-6a03008c0000000006021e75-07,6a03008c0000000006021e75,Dataset/xhs/xiaohongshu_images/Gorpcore/6a03008c0000000006021e75/image_07.webp,#605A4F,#121215,brown,brown,0.2658,0.209,ok
GRP-XHS-6a03008c0000000006021e75-08,6a03008c0000000006021e75,Dataset/xhs/xiaohongshu_images/Gorpcore/6a03008c0000000006021e75/image_08.webp,#81796A,#A39E91,khaki,khaki_or_beige,0.2486,0.2298,ok
GRP-XHS-6a03008c0000000006021e75-09,6a03008c0000000006021e75,Dataset/xhs/xiaohongshu_images/Gorpcore/6a03008c0000000006021e75/image_09.webp,#999EA4,#C4C5C3,gray,gray,0.3088,0.2328,ok
GRP-XHS-6a03008c0000000006021e75-10,6a03008c0000000006021e75,Dataset/xhs/xiaohongshu_images/Gorpcore/6a03008c0000000006021e75/image_10.webp,#4A443E,#161414,orange,red_or_orange,0.265,0.2638,ok
GRP-XHS-6a03008c0000000006021e75-11,6a03008c0000000006021e75,Dataset/xhs/xiaohongshu_images/Gorpcore/6a03008c0000000006021e75/image_11.webp,#A3A5A1,#534536,gray,gray,0.2478,0.2078,ok
GRP-XHS-698081d70000000021030a28-01,698081d70000000021030a28,Dataset/xhs/xiaohongshu_images/Gorpcore/698081d70000000021030a28/image_01.webp,#CEDADB,#A4A7A1,white,white,0.2786,0.2274,ok
GRP-XHS-687a413f000000002203f377-01,687a413f000000002203f377,Dataset/xhs/xiaohongshu_images/Gorpcore/687a413f000000002203f377/image_01.webp,#1F1E1D,#A29388,black,black,0.3006,0.2476,ok
GRP-XHS-685cfe9d000000000b02c36b-01,685cfe9d000000000b02c36b,Dataset/xhs/xiaohongshu_images/Gorpcore/685cfe9d000000000b02c36b/image_01.webp,#CACECB,#0B1519,gray,gray,0.4036,0.2302,ok
GRP-XHS-685cfe9d000000000b02c36b-02,685cfe9d000000000b02c36b,Dataset/xhs/xiaohongshu_images/Gorpcore/685cfe9d000000000b02c36b/image_02.webp,#DDDFDC,#161B1B,white,white,0.4236,0.2868,ok
GRP-XHS-685cfe9d000000000b02c36b-03,685cfe9d000000000b02c36b,Dataset/xhs/xiaohongshu_images/Gorpcore/685cfe9d000000000b02c36b/image_03.webp,#171D1E,#DFDFD7,black,black,0.3304,0.2596,ok
GRP-XHS-685cfe9d000000000b02c36b-04,685cfe9d000000000b02c36b,Dataset/xhs/xiaohongshu_images/Gorpcore/685cfe9d000000000b02c36b/image_04.webp,#E4E4DE,#272D2D,white,white,0.4246,0.2976,ok
GRP-XHS-68877d1e0000000025011010-01,68877d1e0000000025011010,Dataset/xhs/xiaohongshu_images/Gorpcore/68877d1e0000000025011010/image_01.webp,#FCF5EA,#2E281E,white,white,0.434,0.1772,ok
GRP-XHS-68877d1e0000000025011010-02,68877d1e0000000025011010,Dataset/xhs/xiaohongshu_images/Gorpcore/68877d1e0000000025011010/image_02.webp,#69695F,#E3E2D9,gray,gray,0.2706,0.2646,ok
GRP-XHS-68877d1e0000000025011010-03,68877d1e0000000025011010,Dataset/xhs/xiaohongshu_images/Gorpcore/68877d1e0000000025011010/image_03.webp,#FDFDFC,#D4D2BF,white,white,0.4142,0.1636,ok
GRP-XHS-68877d1e0000000025011010-04,68877d1e0000000025011010,Dataset/xhs/xiaohongshu_images/Gorpcore/68877d1e0000000025011010/image_04.webp,#6F6F5D,#1E201B,olive,olive_or_green,0.2436,0.2332,ok
GRP-XHS-68877d1e0000000025011010-05,68877d1e0000000025011010,Dataset/xhs/xiaohongshu_images/Gorpcore/68877d1e0000000025011010/image_05.webp,#F7F7F4,#6E6536,white,white,0.3332,0.2066,ok
GRP-XHS-68877d1e0000000025011010-06,68877d1e0000000025011010,Dataset/xhs/xiaohongshu_images/Gorpcore/68877d1e0000000025011010/image_06.webp,#FEFEFD,#A09A92,white,white,0.3734,0.217,ok
GRP-XHS-68877d1e0000000025011010-07,68877d1e0000000025011010,Dataset/xhs/xiaohongshu_images/Gorpcore/68877d1e0000000025011010/image_07.webp,#FCFCFB,#55463F,white,white,0.3812,0.1724,ok
GRP-XHS-68877d1e0000000025011010-08,68877d1e0000000025011010,Dataset/xhs/xiaohongshu_images/Gorpcore/68877d1e0000000025011010/image_08.webp,#FDFCFB,#6A5645,white,white,0.3808,0.186,ok
GRP-XHS-68877d1e0000000025011010-09,68877d1e0000000025011010,Dataset/xhs/xiaohongshu_images/Gorpcore/68877d1e0000000025011010/image_09.webp,#FCFCFB,#2C2A2B,white,white,0.3742,0.238,ok
GRP-XHS-68877d1e0000000025011010-10,68877d1e0000000025011010,Dataset/xhs/xiaohongshu_images/Gorpcore/68877d1e0000000025011010/image_10.webp,#FBFCFB,#D6D4C9,white,white,0.309,0.2048,ok
GRP-XHS-685d621e000000001d00fea5-01,685d621e000000001d00fea5,Dataset/xhs/xiaohongshu_images/Gorpcore/685d621e000000001d00fea5/image_01.webp,#D7D6D8,#A7A5A4,white,white,0.3722,0.2308,ok
GRP-XHS-6a0d78f200000000060234d1-01,6a0d78f200000000060234d1,Dataset/xhs/xiaohongshu_images/Gorpcore/6a0d78f200000000060234d1/image_01.webp,#FDFDFD,#9C9C9C,white,white,0.5754,0.1294,ok
GRP-XHS-6a0d78f200000000060234d1-02,6a0d78f200000000060234d1,Dataset/xhs/xiaohongshu_images/Gorpcore/6a0d78f200000000060234d1/image_02.webp,#FEFEFE,#646464,white,white,0.6228,0.1158,ok
GRP-XHS-6a0d78f200000000060234d1-03,6a0d78f200000000060234d1,Dataset/xhs/xiaohongshu_images/Gorpcore/6a0d78f200000000060234d1/image_03.webp,#FDFDFD,#BCBCBC,white,white,0.6064,0.1264,ok
GRP-XHS-6a0d78f200000000060234d1-04,6a0d78f200000000060234d1,Dataset/xhs/xiaohongshu_images/Gorpcore/6a0d78f200000000060234d1/image_04.webp,#FDFDFD,#848484,white,white,0.6256,0.1174,ok
GRP-XHS-6a0d78f200000000060234d1-05,6a0d78f200000000060234d1,Dataset/xhs/xiaohongshu_images/Gorpcore/6a0d78f200000000060234d1/image_05.webp,#FDFDFD,#A9A9A9,white,white,0.5136,0.15,ok
GRP-XHS-69fde9270000000038036eb7-01,69fde9270000000038036eb7,Dataset/xhs/xiaohongshu_images/Gorpcore/69fde9270000000038036eb7/image_01.webp,#FEFEFD,#1E1C1B,white,white,0.6204,0.133,ok
GRP-XHS-69fde9270000000038036eb7-02,69fde9270000000038036eb7,Dataset/xhs/xiaohongshu_images/Gorpcore/69fde9270000000038036eb7/image_02.webp,#F6F4DF,#847D67,white,white,0.4152,0.2138,ok
GRP-XHS-69fde9270000000038036eb7-03,69fde9270000000038036eb7,Dataset/xhs/xiaohongshu_images/Gorpcore/69fde9270000000038036eb7/image_03.webp,#F4F1E1,#8C8A7A,white,white,0.531,0.2312,ok
GRP-XHS-69fde9270000000038036eb7-04,69fde9270000000038036eb7,Dataset/xhs/xiaohongshu_images/Gorpcore/69fde9270000000038036eb7/image_04.webp,#F4EFDE,#2D3744,white,white,0.507,0.314,ok
GRP-XHS-69fde9270000000038036eb7-05,69fde9270000000038036eb7,Dataset/xhs/xiaohongshu_images/Gorpcore/69fde9270000000038036eb7/image_05.webp,#F5F1DF,#BA372D,white,white,0.4376,0.1754,ok
GRP-XHS-69fde9270000000038036eb7-06,69fde9270000000038036eb7,Dataset/xhs/xiaohongshu_images/Gorpcore/69fde9270000000038036eb7/image_06.webp,#F6F3DF,#1E1E29,white,white,0.3166,0.263,ok
GRP-XHS-69fde9270000000038036eb7-07,69fde9270000000038036eb7,Dataset/xhs/xiaohongshu_images/Gorpcore/69fde9270000000038036eb7/image_07.webp,#F7F4E0,#432B2D,white,white,0.4016,0.1904,ok
GRP-XHS-69fde9270000000038036eb7-08,69fde9270000000038036eb7,Dataset/xhs/xiaohongshu_images/Gorpcore/69fde9270000000038036eb7/image_08.webp,#F7F4E1,#D6C2AC,white,white,0.3694,0.2206,ok
GRP-XHS-69fde9270000000038036eb7-09,69fde9270000000038036eb7,Dataset/xhs/xiaohongshu_images/Gorpcore/69fde9270000000038036eb7/image_09.webp,#F7F4E0,#B4B3BB,white,white,0.4952,0.1704,ok
GRP-XHS-6a0ee34d000000000702bd9f-01,6a0ee34d000000000702bd9f,Dataset/xhs/xiaohongshu_images/Gorpcore/6a0ee34d000000000702bd9f/image_01.webp,#837863,#AB9479,khaki,khaki_or_beige,0.332,0.2458,ok
GRP-XHS-6a0ee34d000000000702bd9f-02,6a0ee34d000000000702bd9f,Dataset/xhs/xiaohongshu_images/Gorpcore/6a0ee34d000000000702bd9f/image_02.webp,#91846F,#736843,khaki,khaki_or_beige,0.3406,0.2376,ok
GRP-XHS-6a0ee34d000000000702bd9f-03,6a0ee34d000000000702bd9f,Dataset/xhs/xiaohongshu_images/Gorpcore/6a0ee34d000000000702bd9f/image_03.webp,#AD8D6E,#D7B48E,orange,red_or_orange,0.5472,0.1748,ok
GRP-XHS-6a0ee34d000000000702bd9f-04,6a0ee34d000000000702bd9f,Dataset/xhs/xiaohongshu_images/Gorpcore/6a0ee34d000000000702bd9f/image_04.webp,#A98E79,#816852,orange,red_or_orange,0.3604,0.2218,ok
GRP-XHS-6a0ee34d000000000702bd9f-05,6a0ee34d000000000702bd9f,Dataset/xhs/xiaohongshu_images/Gorpcore/6a0ee34d000000000702bd9f/image_05.webp,#A59279,#796A51,orange,red_or_orange,0.4112,0.2116,ok
GRP-XHS-6a0ee34d000000000702bd9f-06,6a0ee34d000000000702bd9f,Dataset/xhs/xiaohongshu_images/Gorpcore/6a0ee34d000000000702bd9f/image_06.webp,#B49A78,#97773E,orange,red_or_orange,0.435,0.232,ok
GRP-XHS-6a0ee34d000000000702bd9f-07,6a0ee34d000000000702bd9f,Dataset/xhs/xiaohongshu_images/Gorpcore/6a0ee34d000000000702bd9f/image_07.webp,#BAA796,#A28972,orange,red_or_orange,0.3246,0.2476,ok
GRP-XHS-6a0ee34d000000000702bd9f-08,6a0ee34d000000000702bd9f,Dataset/xhs/xiaohongshu_images/Gorpcore/6a0ee34d000000000702bd9f/image_08.webp,#C6AB8C,#A98766,orange,red_or_orange,0.3186,0.3184,ok
GRP-XHS-6a0ee34d000000000702bd9f-09,6a0ee34d000000000702bd9f,Dataset/xhs/xiaohongshu_images/Gorpcore/6a0ee34d000000000702bd9f/image_09.webp,#BA9E82,#A0805F,orange,red_or_orange,0.4242,0.2166,ok
GRP-XHS-692ec0f4000000001f00490d-01,692ec0f4000000001f00490d,Dataset/xhs/xiaohongshu_images/Gorpcore/692ec0f4000000001f00490d/image_01.webp,#7B7D5D,#52553C,olive,olive_or_green,0.2888,0.2666,ok
GRP-XHS-692ec0f4000000001f00490d-02,692ec0f4000000001f00490d,Dataset/xhs/xiaohongshu_images/Gorpcore/692ec0f4000000001f00490d/image_02.webp,#61695F,#3D4730,gray,gray,0.2794,0.269,ok
GRP-XHS-692ec0f4000000001f00490d-03,692ec0f4000000001f00490d,Dataset/xhs/xiaohongshu_images/Gorpcore/692ec0f4000000001f00490d/image_03.webp,#3D4E42,#243229,green,olive_or_green,0.3374,0.2858,ok
GRP-XHS-692ec0f4000000001f00490d-04,692ec0f4000000001f00490d,Dataset/xhs/xiaohongshu_images/Gorpcore/692ec0f4000000001f00490d/image_04.webp,#474939,#25231A,olive,olive_or_green,0.4172,0.2794,ok
GRP-XHS-692ec0f4000000001f00490d-05,692ec0f4000000001f00490d,Dataset/xhs/xiaohongshu_images/Gorpcore/692ec0f4000000001f00490d/image_05.webp,#616B62,#485249,gray,gray,0.282,0.2306,ok
GRP-XHS-692ec0f4000000001f00490d-06,692ec0f4000000001f00490d,Dataset/xhs/xiaohongshu_images/Gorpcore/692ec0f4000000001f00490d/image_06.webp,#5E5856,#3C3A37,gray,gray,0.263,0.2362,ok
GRP-XHS-692ec0f4000000001f00490d-07,692ec0f4000000001f00490d,Dataset/xhs/xiaohongshu_images/Gorpcore/692ec0f4000000001f00490d/image_07.webp,#5F6456,#43483B,olive,olive_or_green,0.3592,0.2698,ok
GRP-XHS-692ec0f4000000001f00490d-08,692ec0f4000000001f00490d,Dataset/xhs/xiaohongshu_images/Gorpcore/692ec0f4000000001f00490d/image_08.webp,#252428,#4C4C4A,black,black,0.3918,0.3128,ok
GRP-XHS-692ec0f4000000001f00490d-09,692ec0f4000000001f00490d,Dataset/xhs/xiaohongshu_images/Gorpcore/692ec0f4000000001f00490d/image_09.webp,#514D4A,#2D2E2C,gray,gray,0.2946,0.2406,ok
GRP-XHS-692ec0f4000000001f00490d-10,692ec0f4000000001f00490d,Dataset/xhs/xiaohongshu_images/Gorpcore/692ec0f4000000001f00490d/image_10.webp,#131413,#33312F,black,black,0.3142,0.2622,ok
GRP-XHS-69ede6b400000000220283c3-01,69ede6b400000000220283c3,Dataset/xhs/xiaohongshu_images/Gorpcore/69ede6b400000000220283c3/image_01.webp,#C2A786,#E0E8EB,orange,red_or_orange,0.3818,0.21,ok
GRP-XHS-696b6bd7000000000e03f2b6-01,696b6bd7000000000e03f2b6,Dataset/xhs/xiaohongshu_images/Gorpcore/696b6bd7000000000e03f2b6/image_01.webp,#A2ADB6,#7A7C77,gray,gray,0.4788,0.22,ok
GRP-XHS-696b6bd7000000000e03f2b6-02,696b6bd7000000000e03f2b6,Dataset/xhs/xiaohongshu_images/Gorpcore/696b6bd7000000000e03f2b6/image_02.webp,#CEC2A8,#8A7C6C,khaki,khaki_or_beige,0.3486,0.2148,ok
GRP-XHS-696b6bd7000000000e03f2b6-03,696b6bd7000000000e03f2b6,Dataset/xhs/xiaohongshu_images/Gorpcore/696b6bd7000000000e03f2b6/image_03.webp,#DADBD5,#A9A59C,white,white,0.3984,0.3048,ok
GRP-XHS-696b6bd7000000000e03f2b6-04,696b6bd7000000000e03f2b6,Dataset/xhs/xiaohongshu_images/Gorpcore/696b6bd7000000000e03f2b6/image_04.webp,#CCCBC0,#908E88,gray,gray,0.3734,0.3128,ok
GRP-XHS-696b6bd7000000000e03f2b6-05,696b6bd7000000000e03f2b6,Dataset/xhs/xiaohongshu_images/Gorpcore/696b6bd7000000000e03f2b6/image_05.webp,#9C896A,#D7DEE7,khaki,khaki_or_beige,0.3322,0.2756,ok
GRP-XHS-696b6bd7000000000e03f2b6-06,696b6bd7000000000e03f2b6,Dataset/xhs/xiaohongshu_images/Gorpcore/696b6bd7000000000e03f2b6/image_06.webp,#959491,#70716F,gray,gray,0.362,0.2026,ok
GRP-XHS-696b6bd7000000000e03f2b6-07,696b6bd7000000000e03f2b6,Dataset/xhs/xiaohongshu_images/Gorpcore/696b6bd7000000000e03f2b6/image_07.webp,#949493,#C0BEB6,gray,gray,0.2492,0.224,ok
GRP-XHS-696b6bd7000000000e03f2b6-08,696b6bd7000000000e03f2b6,Dataset/xhs/xiaohongshu_images/Gorpcore/696b6bd7000000000e03f2b6/image_08.webp,#B8B6B1,#2A302F,gray,gray,0.2872,0.1904,ok
GRP-XHS-696b6bd7000000000e03f2b6-09,696b6bd7000000000e03f2b6,Dataset/xhs/xiaohongshu_images/Gorpcore/696b6bd7000000000e03f2b6/image_09.webp,#61605F,#8D8E8D,gray,gray,0.2678,0.2208,ok
GRP-XHS-696b6bd7000000000e03f2b6-10,696b6bd7000000000e03f2b6,Dataset/xhs/xiaohongshu_images/Gorpcore/696b6bd7000000000e03f2b6/image_10.webp,#363638,#CDCECA,gray,gray,0.2366,0.2324,ok
GRP-XHS-696b6bd7000000000e03f2b6-11,696b6bd7000000000e03f2b6,Dataset/xhs/xiaohongshu_images/Gorpcore/696b6bd7000000000e03f2b6/image_11.webp,#A19F96,#35373B,gray,gray,0.3398,0.2242,ok
GRP-XHS-69f21772000000003701d4ba-01,69f21772000000003701d4ba,Dataset/xhs/xiaohongshu_images/Gorpcore/69f21772000000003701d4ba/image_01.webp,#C99E5D,#2C2B28,yellow,yellow,0.2862,0.2792,ok
GRP-XHS-69f21772000000003701d4ba-03,69f21772000000003701d4ba,Dataset/xhs/xiaohongshu_images/Gorpcore/69f21772000000003701d4ba/image_03.webp,#BB8E4E,#BEBFB9,yellow,yellow,0.3574,0.2546,ok
GRP-XHS-69f21772000000003701d4ba-04,69f21772000000003701d4ba,Dataset/xhs/xiaohongshu_images/Gorpcore/69f21772000000003701d4ba/image_04.webp,#BEBDB9,#AEADAC,gray,gray,0.5332,0.1626,ok
GRP-XHS-69f21772000000003701d4ba-05,69f21772000000003701d4ba,Dataset/xhs/xiaohongshu_images/Gorpcore/69f21772000000003701d4ba/image_05.webp,#C2C3BF,#B2B4B6,gray,gray,0.4574,0.2354,ok
GRP-XHS-69f21772000000003701d4ba-06,69f21772000000003701d4ba,Dataset/xhs/xiaohongshu_images/Gorpcore/69f21772000000003701d4ba/image_06.webp,#B9BAB6,#AAACAE,gray,gray,0.4784,0.2256,ok
GRP-XHS-69f21772000000003701d4ba-09,69f21772000000003701d4ba,Dataset/xhs/xiaohongshu_images/Gorpcore/69f21772000000003701d4ba/image_09.webp,#B3B0AB,#999695,gray,gray,0.4886,0.3132,ok
GRP-XHS-69f21772000000003701d4ba-10,69f21772000000003701d4ba,Dataset/xhs/xiaohongshu_images/Gorpcore/69f21772000000003701d4ba/image_10.webp,#B9B6B1,#9D9C9B,gray,gray,0.4832,0.3094,ok
GRP-XHS-69f21772000000003701d4ba-12,69f21772000000003701d4ba,Dataset/xhs/xiaohongshu_images/Gorpcore/69f21772000000003701d4ba/image_12.webp,#BBB8B4,#A49D95,gray,gray,0.6018,0.1214,ok
GRP-XHS-693ab0b6000000001f005bfb-01,693ab0b6000000001f005bfb,Dataset/xhs/xiaohongshu_images/Gorpcore/693ab0b6000000001f005bfb/image_01.webp,#F2DD17,#2F2F2E,yellow,yellow,0.308,0.2766,ok
GRP-XHS-693ab0b6000000001f005bfb-02,693ab0b6000000001f005bfb,Dataset/xhs/xiaohongshu_images/Gorpcore/693ab0b6000000001f005bfb/image_02.webp,#0D0D0D,#302E2A,black,black,0.3948,0.208,ok
GRP-XHS-693ab0b6000000001f005bfb-03,693ab0b6000000001f005bfb,Dataset/xhs/xiaohongshu_images/Gorpcore/693ab0b6000000001f005bfb/image_03.webp,#EFE6DB,#A59D93,white,white,0.5942,0.1246,ok
GRP-XHS-693ab0b6000000001f005bfb-04,693ab0b6000000001f005bfb,Dataset/xhs/xiaohongshu_images/Gorpcore/693ab0b6000000001f005bfb/image_04.webp,#EEE4D9,#A0988E,white,white,0.6114,0.151,ok
GRP-XHS-693ab0b6000000001f005bfb-05,693ab0b6000000001f005bfb,Dataset/xhs/xiaohongshu_images/Gorpcore/693ab0b6000000001f005bfb/image_05.webp,#ECEBEB,#7F6D60,white,white,0.336,0.2244,ok
GRP-XHS-693ab0b6000000001f005bfb-06,693ab0b6000000001f005bfb,Dataset/xhs/xiaohongshu_images/Gorpcore/693ab0b6000000001f005bfb/image_06.webp,#211717,#583B35,black,black,0.2424,0.227,ok
GRP-XHS-69ff4cde000000003502365c-01,69ff4cde000000003502365c,Dataset/xhs/xiaohongshu_images/Gorpcore/69ff4cde000000003502365c/image_01.webp,#4A4946,#969899,gray,gray,0.2502,0.2298,ok
GRP-XHS-69ff4cde000000003502365c-03,69ff4cde000000003502365c,Dataset/xhs/xiaohongshu_images/Gorpcore/69ff4cde000000003502365c/image_03.webp,#D2D8DB,#9E9B8F,white,white,0.3228,0.201,ok
GRP-XHS-69ff4cde000000003502365c-04,69ff4cde000000003502365c,Dataset/xhs/xiaohongshu_images/Gorpcore/69ff4cde000000003502365c/image_04.webp,#DBDEE0,#A4A4A4,white,white,0.4968,0.14,ok
GRP-XHS-6a05b98200000000380205a2-01,6a05b98200000000380205a2,Dataset/xhs/xiaohongshu_images/Gorpcore/6a05b98200000000380205a2/image_01.webp,#B7B5B3,#878386,gray,gray,0.3264,0.2308,ok
GRP-XHS-692ffcd0000000000d03af2b-02,692ffcd0000000000d03af2b,Dataset/xhs/xiaohongshu_images/Gorpcore/692ffcd0000000000d03af2b/image_02.webp,#DEE0ED,#0B67AD,white,white,0.4874,0.201,ok
GRP-XHS-692ffcd0000000000d03af2b-03,692ffcd0000000000d03af2b,Dataset/xhs/xiaohongshu_images/Gorpcore/692ffcd0000000000d03af2b/image_03.webp,#105D8D,#08375B,blue,blue,0.3728,0.288,ok
GRP-XHS-692ffcd0000000000d03af2b-04,692ffcd0000000000d03af2b,Dataset/xhs/xiaohongshu_images/Gorpcore/692ffcd0000000000d03af2b/image_04.webp,#155888,#09060F,blue,blue,0.2306,0.2174,ok
GRP-XHS-692ffcd0000000000d03af2b-06,692ffcd0000000000d03af2b,Dataset/xhs/xiaohongshu_images/Gorpcore/692ffcd0000000000d03af2b/image_06.webp,#01519A,#BCC4D5,blue,blue,0.3654,0.249,ok
GRP-XHS-692ffcd0000000000d03af2b-07,692ffcd0000000000d03af2b,Dataset/xhs/xiaohongshu_images/Gorpcore/692ffcd0000000000d03af2b/image_07.webp,#AADDFE,#83C4F1,blue,blue,0.3964,0.2952,ok
GRP-XHS-68bbef51000000001b0345b5-01,68bbef51000000001b0345b5,Dataset/xhs/xiaohongshu_images/Gorpcore/68bbef51000000001b0345b5/image_01.webp,#629AD7,#705F41,blue,blue,0.3326,0.3112,ok
GRP-XHS-68bbef51000000001b0345b5-02,68bbef51000000001b0345b5,Dataset/xhs/xiaohongshu_images/Gorpcore/68bbef51000000001b0345b5/image_02.webp,#7C633A,#3674AF,yellow,yellow,0.2924,0.2818,ok
GRP-XHS-68bbef51000000001b0345b5-03,68bbef51000000001b0345b5,Dataset/xhs/xiaohongshu_images/Gorpcore/68bbef51000000001b0345b5/image_03.webp,#5D8BC9,#474131,blue,blue,0.2862,0.2704,ok
GRP-XHS-68bbef51000000001b0345b5-04,68bbef51000000001b0345b5,Dataset/xhs/xiaohongshu_images/Gorpcore/68bbef51000000001b0345b5/image_04.webp,#736342,#4F8BCD,brown,brown,0.3492,0.2208,ok
GRP-XHS-68bbef51000000001b0345b5-06,68bbef51000000001b0345b5,Dataset/xhs/xiaohongshu_images/Gorpcore/68bbef51000000001b0345b5/image_06.webp,#796545,#5E8BC3,brown,brown,0.3176,0.2168,ok
GRP-XHS-68bbef51000000001b0345b5-08,68bbef51000000001b0345b5,Dataset/xhs/xiaohongshu_images/Gorpcore/68bbef51000000001b0345b5/image_08.webp,#7F6A45,#4C83C3,yellow,yellow,0.3126,0.2224,ok
GRP-XHS-683437710000000021008566-01,683437710000000021008566,Dataset/xhs/xiaohongshu_images/Gorpcore/683437710000000021008566/image_01.webp,#2A2723,#BFB299,black,black,0.2676,0.1926,ok
GRP-XHS-683437710000000021008566-02,683437710000000021008566,Dataset/xhs/xiaohongshu_images/Gorpcore/683437710000000021008566/image_02.webp,#C3C1B8,#A29B87,gray,gray,0.2812,0.2196,ok
GRP-XHS-683437710000000021008566-03,683437710000000021008566,Dataset/xhs/xiaohongshu_images/Gorpcore/683437710000000021008566/image_03.webp,#0D0403,#2E201E,black,black,0.5134,0.1856,ok
GRP-XHS-683437710000000021008566-04,683437710000000021008566,Dataset/xhs/xiaohongshu_images/Gorpcore/683437710000000021008566/image_04.webp,#0D0403,#2D1F20,black,black,0.5656,0.1222,ok
GRP-XHS-683437710000000021008566-05,683437710000000021008566,Dataset/xhs/xiaohongshu_images/Gorpcore/683437710000000021008566/image_05.webp,#D8D1BB,#56483D,khaki,khaki_or_beige,0.324,0.1916,ok
GRP-XHS-683437710000000021008566-06,683437710000000021008566,Dataset/xhs/xiaohongshu_images/Gorpcore/683437710000000021008566/image_06.webp,#A29483,#1D1B1A,orange,red_or_orange,0.2332,0.232,ok
GRP-XHS-68835e78000000002400cc99-01,68835e78000000002400cc99,Dataset/xhs/xiaohongshu_images/Gorpcore/68835e78000000002400cc99/image_01.webp,#78804C,#4D522D,olive,olive_or_green,0.2674,0.2644,ok
GRP-XHS-68835e78000000002400cc99-02,68835e78000000002400cc99,Dataset/xhs/xiaohongshu_images/Gorpcore/68835e78000000002400cc99/image_02.webp,#191B1B,#D8C7B2,black,black,0.2452,0.2098,ok
GRP-XHS-68835e78000000002400cc99-04,68835e78000000002400cc99,Dataset/xhs/xiaohongshu_images/Gorpcore/68835e78000000002400cc99/image_04.webp,#504E3A,#79765D,brown,brown,0.3018,0.2338,ok
GRP-XHS-68835e78000000002400cc99-06,68835e78000000002400cc99,Dataset/xhs/xiaohongshu_images/Gorpcore/68835e78000000002400cc99/image_06.webp,#2F2214,#C0C786,orange,red_or_orange,0.3612,0.2136,ok
GRP-XHS-68835e78000000002400cc99-08,68835e78000000002400cc99,Dataset/xhs/xiaohongshu_images/Gorpcore/68835e78000000002400cc99/image_08.webp,#1B3026,#3E6345,green,olive_or_green,0.2702,0.2442,ok
GRP-XHS-69d20d15000000001d01e8ae-01,69d20d15000000001d01e8ae,Dataset/xhs/xiaohongshu_images/Gorpcore/69d20d15000000001d01e8ae/image_01.webp,#817060,#B3A99D,orange,red_or_orange,0.2424,0.2322,ok
GRP-XHS-69d20d15000000001d01e8ae-02,69d20d15000000001d01e8ae,Dataset/xhs/xiaohongshu_images/Gorpcore/69d20d15000000001d01e8ae/image_02.webp,#DDDBD8,#A59783,white,white,0.2508,0.2258,ok
GRP-XHS-69d20d15000000001d01e8ae-03,69d20d15000000001d01e8ae,Dataset/xhs/xiaohongshu_images/Gorpcore/69d20d15000000001d01e8ae/image_03.webp,#191C1E,#ADAAA2,black,black,0.251,0.2214,ok
GRP-XHS-69d20d15000000001d01e8ae-04,69d20d15000000001d01e8ae,Dataset/xhs/xiaohongshu_images/Gorpcore/69d20d15000000001d01e8ae/image_04.webp,#A1A29E,#80807C,gray,gray,0.303,0.2678,ok
GRP-XHS-69d20d15000000001d01e8ae-05,69d20d15000000001d01e8ae,Dataset/xhs/xiaohongshu_images/Gorpcore/69d20d15000000001d01e8ae/image_05.webp,#918E85,#A7A49C,gray,gray,0.3498,0.3076,ok
GRP-XHS-69d20d15000000001d01e8ae-06,69d20d15000000001d01e8ae,Dataset/xhs/xiaohongshu_images/Gorpcore/69d20d15000000001d01e8ae/image_06.webp,#B9B8AC,#DCE0D3,gray,gray,0.3114,0.249,ok
GRP-XHS-69d20d15000000001d01e8ae-07,69d20d15000000001d01e8ae,Dataset/xhs/xiaohongshu_images/Gorpcore/69d20d15000000001d01e8ae/image_07.webp,#B6A891,#836F5C,khaki,khaki_or_beige,0.3302,0.2226,ok
GRP-XHS-69d20d15000000001d01e8ae-08,69d20d15000000001d01e8ae,Dataset/xhs/xiaohongshu_images/Gorpcore/69d20d15000000001d01e8ae/image_08.webp,#060B0C,#D5C9CC,black,black,0.2904,0.2394,ok
GRP-XHS-69d20d15000000001d01e8ae-09,69d20d15000000001d01e8ae,Dataset/xhs/xiaohongshu_images/Gorpcore/69d20d15000000001d01e8ae/image_09.webp,#D2D0CF,#B6B0AA,white,white,0.3758,0.2654,ok
GRP-XHS-69d20d15000000001d01e8ae-10,69d20d15000000001d01e8ae,Dataset/xhs/xiaohongshu_images/Gorpcore/69d20d15000000001d01e8ae/image_10.webp,#DDD9D0,#CAC4BA,white,white,0.3426,0.2494,ok
GRP-XHS-69d20d15000000001d01e8ae-11,69d20d15000000001d01e8ae,Dataset/xhs/xiaohongshu_images/Gorpcore/69d20d15000000001d01e8ae/image_11.webp,#261F25,#61524C,black,black,0.2502,0.2316,ok
GRP-XHS-69d20d15000000001d01e8ae-12,69d20d15000000001d01e8ae,Dataset/xhs/xiaohongshu_images/Gorpcore/69d20d15000000001d01e8ae/image_12.webp,#7B6E61,#1D1E20,orange,red_or_orange,0.239,0.2362,ok
GRP-XHS-69d20d15000000001d01e8ae-13,69d20d15000000001d01e8ae,Dataset/xhs/xiaohongshu_images/Gorpcore/69d20d15000000001d01e8ae/image_13.webp,#FFFFFF,#E6E4D9,white,white,0.693,0.108,ok
GRP-XHS-6a0940aa000000000803f9e3-01,6a0940aa000000000803f9e3,Dataset/xhs/xiaohongshu_images/Gorpcore/6a0940aa000000000803f9e3/image_01.webp,#A08F80,#D4D3D2,orange,red_or_orange,0.2866,0.275,ok
GRP-XHS-6936cb07000000001e0062c4-01,6936cb07000000001e0062c4,Dataset/xhs/xiaohongshu_images/Gorpcore/6936cb07000000001e0062c4/image_01.webp,#2F322C,#0D0F0D,green,olive_or_green,0.339,0.3138,ok
GRP-XHS-6936cb07000000001e0062c4-02,6936cb07000000001e0062c4,Dataset/xhs/xiaohongshu_images/Gorpcore/6936cb07000000001e0062c4/image_02.webp,#293224,#4C5944,green,olive_or_green,0.323,0.2524,ok
GRP-XHS-6936cb07000000001e0062c4-03,6936cb07000000001e0062c4,Dataset/xhs/xiaohongshu_images/Gorpcore/6936cb07000000001e0062c4/image_03.webp,#292E23,#484E43,black,black,0.3044,0.2428,ok
GRP-XHS-6936cb07000000001e0062c4-04,6936cb07000000001e0062c4,Dataset/xhs/xiaohongshu_images/Gorpcore/6936cb07000000001e0062c4/image_04.webp,#3D423E,#1E2121,gray,gray,0.2452,0.2374,ok
GRP-XHS-6936cb07000000001e0062c4-05,6936cb07000000001e0062c4,Dataset/xhs/xiaohongshu_images/Gorpcore/6936cb07000000001e0062c4/image_05.webp,#737766,#4B5248,olive,olive_or_green,0.285,0.2534,ok
GRP-XHS-6936cb07000000001e0062c4-06,6936cb07000000001e0062c4,Dataset/xhs/xiaohongshu_images/Gorpcore/6936cb07000000001e0062c4/image_06.webp,#6F6C55,#1B1E1A,brown,brown,0.3074,0.272,ok
GRP-XHS-6936cb07000000001e0062c4-07,6936cb07000000001e0062c4,Dataset/xhs/xiaohongshu_images/Gorpcore/6936cb07000000001e0062c4/image_07.webp,#728492,#0F0E0B,blue,blue,0.3038,0.2524,ok
GRP-XHS-6936cb07000000001e0062c4-08,6936cb07000000001e0062c4,Dataset/xhs/xiaohongshu_images/Gorpcore/6936cb07000000001e0062c4/image_08.webp,#96A690,#374134,green,olive_or_green,0.2626,0.2126,ok
GRP-XHS-6a02ee460000000038037c4e-01,6a02ee460000000038037c4e,Dataset/xhs/xiaohongshu_images/Gorpcore/6a02ee460000000038037c4e/image_01.webp,#F9F6F3,#413F3B,white,white,0.5546,0.1478,ok
GRP-XHS-6a02ee460000000038037c4e-02,6a02ee460000000038037c4e,Dataset/xhs/xiaohongshu_images/Gorpcore/6a02ee460000000038037c4e/image_02.webp,#FEFEFE,#E8E8E8,white,white,0.7872,0.0718,ok
GRP-XHS-6a02ee460000000038037c4e-03,6a02ee460000000038037c4e,Dataset/xhs/xiaohongshu_images/Gorpcore/6a02ee460000000038037c4e/image_03.webp,#FEFEFE,#BBB8B1,white,white,0.643,0.1834,ok
GRP-XHS-6a02ee460000000038037c4e-04,6a02ee460000000038037c4e,Dataset/xhs/xiaohongshu_images/Gorpcore/6a02ee460000000038037c4e/image_04.webp,#FDFDFD,#E9E9E9,white,white,0.835,0.0598,ok
GRP-XHS-68442fd9000000002300c389-01,68442fd9000000002300c389,Dataset/xhs/xiaohongshu_images/Gorpcore/68442fd9000000002300c389/image_01.webp,#D6D4CF,#606450,white,white,0.2168,0.2078,ok
GRP-XHS-68442fd9000000002300c389-02,68442fd9000000002300c389,Dataset/xhs/xiaohongshu_images/Gorpcore/68442fd9000000002300c389/image_02.webp,#22251E,#696462,black,black,0.2992,0.2166,ok
GRP-XHS-68442fd9000000002300c389-03,68442fd9000000002300c389,Dataset/xhs/xiaohongshu_images/Gorpcore/68442fd9000000002300c389/image_03.webp,#4F3E22,#231B0E,brown,brown,0.2452,0.236,ok
GRP-XHS-68442fd9000000002300c389-04,68442fd9000000002300c389,Dataset/xhs/xiaohongshu_images/Gorpcore/68442fd9000000002300c389/image_04.webp,#535740,#1B1E18,olive,olive_or_green,0.2738,0.2564,ok
GRP-XHS-6a0c3bbd0000000006022c83-01,6a0c3bbd0000000006022c83,Dataset/xhs/xiaohongshu_images/Gorpcore/6a0c3bbd0000000006022c83/image_01.webp,#1A1A15,#94928B,black,black,0.283,0.2498,ok
GRP-XHS-6a0c3bbd0000000006022c83-02,6a0c3bbd0000000006022c83,Dataset/xhs/xiaohongshu_images/Gorpcore/6a0c3bbd0000000006022c83/image_02.webp,#1D1C17,#4B473F,black,black,0.2906,0.2662,ok
GRP-XHS-6a0c3bbd0000000006022c83-05,6a0c3bbd0000000006022c83,Dataset/xhs/xiaohongshu_images/Gorpcore/6a0c3bbd0000000006022c83/image_05.webp,#1F1E18,#4D4B42,black,black,0.3334,0.2336,ok
GRP-XHS-69ecc624000000001f0000ed-01,69ecc624000000001f0000ed,Dataset/xhs/xiaohongshu_images/Gorpcore/69ecc624000000001f0000ed/image_01.webp,#1C1D1D,#474342,black,black,0.262,0.262,ok
GRP-XHS-69ecc624000000001f0000ed-03,69ecc624000000001f0000ed,Dataset/xhs/xiaohongshu_images/Gorpcore/69ecc624000000001f0000ed/image_03.webp,#353A3E,#151819,blue,blue,0.3166,0.2616,ok
GRP-XHS-69ecc624000000001f0000ed-04,69ecc624000000001f0000ed,Dataset/xhs/xiaohongshu_images/Gorpcore/69ecc624000000001f0000ed/image_04.webp,#15161A,#8B96A5,black,black,0.294,0.2542,ok
GRP-XHS-69ecc624000000001f0000ed-07,69ecc624000000001f0000ed,Dataset/xhs/xiaohongshu_images/Gorpcore/69ecc624000000001f0000ed/image_07.webp,#252622,#575854,black,black,0.3048,0.236,ok
GRP-XHS-69ecc624000000001f0000ed-08,69ecc624000000001f0000ed,Dataset/xhs/xiaohongshu_images/Gorpcore/69ecc624000000001f0000ed/image_08.webp,#5E83B0,#3A608F,blue,blue,0.261,0.2552,ok
GRP-XHS-69ecc624000000001f0000ed-09,69ecc624000000001f0000ed,Dataset/xhs/xiaohongshu_images/Gorpcore/69ecc624000000001f0000ed/image_09.webp,#5E7994,#2D2621,blue,blue,0.236,0.2018,ok
GRP-XHS-6a0d81eb000000003502dcf1-01,6a0d81eb000000003502dcf1,Dataset/xhs/xiaohongshu_images/Gorpcore/6a0d81eb000000003502dcf1/image_01.webp,#857259,#B89866,orange,red_or_orange,0.3522,0.2318,ok
GRP-XHS-69d3a506000000001d01bf7c-01,69d3a506000000001d01bf7c,Dataset/xhs/xiaohongshu_images/Gorpcore/69d3a506000000001d01bf7c/image_01.webp,#787672,#201C14,gray,gray,0.26,0.2548,ok
GRP-XHS-69d3a506000000001d01bf7c-03,69d3a506000000001d01bf7c,Dataset/xhs/xiaohongshu_images/Gorpcore/69d3a506000000001d01bf7c/image_03.webp,#5C5248,#231C1B,orange,red_or_orange,0.2704,0.2554,ok
GRP-XHS-69d3a506000000001d01bf7c-05,69d3a506000000001d01bf7c,Dataset/xhs/xiaohongshu_images/Gorpcore/69d3a506000000001d01bf7c/image_05.webp,#1F1B14,#A6A4A0,black,black,0.2662,0.2396,ok
GRP-XHS-69d3a506000000001d01bf7c-06,69d3a506000000001d01bf7c,Dataset/xhs/xiaohongshu_images/Gorpcore/69d3a506000000001d01bf7c/image_06.webp,#A09D98,#BCB9B5,gray,gray,0.2978,0.2468,ok
GRP-XHS-69259203000000001e0372c2-01,69259203000000001e0372c2,Dataset/xhs/xiaohongshu_images/Gorpcore/69259203000000001e0372c2/image_01.webp,#0E0F10,#825943,black,black,0.4284,0.256,ok
GRP-XHS-69259203000000001e0372c2-02,69259203000000001e0372c2,Dataset/xhs/xiaohongshu_images/Gorpcore/69259203000000001e0372c2/image_02.webp,#0B0D0D,#212729,black,black,0.3374,0.2542,ok
GRP-XHS-69259203000000001e0372c2-03,69259203000000001e0372c2,Dataset/xhs/xiaohongshu_images/Gorpcore/69259203000000001e0372c2/image_03.webp,#121314,#8D6B55,black,black,0.4776,0.229,ok
GRP-XHS-69259203000000001e0372c2-04,69259203000000001e0372c2,Dataset/xhs/xiaohongshu_images/Gorpcore/69259203000000001e0372c2/image_04.webp,#09090A,#1B1D1F,black,black,0.3616,0.2902,ok
GRP-XHS-69259203000000001e0372c2-05,69259203000000001e0372c2,Dataset/xhs/xiaohongshu_images/Gorpcore/69259203000000001e0372c2/image_05.webp,#080909,#191C1D,black,black,0.342,0.283,ok
GRP-XHS-6975edd2000000002800b5c8-01,6975edd2000000002800b5c8,Dataset/xhs/xiaohongshu_images/Gorpcore/6975edd2000000002800b5c8/image_01.webp,#817D6A,#A5A091,khaki,khaki_or_beige,0.297,0.2908,ok
GRP-XHS-6975edd2000000002800b5c8-02,6975edd2000000002800b5c8,Dataset/xhs/xiaohongshu_images/Gorpcore/6975edd2000000002800b5c8/image_02.webp,#7A7664,#9F998F,brown,brown,0.3432,0.1826,ok
GRP-XHS-6975edd2000000002800b5c8-03,6975edd2000000002800b5c8,Dataset/xhs/xiaohongshu_images/Gorpcore/6975edd2000000002800b5c8/image_03.webp,#84806C,#A19C8C,khaki,khaki_or_beige,0.291,0.279,ok
GRP-XHS-6975edd2000000002800b5c8-04,6975edd2000000002800b5c8,Dataset/xhs/xiaohongshu_images/Gorpcore/6975edd2000000002800b5c8/image_04.webp,#908C78,#B4AEA3,khaki,khaki_or_beige,0.3468,0.244,ok
GRP-XHS-6975edd2000000002800b5c8-05,6975edd2000000002800b5c8,Dataset/xhs/xiaohongshu_images/Gorpcore/6975edd2000000002800b5c8/image_05.webp,#85826F,#AAA595,khaki,khaki_or_beige,0.285,0.2704,ok
GRP-XHS-6975edd2000000002800b5c8-06,6975edd2000000002800b5c8,Dataset/xhs/xiaohongshu_images/Gorpcore/6975edd2000000002800b5c8/image_06.webp,#97927C,#787260,khaki,khaki_or_beige,0.3228,0.2154,ok
GRP-XHS-6975edd2000000002800b5c8-07,6975edd2000000002800b5c8,Dataset/xhs/xiaohongshu_images/Gorpcore/6975edd2000000002800b5c8/image_07.webp,#908A6F,#AAA68E,khaki,khaki_or_beige,0.3784,0.24,ok
GRP-XHS-69ee18a6000000001f00585d-01,69ee18a6000000001f00585d,Dataset/xhs/xiaohongshu_images/Gorpcore/69ee18a6000000001f00585d/image_01.webp,#BDBAB3,#918C85,gray,gray,0.3244,0.223,ok
GRP-XHS-69ee18a6000000001f00585d-02,69ee18a6000000001f00585d,Dataset/xhs/xiaohongshu_images/Gorpcore/69ee18a6000000001f00585d/image_02.webp,#6D6B66,#C5C6C6,gray,gray,0.3322,0.2152,ok
GRP-XHS-69ee18a6000000001f00585d-04,69ee18a6000000001f00585d,Dataset/xhs/xiaohongshu_images/Gorpcore/69ee18a6000000001f00585d/image_04.webp,#D2CEC7,#B9AFA4,white,white,0.335,0.2454,ok
GRP-XHS-69ee18a6000000001f00585d-05,69ee18a6000000001f00585d,Dataset/xhs/xiaohongshu_images/Gorpcore/69ee18a6000000001f00585d/image_05.webp,#CFC8B9,#5E646B,gray,gray,0.3722,0.2154,ok
GRP-XHS-69ee18a6000000001f00585d-06,69ee18a6000000001f00585d,Dataset/xhs/xiaohongshu_images/Gorpcore/69ee18a6000000001f00585d/image_06.webp,#CFCBC0,#707170,gray,gray,0.4032,0.28,ok
GRP-XHS-69ee18a6000000001f00585d-07,69ee18a6000000001f00585d,Dataset/xhs/xiaohongshu_images/Gorpcore/69ee18a6000000001f00585d/image_07.webp,#B5B2AE,#CECCC9,gray,gray,0.2896,0.2144,ok
GRP-XHS-69ee18a6000000001f00585d-08,69ee18a6000000001f00585d,Dataset/xhs/xiaohongshu_images/Gorpcore/69ee18a6000000001f00585d/image_08.webp,#766F60,#D9D6D1,brown,brown,0.368,0.3054,ok
GRP-XHS-69ee18a6000000001f00585d-09,69ee18a6000000001f00585d,Dataset/xhs/xiaohongshu_images/Gorpcore/69ee18a6000000001f00585d/image_09.webp,#75665B,#E0D8C2,orange,red_or_orange,0.3246,0.3228,ok
GRP-XHS-683e7d20000000002100c440-01,683e7d20000000002100c440,Dataset/xhs/xiaohongshu_images/Gorpcore/683e7d20000000002100c440/image_01.webp,#796045,#DABD9A,orange,red_or_orange,0.2784,0.2016,ok
GRP-XHS-6a0ed78f0000000035022f85-03,6a0ed78f0000000035022f85,Dataset/xhs/xiaohongshu_images/Gorpcore/6a0ed78f0000000035022f85/image_03.webp,#F7F7F7,#3C3E41,white,white,0.8852,0.061,ok
GRP-XHS-6a0ed78f0000000035022f85-04,6a0ed78f0000000035022f85,Dataset/xhs/xiaohongshu_images/Gorpcore/6a0ed78f0000000035022f85/image_04.webp,#F7F7F7,#2E3033,white,white,0.8844,0.0422,ok
GRP-XHS-6a0ed78f0000000035022f85-05,6a0ed78f0000000035022f85,Dataset/xhs/xiaohongshu_images/Gorpcore/6a0ed78f0000000035022f85/image_05.webp,#F7F7F7,#1A1C1F,white,white,0.719,0.1456,ok
GRP-XHS-6900448b0000000005002ba0-01,6900448b0000000005002ba0,Dataset/xhs/xiaohongshu_images/Gorpcore/6900448b0000000005002ba0/image_01.webp,#27281F,#7C7C7A,black,black,0.339,0.2416,ok
GRP-XHS-6900448b0000000005002ba0-02,6900448b0000000005002ba0,Dataset/xhs/xiaohongshu_images/Gorpcore/6900448b0000000005002ba0/image_02.webp,#222421,#4E4E46,black,black,0.316,0.2796,ok
GRP-XHS-6900448b0000000005002ba0-03,6900448b0000000005002ba0,Dataset/xhs/xiaohongshu_images/Gorpcore/6900448b0000000005002ba0/image_03.webp,#25281D,#5A5F52,black,black,0.4632,0.2704,ok
GRP-XHS-6900448b0000000005002ba0-04,6900448b0000000005002ba0,Dataset/xhs/xiaohongshu_images/Gorpcore/6900448b0000000005002ba0/image_04.webp,#82726A,#23251D,orange,red_or_orange,0.3272,0.2952,ok
GRP-XHS-6900448b0000000005002ba0-05,6900448b0000000005002ba0,Dataset/xhs/xiaohongshu_images/Gorpcore/6900448b0000000005002ba0/image_05.webp,#74675E,#474436,orange,red_or_orange,0.2804,0.2728,ok
GRP-XHS-6900448b0000000005002ba0-06,6900448b0000000005002ba0,Dataset/xhs/xiaohongshu_images/Gorpcore/6900448b0000000005002ba0/image_06.webp,#82807C,#262820,gray,gray,0.3092,0.298,ok
GRP-XHS-6900448b0000000005002ba0-07,6900448b0000000005002ba0,Dataset/xhs/xiaohongshu_images/Gorpcore/6900448b0000000005002ba0/image_07.webp,#252721,#535043,black,black,0.2982,0.264,ok
GRP-XHS-6900448b0000000005002ba0-09,6900448b0000000005002ba0,Dataset/xhs/xiaohongshu_images/Gorpcore/6900448b0000000005002ba0/image_09.webp,#212727,#484C43,black,black,0.2886,0.2534,ok
GRP-XHS-69bf6e53000000001f00420d-01,69bf6e53000000001f00420d,Dataset/xhs/xiaohongshu_images/Gorpcore/69bf6e53000000001f00420d/image_01.webp,#170D0D,#695852,black,black,0.3134,0.2352,ok
GRP-XHS-69bf6e53000000001f00420d-02,69bf6e53000000001f00420d,Dataset/xhs/xiaohongshu_images/Gorpcore/69bf6e53000000001f00420d/image_02.webp,#334D82,#1F1C1C,blue,blue,0.442,0.2352,ok
GRP-XHS-69bf6e53000000001f00420d-03,69bf6e53000000001f00420d,Dataset/xhs/xiaohongshu_images/Gorpcore/69bf6e53000000001f00420d/image_03.webp,#171615,#BEAC8C,black,black,0.2706,0.2162,ok
GRP-XHS-69bf6e53000000001f00420d-04,69bf6e53000000001f00420d,Dataset/xhs/xiaohongshu_images/Gorpcore/69bf6e53000000001f00420d/image_04.webp,#B3B9BE,#181414,gray,gray,0.4588,0.1654,ok
GRP-XHS-69fca9a40000000023016bdf-01,69fca9a40000000023016bdf,Dataset/xhs/xiaohongshu_images/Gorpcore/69fca9a40000000023016bdf/image_01.webp,#444345,#E9E7E7,gray,gray,0.5736,0.1504,ok
GRP-XHS-69fca9a40000000023016bdf-02,69fca9a40000000023016bdf,Dataset/xhs/xiaohongshu_images/Gorpcore/69fca9a40000000023016bdf/image_02.webp,#565350,#96928C,gray,gray,0.2546,0.2304,ok
GRP-XHS-69fca9a40000000023016bdf-03,69fca9a40000000023016bdf,Dataset/xhs/xiaohongshu_images/Gorpcore/69fca9a40000000023016bdf/image_03.webp,#413D3C,#18191B,gray,gray,0.3508,0.277,ok
GRP-XHS-69fca9a40000000023016bdf-04,69fca9a40000000023016bdf,Dataset/xhs/xiaohongshu_images/Gorpcore/69fca9a40000000023016bdf/image_04.webp,#595650,#7E776D,gray,gray,0.3676,0.1844,ok
GRP-XHS-69fca9a40000000023016bdf-05,69fca9a40000000023016bdf,Dataset/xhs/xiaohongshu_images/Gorpcore/69fca9a40000000023016bdf/image_05.webp,#474B53,#B4AFA9,blue,blue,0.3298,0.2594,ok
GRP-XHS-69fca9a40000000023016bdf-06,69fca9a40000000023016bdf,Dataset/xhs/xiaohongshu_images/Gorpcore/69fca9a40000000023016bdf/image_06.webp,#4E4947,#6E6D6E,gray,gray,0.3622,0.323,ok
GRP-XHS-69fca9a40000000023016bdf-07,69fca9a40000000023016bdf,Dataset/xhs/xiaohongshu_images/Gorpcore/69fca9a40000000023016bdf/image_07.webp,#383A3C,#D4D9DF,gray,gray,0.2552,0.207,ok
GRP-XHS-68694b7e0000000012023f13-01,68694b7e0000000012023f13,Dataset/xhs/xiaohongshu_images/Gorpcore/68694b7e0000000012023f13/image_01.webp,#D4DFBC,#FBFCFB,olive,olive_or_green,0.451,0.2386,ok
GRP-XHS-68694b7e0000000012023f13-02,68694b7e0000000012023f13,Dataset/xhs/xiaohongshu_images/Gorpcore/68694b7e0000000012023f13/image_02.webp,#E2EACF,#CEDCB2,white,white,0.4122,0.3282,ok
GRP-XHS-68694b7e0000000012023f13-03,68694b7e0000000012023f13,Dataset/xhs/xiaohongshu_images/Gorpcore/68694b7e0000000012023f13/image_03.webp,#E0EACC,#CCD9AD,olive,olive_or_green,0.4906,0.2876,ok
GRP-XHS-68694b7e0000000012023f13-04,68694b7e0000000012023f13,Dataset/xhs/xiaohongshu_images/Gorpcore/68694b7e0000000012023f13/image_04.webp,#E0EACB,#CDDBAC,olive,olive_or_green,0.4934,0.2542,ok
GRP-XHS-68694b7e0000000012023f13-05,68694b7e0000000012023f13,Dataset/xhs/xiaohongshu_images/Gorpcore/68694b7e0000000012023f13/image_05.webp,#E1EACD,#CFDFB2,olive,olive_or_green,0.4306,0.3862,ok
GRP-XHS-68694b7e0000000012023f13-06,68694b7e0000000012023f13,Dataset/xhs/xiaohongshu_images/Gorpcore/68694b7e0000000012023f13/image_06.webp,#D2E1B5,#E4ECD1,olive,olive_or_green,0.445,0.3946,ok
GRP-XHS-69e5fad4000000001f004b26-01,69e5fad4000000001f004b26,Dataset/xhs/xiaohongshu_images/Gorpcore/69e5fad4000000001f004b26/image_01.webp,#514335,#837059,orange,red_or_orange,0.2798,0.2382,ok
GRP-XHS-6a0f0ad9000000003701c81e-01,6a0f0ad9000000003701c81e,Dataset/xhs/xiaohongshu_images/Gorpcore/6a0f0ad9000000003701c81e/image_01.webp,#FEFEFE,#897155,white,white,0.4888,0.1872,ok
GRP-XHS-6a01aea70000000007021ee1-01,6a01aea70000000007021ee1,Dataset/xhs/xiaohongshu_images/Gorpcore/6a01aea70000000007021ee1/image_01.webp,#2E221C,#989088,black,black,0.2722,0.2708,ok
GRP-XHS-69b6b7dc000000002800a698-01,69b6b7dc000000002800a698,Dataset/xhs/xiaohongshu_images/Gorpcore/69b6b7dc000000002800a698/image_01.webp,#788592,#96A2AB,blue,blue,0.3052,0.2672,ok
GRP-XHS-69b6b7dc000000002800a698-02,69b6b7dc000000002800a698,Dataset/xhs/xiaohongshu_images/Gorpcore/69b6b7dc000000002800a698/image_02.webp,#636E7C,#D1D8DA,blue,blue,0.3034,0.2864,ok
GRP-XHS-69b6b7dc000000002800a698-03,69b6b7dc000000002800a698,Dataset/xhs/xiaohongshu_images/Gorpcore/69b6b7dc000000002800a698/image_03.webp,#83909B,#67717C,blue,blue,0.3502,0.2452,ok
GRP-XHS-69b6b7dc000000002800a698-04,69b6b7dc000000002800a698,Dataset/xhs/xiaohongshu_images/Gorpcore/69b6b7dc000000002800a698/image_04.webp,#8A9BA8,#5F7991,blue,blue,0.422,0.1866,ok
GRP-XHS-69b6b7dc000000002800a698-05,69b6b7dc000000002800a698,Dataset/xhs/xiaohongshu_images/Gorpcore/69b6b7dc000000002800a698/image_05.webp,#717E8A,#525B63,blue,blue,0.4026,0.2168,ok
GRP-XHS-68cab82e000000000e033c94-01,68cab82e000000000e033c94,Dataset/xhs/xiaohongshu_images/Gorpcore/68cab82e000000000e033c94/image_01.webp,#1E222B,#E4E5DF,black,black,0.2562,0.2466,ok
GRP-XHS-68cab82e000000000e033c94-02,68cab82e000000000e033c94,Dataset/xhs/xiaohongshu_images/Gorpcore/68cab82e000000000e033c94/image_02.webp,#151D27,#A8ABA9,black,black,0.2396,0.218,ok
GRP-XHS-6a08700700000000070298e2-01,6a08700700000000070298e2,Dataset/xhs/xiaohongshu_images/Gorpcore/6a08700700000000070298e2/image_01.webp,#0F0F0C,#21211D,black,black,0.48,0.304,ok
GRP-XHS-6a08700700000000070298e2-02,6a08700700000000070298e2,Dataset/xhs/xiaohongshu_images/Gorpcore/6a08700700000000070298e2/image_02.webp,#060604,#29251F,black,black,0.5332,0.193,ok
GRP-XHS-6a0d7a39000000000702b101-01,6a0d7a39000000000702b101,Dataset/xhs/xiaohongshu_images/Gorpcore/6a0d7a39000000000702b101/image_01.webp,#101711,#364336,black,black,0.3522,0.2724,ok
GRP-XHS-6a0d7a39000000000702b101-02,6a0d7a39000000000702b101,Dataset/xhs/xiaohongshu_images/Gorpcore/6a0d7a39000000000702b101/image_02.webp,#101611,#646B61,black,black,0.3222,0.2462,ok
GRP-XHS-6a0d7a39000000000702b101-03,6a0d7a39000000000702b101,Dataset/xhs/xiaohongshu_images/Gorpcore/6a0d7a39000000000702b101/image_03.webp,#0D130E,#2D3A2E,black,black,0.378,0.2604,ok
GRP-XHS-6a0d7a39000000000702b101-04,6a0d7a39000000000702b101,Dataset/xhs/xiaohongshu_images/Gorpcore/6a0d7a39000000000702b101/image_04.webp,#0E130E,#2E3B2F,black,black,0.3196,0.2868,ok
GRP-XHS-6a0d7a39000000000702b101-05,6a0d7a39000000000702b101,Dataset/xhs/xiaohongshu_images/Gorpcore/6a0d7a39000000000702b101/image_05.webp,#0F2363,#675945,blue,blue,0.3768,0.2276,ok
GRP-XHS-6a0d7a39000000000702b101-07,6a0d7a39000000000702b101,Dataset/xhs/xiaohongshu_images/Gorpcore/6a0d7a39000000000702b101/image_07.webp,#0F2D6D,#84776E,blue,blue,0.4864,0.1562,ok
GRP-XHS-6a0d7a39000000000702b101-08,6a0d7a39000000000702b101,Dataset/xhs/xiaohongshu_images/Gorpcore/6a0d7a39000000000702b101/image_08.webp,#4F4E31,#716657,olive,olive_or_green,0.288,0.2806,ok
GRP-XHS-6a0d7a39000000000702b101-09,6a0d7a39000000000702b101,Dataset/xhs/xiaohongshu_images/Gorpcore/6a0d7a39000000000702b101/image_09.webp,#5F6262,#43453F,gray,gray,0.2998,0.2374,ok
GRP-XHS-6a0fd65e0000000007010d85-01,6a0fd65e0000000007010d85,Dataset/xhs/xiaohongshu_images/Gorpcore/6a0fd65e0000000007010d85/image_01.webp,#2E2B26,#544F4A,orange,red_or_orange,0.2862,0.2326,ok
GRP-XHS-6a0fd65e0000000007010d85-02,6a0fd65e0000000007010d85,Dataset/xhs/xiaohongshu_images/Gorpcore/6a0fd65e0000000007010d85/image_02.webp,#CFCFC9,#BBB9B2,gray,gray,0.4934,0.1894,ok
GRP-XHS-6a0fd65e0000000007010d85-03,6a0fd65e0000000007010d85,Dataset/xhs/xiaohongshu_images/Gorpcore/6a0fd65e0000000007010d85/image_03.webp,#181615,#B5B2AF,black,black,0.3712,0.2432,ok
GRP-XHS-6a0fd65e0000000007010d85-04,6a0fd65e0000000007010d85,Dataset/xhs/xiaohongshu_images/Gorpcore/6a0fd65e0000000007010d85/image_04.webp,#3A3B41,#111114,gray,gray,0.3106,0.268,ok
GRP-XHS-6a0fd65e0000000007010d85-05,6a0fd65e0000000007010d85,Dataset/xhs/xiaohongshu_images/Gorpcore/6a0fd65e0000000007010d85/image_05.webp,#A1A09B,#1C1819,gray,gray,0.2686,0.2638,ok
GRP-XHS-6a0fd65e0000000007010d85-06,6a0fd65e0000000007010d85,Dataset/xhs/xiaohongshu_images/Gorpcore/6a0fd65e0000000007010d85/image_06.webp,#171819,#4B4743,black,black,0.3694,0.2408,ok
GRP-XHS-6a0fd65e0000000007010d85-07,6a0fd65e0000000007010d85,Dataset/xhs/xiaohongshu_images/Gorpcore/6a0fd65e0000000007010d85/image_07.webp,#1A1B1B,#494845,black,black,0.3346,0.2256,ok
GRP-XHS-6a0fd65e0000000007010d85-08,6a0fd65e0000000007010d85,Dataset/xhs/xiaohongshu_images/Gorpcore/6a0fd65e0000000007010d85/image_08.webp,#2A2C2D,#4E4E4D,black,black,0.26,0.2186,ok
GRP-XHS-6a0fd65e0000000007010d85-09,6a0fd65e0000000007010d85,Dataset/xhs/xiaohongshu_images/Gorpcore/6a0fd65e0000000007010d85/image_09.webp,#030304,#201E1C,black,black,0.6038,0.1304,ok
GRP-XHS-69e7248f000000002102dd79-01,69e7248f000000002102dd79,Dataset/xhs/xiaohongshu_images/Gorpcore/69e7248f000000002102dd79/image_01.webp,#32362B,#171A13,olive,olive_or_green,0.3062,0.2652,ok
GRP-XHS-69e7248f000000002102dd79-02,69e7248f000000002102dd79,Dataset/xhs/xiaohongshu_images/Gorpcore/69e7248f000000002102dd79/image_02.webp,#555049,#786C59,brown,brown,0.2852,0.2448,ok
GRP-XHS-69e7248f000000002102dd79-03,69e7248f000000002102dd79,Dataset/xhs/xiaohongshu_images/Gorpcore/69e7248f000000002102dd79/image_03.webp,#262721,#4B4943,black,black,0.2846,0.2796,ok
GRP-XHS-69e7248f000000002102dd79-04,69e7248f000000002102dd79,Dataset/xhs/xiaohongshu_images/Gorpcore/69e7248f000000002102dd79/image_04.webp,#938260,#6A6232,khaki,khaki_or_beige,0.2938,0.248,ok
GRP-XHS-69e7248f000000002102dd79-05,69e7248f000000002102dd79,Dataset/xhs/xiaohongshu_images/Gorpcore/69e7248f000000002102dd79/image_05.webp,#414437,#21241C,olive,olive_or_green,0.3408,0.3072,ok
GRP-XHS-69e7248f000000002102dd79-06,69e7248f000000002102dd79,Dataset/xhs/xiaohongshu_images/Gorpcore/69e7248f000000002102dd79/image_06.webp,#3C4035,#1E211C,olive,olive_or_green,0.3536,0.294,ok
GRP-XHS-6a0be8fa000000000702cc93-01,6a0be8fa000000000702cc93,Dataset/xhs/xiaohongshu_images/Gorpcore/6a0be8fa000000000702cc93/image_01.webp,#6D6961,#4E4C44,gray,gray,0.2884,0.283,ok
GRP-XHS-6a0be8fa000000000702cc93-02,6a0be8fa000000000702cc93,Dataset/xhs/xiaohongshu_images/Gorpcore/6a0be8fa000000000702cc93/image_02.webp,#3C4629,#1F2216,olive,olive_or_green,0.3528,0.2464,ok
GRP-XHS-6a0be8fa000000000702cc93-04,6a0be8fa000000000702cc93,Dataset/xhs/xiaohongshu_images/Gorpcore/6a0be8fa000000000702cc93/image_04.webp,#353B2C,#151813,green,olive_or_green,0.2746,0.2428,ok
GRP-XHS-6a0be8fa000000000702cc93-05,6a0be8fa000000000702cc93,Dataset/xhs/xiaohongshu_images/Gorpcore/6a0be8fa000000000702cc93/image_05.webp,#6F715C,#97937F,olive,olive_or_green,0.2668,0.2356,ok
GRP-XHS-6a0be8fa000000000702cc93-07,6a0be8fa000000000702cc93,Dataset/xhs/xiaohongshu_images/Gorpcore/6a0be8fa000000000702cc93/image_07.webp,#494B34,#2B2B1C,olive,olive_or_green,0.2738,0.2632,ok
GRP-XHS-6870eeb30000000010025b35-01,6870eeb30000000010025b35,Dataset/xhs/xiaohongshu_images/Gorpcore/6870eeb30000000010025b35/image_01.webp,#2B2A13,#5A5629,black,black,0.2946,0.2838,ok
GRP-XHS-6870eeb30000000010025b35-02,6870eeb30000000010025b35,Dataset/xhs/xiaohongshu_images/Gorpcore/6870eeb30000000010025b35/image_02.webp,#CBE4F2,#96A8AE,blue,blue,0.3472,0.2218,ok
GRP-XHS-6870eeb30000000010025b35-03,6870eeb30000000010025b35,Dataset/xhs/xiaohongshu_images/Gorpcore/6870eeb30000000010025b35/image_03.webp,#98ACAD,#595C47,blue,blue,0.2516,0.246,ok
GRP-XHS-6870eeb30000000010025b35-04,6870eeb30000000010025b35,Dataset/xhs/xiaohongshu_images/Gorpcore/6870eeb30000000010025b35/image_04.webp,#4A5C5C,#839EA2,blue,blue,0.3492,0.2328,ok
GRP-XHS-6870eeb30000000010025b35-05,6870eeb30000000010025b35,Dataset/xhs/xiaohongshu_images/Gorpcore/6870eeb30000000010025b35/image_05.webp,#262F25,#849699,green,olive_or_green,0.2804,0.2496,ok
GRP-XHS-6a0429160000000036018955-01,6a0429160000000036018955,Dataset/xhs/xiaohongshu_images/Gorpcore/6a0429160000000036018955/image_01.webp,#4F564A,#827A67,green,olive_or_green,0.2768,0.2448,ok
GRP-XHS-6a104309000000000803ebe0-01,6a104309000000000803ebe0,Dataset/xhs/xiaohongshu_images/Gorpcore/6a104309000000000803ebe0/image_01.webp,#B4B0AD,#8E827F,gray,gray,0.261,0.2322,ok
GRP-XHS-68f6083c000000000703242f-01,68f6083c000000000703242f,Dataset/xhs/xiaohongshu_images/Gorpcore/68f6083c000000000703242f/image_01.webp,#A9A29A,#89877F,gray,gray,0.3286,0.3242,ok
GRP-XHS-68f6083c000000000703242f-02,68f6083c000000000703242f,Dataset/xhs/xiaohongshu_images/Gorpcore/68f6083c000000000703242f/image_02.webp,#D6C6B5,#725B40,orange,red_or_orange,0.2402,0.2178,ok
GRP-XHS-68f6083c000000000703242f-03,68f6083c000000000703242f,Dataset/xhs/xiaohongshu_images/Gorpcore/68f6083c000000000703242f/image_03.webp,#71685A,#CBC7C0,brown,brown,0.2906,0.2228,ok
GRP-XHS-68f6083c000000000703242f-04,68f6083c000000000703242f,Dataset/xhs/xiaohongshu_images/Gorpcore/68f6083c000000000703242f/image_04.webp,#353228,#16140F,brown,brown,0.4658,0.2732,ok
GRP-XHS-68f6083c000000000703242f-05,68f6083c000000000703242f,Dataset/xhs/xiaohongshu_images/Gorpcore/68f6083c000000000703242f/image_05.webp,#857F74,#392F19,khaki,khaki_or_beige,0.3134,0.2438,ok
GRP-XHS-68f6083c000000000703242f-06,68f6083c000000000703242f,Dataset/xhs/xiaohongshu_images/Gorpcore/68f6083c000000000703242f/image_06.webp,#24201C,#505051,black,black,0.296,0.2572,ok
GRP-XHS-68f6083c000000000703242f-07,68f6083c000000000703242f,Dataset/xhs/xiaohongshu_images/Gorpcore/68f6083c000000000703242f/image_07.webp,#1E1B18,#89816E,black,black,0.272,0.256,ok
GRP-XHS-68f6083c000000000703242f-08,68f6083c000000000703242f,Dataset/xhs/xiaohongshu_images/Gorpcore/68f6083c000000000703242f/image_08.webp,#352F28,#575043,orange,red_or_orange,0.3194,0.2144,ok
GRP-XHS-68f6083c000000000703242f-09,68f6083c000000000703242f,Dataset/xhs/xiaohongshu_images/Gorpcore/68f6083c000000000703242f/image_09.webp,#99864D,#CDC1A7,yellow,yellow,0.2972,0.286,ok
GRP-XHS-69d11b3100000000220032d6-01,69d11b3100000000220032d6,Dataset/xhs/xiaohongshu_images/Gorpcore/69d11b3100000000220032d6/image_01.webp,#101012,#DACFC0,black,black,0.4046,0.2368,ok
GRP-XHS-69d11b3100000000220032d6-02,69d11b3100000000220032d6,Dataset/xhs/xiaohongshu_images/Gorpcore/69d11b3100000000220032d6/image_02.webp,#1D1817,#94897F,black,black,0.3986,0.1872,ok
GRP-XHS-69d11b3100000000220032d6-03,69d11b3100000000220032d6,Dataset/xhs/xiaohongshu_images/Gorpcore/69d11b3100000000220032d6/image_03.webp,#443F42,#716B67,gray,gray,0.3688,0.2188,ok
GRP-XHS-69d11b3100000000220032d6-04,69d11b3100000000220032d6,Dataset/xhs/xiaohongshu_images/Gorpcore/69d11b3100000000220032d6/image_04.webp,#A79890,#46393A,orange,red_or_orange,0.2582,0.2502,ok
GRP-XHS-69d11b3100000000220032d6-05,69d11b3100000000220032d6,Dataset/xhs/xiaohongshu_images/Gorpcore/69d11b3100000000220032d6/image_05.webp,#120D0B,#38251F,black,black,0.3246,0.2486,ok
GRP-XHS-69d11b3100000000220032d6-06,69d11b3100000000220032d6,Dataset/xhs/xiaohongshu_images/Gorpcore/69d11b3100000000220032d6/image_06.webp,#27201E,#635049,black,black,0.3682,0.2724,ok
GRP-XHS-69d11b3100000000220032d6-07,69d11b3100000000220032d6,Dataset/xhs/xiaohongshu_images/Gorpcore/69d11b3100000000220032d6/image_07.webp,#272526,#7D7B72,black,black,0.331,0.2598,ok
GRP-XHS-69d11b3100000000220032d6-08,69d11b3100000000220032d6,Dataset/xhs/xiaohongshu_images/Gorpcore/69d11b3100000000220032d6/image_08.webp,#110F12,#31373D,black,black,0.3922,0.225,ok
GRP-XHS-69d11b3100000000220032d6-09,69d11b3100000000220032d6,Dataset/xhs/xiaohongshu_images/Gorpcore/69d11b3100000000220032d6/image_09.webp,#251E20,#635652,black,black,0.4156,0.2046,ok
GRP-XHS-69d11b3100000000220032d6-10,69d11b3100000000220032d6,Dataset/xhs/xiaohongshu_images/Gorpcore/69d11b3100000000220032d6/image_10.webp,#0D0C0B,#3A3727,black,black,0.4604,0.1628,ok
GRP-XHS-69d11b3100000000220032d6-11,69d11b3100000000220032d6,Dataset/xhs/xiaohongshu_images/Gorpcore/69d11b3100000000220032d6/image_11.webp,#180E0B,#332119,black,black,0.2864,0.2736,ok
GRP-XHS-6a0d2a7e00000000060310e8-01,6a0d2a7e00000000060310e8,Dataset/xhs/xiaohongshu_images/Gorpcore/6a0d2a7e00000000060310e8/image_01.webp,#D4DFE2,#47503A,white,white,0.2386,0.2162,ok
GRP-XHS-6a0d2a7e00000000060310e8-02,6a0d2a7e00000000060310e8,Dataset/xhs/xiaohongshu_images/Gorpcore/6a0d2a7e00000000060310e8/image_02.webp,#32372E,#9F978B,green,olive_or_green,0.2508,0.2368,ok
GRP-XHS-6a0d2a7e00000000060310e8-03,6a0d2a7e00000000060310e8,Dataset/xhs/xiaohongshu_images/Gorpcore/6a0d2a7e00000000060310e8/image_03.webp,#82807A,#4F4F49,gray,gray,0.3152,0.1934,ok
GRP-XHS-6a0d2a7e00000000060310e8-04,6a0d2a7e00000000060310e8,Dataset/xhs/xiaohongshu_images/Gorpcore/6a0d2a7e00000000060310e8/image_04.webp,#B1AF94,#5D5B58,olive,olive_or_green,0.3126,0.2022,ok
GRP-XHS-6a0d2a7e00000000060310e8-05,6a0d2a7e00000000060310e8,Dataset/xhs/xiaohongshu_images/Gorpcore/6a0d2a7e00000000060310e8/image_05.webp,#595B5D,#0A0B0A,gray,gray,0.3456,0.2786,ok
GRP-XHS-6a0d2a7e00000000060310e8-06,6a0d2a7e00000000060310e8,Dataset/xhs/xiaohongshu_images/Gorpcore/6a0d2a7e00000000060310e8/image_06.webp,#9E9E61,#747B48,olive,olive_or_green,0.3458,0.2612,ok
GRP-XHS-6a0d2a7e00000000060310e8-07,6a0d2a7e00000000060310e8,Dataset/xhs/xiaohongshu_images/Gorpcore/6a0d2a7e00000000060310e8/image_07.webp,#CDD4D3,#868B86,white,white,0.4582,0.1682,ok
GRP-XHS-6a0d2a7e00000000060310e8-08,6a0d2a7e00000000060310e8,Dataset/xhs/xiaohongshu_images/Gorpcore/6a0d2a7e00000000060310e8/image_08.webp,#8C905C,#ABAA7B,olive,olive_or_green,0.3056,0.2378,ok
GRP-XHS-6a0d2a7e00000000060310e8-09,6a0d2a7e00000000060310e8,Dataset/xhs/xiaohongshu_images/Gorpcore/6a0d2a7e00000000060310e8/image_09.webp,#949A94,#57614A,gray,gray,0.3002,0.2194,ok
GRP-XHS-6a0d2a7e00000000060310e8-10,6a0d2a7e00000000060310e8,Dataset/xhs/xiaohongshu_images/Gorpcore/6a0d2a7e00000000060310e8/image_10.webp,#B1AC93,#6E6F70,khaki,khaki_or_beige,0.4438,0.1774,ok
GRP-XHS-6a0ed2bb000000000803cd34-01,6a0ed2bb000000000803cd34,Dataset/xhs/xiaohongshu_images/Gorpcore/6a0ed2bb000000000803cd34/image_01.webp,#DCE0E1,#545838,white,white,0.257,0.2468,ok
GRP-XHS-6a0ed2bb000000000803cd34-02,6a0ed2bb000000000803cd34,Dataset/xhs/xiaohongshu_images/Gorpcore/6a0ed2bb000000000803cd34/image_02.webp,#5A5F29,#848449,yellow green,olive_or_green,0.3114,0.2684,ok
GRP-XHS-6a0ed2bb000000000803cd34-03,6a0ed2bb000000000803cd34,Dataset/xhs/xiaohongshu_images/Gorpcore/6a0ed2bb000000000803cd34/image_03.webp,#676255,#888276,brown,brown,0.325,0.2544,ok
GRP-XHS-6a0ed2bb000000000803cd34-04,6a0ed2bb000000000803cd34,Dataset/xhs/xiaohongshu_images/Gorpcore/6a0ed2bb000000000803cd34/image_04.webp,#E4E4E3,#979E9E,white,white,0.437,0.1722,ok
GRP-XHS-6a0ed2bb000000000803cd34-05,6a0ed2bb000000000803cd34,Dataset/xhs/xiaohongshu_images/Gorpcore/6a0ed2bb000000000803cd34/image_05.webp,#727779,#2C331A,gray,gray,0.3692,0.187,ok
GRP-XHS-6a0ed2bb000000000803cd34-07,6a0ed2bb000000000803cd34,Dataset/xhs/xiaohongshu_images/Gorpcore/6a0ed2bb000000000803cd34/image_07.webp,#E7EBEE,#61653E,white,white,0.3034,0.228,ok
GRP-XHS-6a0ed2bb000000000803cd34-08,6a0ed2bb000000000803cd34,Dataset/xhs/xiaohongshu_images/Gorpcore/6a0ed2bb000000000803cd34/image_08.webp,#555335,#8C8567,olive,olive_or_green,0.2382,0.2282,ok
GRP-XHS-6a0d34f40000000007022e4b-01,6a0d34f40000000007022e4b,Dataset/xhs/xiaohongshu_images/Gorpcore/6a0d34f40000000007022e4b/image_01.webp,#0E180F,#2B3C2E,black,black,0.423,0.2898,ok
GRP-XHS-6a0d34f40000000007022e4b-03,6a0d34f40000000007022e4b,Dataset/xhs/xiaohongshu_images/Gorpcore/6a0d34f40000000007022e4b/image_03.webp,#2C371D,#475133,yellow green,olive_or_green,0.3156,0.3086,ok
GRP-XHS-6a0d34f40000000007022e4b-04,6a0d34f40000000007022e4b,Dataset/xhs/xiaohongshu_images/Gorpcore/6a0d34f40000000007022e4b/image_04.webp,#060B07,#C1CAD1,black,black,0.4582,0.2112,ok
GRP-XHS-6a0d34f40000000007022e4b-05,6a0d34f40000000007022e4b,Dataset/xhs/xiaohongshu_images/Gorpcore/6a0d34f40000000007022e4b/image_05.webp,#2B361A,#4C5133,yellow green,olive_or_green,0.4194,0.2292,ok
GRP-XHS-6a0d34f40000000007022e4b-06,6a0d34f40000000007022e4b,Dataset/xhs/xiaohongshu_images/Gorpcore/6a0d34f40000000007022e4b/image_06.webp,#0E190E,#283628,black,black,0.4934,0.22,ok
GRP-XHS-6a0d34f40000000007022e4b-07,6a0d34f40000000007022e4b,Dataset/xhs/xiaohongshu_images/Gorpcore/6a0d34f40000000007022e4b/image_07.webp,#56613C,#0B0D0C,olive,olive_or_green,0.344,0.2396,ok
GRP-XHS-6a0d34f40000000007022e4b-08,6a0d34f40000000007022e4b,Dataset/xhs/xiaohongshu_images/Gorpcore/6a0d34f40000000007022e4b/image_08.webp,#0C0C07,#302519,black,black,0.3058,0.2728,ok
GRP-XHS-6a03b44f000000003701e815-01,6a03b44f000000003701e815,Dataset/xhs/xiaohongshu_images/Gorpcore/6a03b44f000000003701e815/image_01.webp,#FEFFFF,#B2B6B7,white,white,0.701,0.093,ok
GRP-XHS-69f08beb0000000035022b23-01,69f08beb0000000035022b23,Dataset/xhs/xiaohongshu_images/Gorpcore/69f08beb0000000035022b23/image_01.webp,#2A2724,#686968,black,black,0.2654,0.2232,ok
GRP-XHS-6a0a56280000000008001c9d-01,6a0a56280000000008001c9d,Dataset/xhs/xiaohongshu_images/Gorpcore/6a0a56280000000008001c9d/image_01.webp,#A4A49D,#DCE6DF,gray,gray,0.3354,0.2182,ok
GRP-XHS-69f1cf5200000000350389b9-01,69f1cf5200000000350389b9,Dataset/xhs/xiaohongshu_images/Gorpcore/69f1cf5200000000350389b9/image_01.webp,#CB8279,#D5A7A1,red,red_or_orange,0.4546,0.2256,ok
GRP-XHS-69f1cf5200000000350389b9-02,69f1cf5200000000350389b9,Dataset/xhs/xiaohongshu_images/Gorpcore/69f1cf5200000000350389b9/image_02.webp,#CA8174,#E1A697,red,red_or_orange,0.3148,0.3,ok
GRP-XHS-69f1cf5200000000350389b9-03,69f1cf5200000000350389b9,Dataset/xhs/xiaohongshu_images/Gorpcore/69f1cf5200000000350389b9/image_03.webp,#BF7871,#CEA29C,red,red_or_orange,0.3858,0.1916,ok
GRP-XHS-69f1cf5200000000350389b9-04,69f1cf5200000000350389b9,Dataset/xhs/xiaohongshu_images/Gorpcore/69f1cf5200000000350389b9/image_04.webp,#CF786D,#63815B,red,red_or_orange,0.4288,0.18,ok
GRP-XHS-69f1cf5200000000350389b9-05,69f1cf5200000000350389b9,Dataset/xhs/xiaohongshu_images/Gorpcore/69f1cf5200000000350389b9/image_05.webp,#C87868,#DEA898,red,red_or_orange,0.367,0.225,ok
GRP-XHS-69f1cf5200000000350389b9-06,69f1cf5200000000350389b9,Dataset/xhs/xiaohongshu_images/Gorpcore/69f1cf5200000000350389b9/image_06.webp,#D06C5E,#BB574A,red,red_or_orange,0.3348,0.2336,ok
GRP-XHS-69f1cf5200000000350389b9-07,69f1cf5200000000350389b9,Dataset/xhs/xiaohongshu_images/Gorpcore/69f1cf5200000000350389b9/image_07.webp,#BB7567,#C39C87,red,red_or_orange,0.3724,0.2436,ok
GRP-XHS-69f1cf5200000000350389b9-08,69f1cf5200000000350389b9,Dataset/xhs/xiaohongshu_images/Gorpcore/69f1cf5200000000350389b9/image_08.webp,#C7887C,#DCD3D0,red,red_or_orange,0.4232,0.2352,ok
GRP-XHS-684bf88e000000002102d871-01,684bf88e000000002102d871,Dataset/xhs/xiaohongshu_images/Gorpcore/684bf88e000000002102d871/image_01.webp,#7A836F,#454C3A,green,olive_or_green,0.2484,0.226,ok
GRP-XHS-68c37ba0000000001d02c498-01,68c37ba0000000001d02c498,Dataset/xhs/xiaohongshu_images/Gorpcore/68c37ba0000000001d02c498/image_01.webp,#FFFFFF,#CBCBCB,white,white,0.7556,0.0786,ok
GRP-XHS-68c37ba0000000001d02c498-02,68c37ba0000000001d02c498,Dataset/xhs/xiaohongshu_images/Gorpcore/68c37ba0000000001d02c498/image_02.webp,#FFFFFF,#E7E8E7,white,white,0.8086,0.0732,ok
GRP-XHS-68c37ba0000000001d02c498-03,68c37ba0000000001d02c498,Dataset/xhs/xiaohongshu_images/Gorpcore/68c37ba0000000001d02c498/image_03.webp,#FFFFFF,#D2D3D2,white,white,0.836,0.061,ok
GRP-XHS-68c37ba0000000001d02c498-04,68c37ba0000000001d02c498,Dataset/xhs/xiaohongshu_images/Gorpcore/68c37ba0000000001d02c498/image_04.webp,#FFFFFF,#D3D6D3,white,white,0.8512,0.05,ok
GRP-XHS-6a0c5cb2000000003502e4b5-01,6a0c5cb2000000003502e4b5,Dataset/xhs/xiaohongshu_images/Gorpcore/6a0c5cb2000000003502e4b5/image_01.webp,#8C8C83,#ACB2AD,gray,gray,0.37,0.2068,ok
GRP-XHS-6a0c5cb2000000003502e4b5-02,6a0c5cb2000000003502e4b5,Dataset/xhs/xiaohongshu_images/Gorpcore/6a0c5cb2000000003502e4b5/image_02.webp,#404144,#726F68,gray,gray,0.3028,0.2954,ok
GRP-XHS-6a0c5cb2000000003502e4b5-03,6a0c5cb2000000003502e4b5,Dataset/xhs/xiaohongshu_images/Gorpcore/6a0c5cb2000000003502e4b5/image_03.webp,#373122,#5C5540,brown,brown,0.3334,0.2086,ok
GRP-XHS-6a0c5cb2000000003502e4b5-04,6a0c5cb2000000003502e4b5,Dataset/xhs/xiaohongshu_images/Gorpcore/6a0c5cb2000000003502e4b5/image_04.webp,#A8A9A3,#CECFCC,gray,gray,0.4464,0.3276,ok
GRP-XHS-6a0c5cb2000000003502e4b5-05,6a0c5cb2000000003502e4b5,Dataset/xhs/xiaohongshu_images/Gorpcore/6a0c5cb2000000003502e4b5/image_05.webp,#807C77,#5B5859,gray,gray,0.4552,0.2558,ok
GRP-XHS-6a0c5cb2000000003502e4b5-06,6a0c5cb2000000003502e4b5,Dataset/xhs/xiaohongshu_images/Gorpcore/6a0c5cb2000000003502e4b5/image_06.webp,#D1D1CB,#1F2120,white,white,0.296,0.2906,ok
GRP-XHS-6a0c5cb2000000003502e4b5-07,6a0c5cb2000000003502e4b5,Dataset/xhs/xiaohongshu_images/Gorpcore/6a0c5cb2000000003502e4b5/image_07.webp,#838481,#6A6050,gray,gray,0.3034,0.2806,ok
GRP-XHS-6a0c5cb2000000003502e4b5-08,6a0c5cb2000000003502e4b5,Dataset/xhs/xiaohongshu_images/Gorpcore/6a0c5cb2000000003502e4b5/image_08.webp,#808079,#62645E,gray,gray,0.5274,0.1914,ok
GRP-XHS-6a0c5cb2000000003502e4b5-09,6a0c5cb2000000003502e4b5,Dataset/xhs/xiaohongshu_images/Gorpcore/6a0c5cb2000000003502e4b5/image_09.webp,#826E3B,#B29D56,yellow,yellow,0.343,0.295,ok
GRP-XHS-6a0c5cb2000000003502e4b5-10,6a0c5cb2000000003502e4b5,Dataset/xhs/xiaohongshu_images/Gorpcore/6a0c5cb2000000003502e4b5/image_10.webp,#342F30,#3F393A,gray,gray,0.388,0.2824,ok
GRP-XHS-6a05510b0000000036031cbe-01,6a05510b0000000036031cbe,Dataset/xhs/xiaohongshu_images/Gorpcore/6a05510b0000000036031cbe/image_01.webp,#171816,#78796F,black,black,0.2986,0.258,ok
GRP-XHS-6a05510b0000000036031cbe-02,6a05510b0000000036031cbe,Dataset/xhs/xiaohongshu_images/Gorpcore/6a05510b0000000036031cbe/image_02.webp,#080B0A,#1E2221,black,black,0.3862,0.213,ok
GRP-XHS-6a05510b0000000036031cbe-03,6a05510b0000000036031cbe,Dataset/xhs/xiaohongshu_images/Gorpcore/6a05510b0000000036031cbe/image_03.webp,#67530F,#4A4238,brown,brown,0.3982,0.1892,ok
GRP-XHS-6a05510b0000000036031cbe-04,6a05510b0000000036031cbe,Dataset/xhs/xiaohongshu_images/Gorpcore/6a05510b0000000036031cbe/image_04.webp,#4F4D47,#A39C8E,gray,gray,0.2436,0.2156,ok
GRP-XHS-6a0aa1b7000000003601ec65-01,6a0aa1b7000000003601ec65,Dataset/xhs/xiaohongshu_images/Gorpcore/6a0aa1b7000000003601ec65/image_01.webp,#887A67,#D9D5CD,khaki,khaki_or_beige,0.2732,0.2716,ok
GRP-XHS-6a07567c000000000800167d-01,6a07567c000000000800167d,Dataset/xhs/xiaohongshu_images/Gorpcore/6a07567c000000000800167d/image_01.webp,#FCFBFB,#F8EB27,white,white,0.8442,0.1002,ok
GRP-XHS-687616360000000024008944-01,687616360000000024008944,Dataset/xhs/xiaohongshu_images/Gorpcore/687616360000000024008944/image_01.webp,#90705D,#FBF9E6,orange,red_or_orange,0.252,0.231,ok
GRP-XHS-69fc8174000000001f005fe7-01,69fc8174000000001f005fe7,Dataset/xhs/xiaohongshu_images/Gorpcore/69fc8174000000001f005fe7/image_01.webp,#D8D6D2,#797A7C,white,white,0.4026,0.2138,ok
GRP-XHS-69fc8174000000001f005fe7-02,69fc8174000000001f005fe7,Dataset/xhs/xiaohongshu_images/Gorpcore/69fc8174000000001f005fe7/image_02.webp,#53524D,#6E6E69,gray,gray,0.3152,0.2866,ok
GRP-XHS-69fc8174000000001f005fe7-03,69fc8174000000001f005fe7,Dataset/xhs/xiaohongshu_images/Gorpcore/69fc8174000000001f005fe7/image_03.webp,#DBDBDA,#B9B9B6,white,white,0.2928,0.2174,ok
GRP-XHS-69fc8174000000001f005fe7-05,69fc8174000000001f005fe7,Dataset/xhs/xiaohongshu_images/Gorpcore/69fc8174000000001f005fe7/image_05.webp,#A5A39E,#817F7A,gray,gray,0.3138,0.2922,ok
GRP-XHS-69fd66fd000000003601d750-01,69fd66fd000000003601d750,Dataset/xhs/xiaohongshu_images/Gorpcore/69fd66fd000000003601d750/image_01.webp,#E8E3DF,#C7B3BB,white,white,0.6306,0.1202,ok
GRP-XHS-69fd66fd000000003601d750-02,69fd66fd000000003601d750,Dataset/xhs/xiaohongshu_images/Gorpcore/69fd66fd000000003601d750/image_02.webp,#EAE7E2,#FEFEFD,white,white,0.484,0.2252,ok
GRP-XHS-69fd66fd000000003601d750-03,69fd66fd000000003601d750,Dataset/xhs/xiaohongshu_images/Gorpcore/69fd66fd000000003601d750/image_03.webp,#E1DDD5,#FFFFFF,white,white,0.6874,0.1822,ok
GRP-XHS-69fd66fd000000003601d750-05,69fd66fd000000003601d750,Dataset/xhs/xiaohongshu_images/Gorpcore/69fd66fd000000003601d750/image_05.webp,#EAE7E3,#FFFFFF,white,white,0.4806,0.2258,ok
GRP-XHS-69fd66fd000000003601d750-06,69fd66fd000000003601d750,Dataset/xhs/xiaohongshu_images/Gorpcore/69fd66fd000000003601d750/image_06.webp,#E4E1DF,#FEFEFE,white,white,0.515,0.2308,ok
GRP-XHS-69fd66fd000000003601d750-09,69fd66fd000000003601d750,Dataset/xhs/xiaohongshu_images/Gorpcore/69fd66fd000000003601d750/image_09.webp,#EDE7E0,#FFFFFE,white,white,0.512,0.2126,ok
GRP-XHS-6a0a63a4000000000803e2f7-01,6a0a63a4000000000803e2f7,Dataset/xhs/xiaohongshu_images/Gorpcore/6a0a63a4000000000803e2f7/image_01.webp,#161B1B,#5D5B56,black,black,0.3782,0.2586,ok
GRP-XHS-6a0ee0480000000035039a6c-01,6a0ee0480000000035039a6c,Dataset/xhs/xiaohongshu_images/Gorpcore/6a0ee0480000000035039a6c/image_01.webp,#3E585C,#1B2B2E,blue,blue,0.364,0.2604,ok
GRP-XHS-698c2730000000001a029b8f-01,698c2730000000001a029b8f,Dataset/xhs/xiaohongshu_images/Gorpcore/698c2730000000001a029b8f/image_01.webp,#FBFCFC,#1E232C,white,white,0.2906,0.2634,ok
GRP-XHS-69870ff70000000009039a7b-01,69870ff70000000009039a7b,Dataset/xhs/xiaohongshu_images/Gorpcore/69870ff70000000009039a7b/image_01.webp,#372B27,#B9A395,red,red_or_orange,0.2752,0.2398,ok
GRP-XHS-69870ff70000000009039a7b-02,69870ff70000000009039a7b,Dataset/xhs/xiaohongshu_images/Gorpcore/69870ff70000000009039a7b/image_02.webp,#080908,#1A1A1A,black,black,0.449,0.2746,ok
GRP-XHS-69870ff70000000009039a7b-03,69870ff70000000009039a7b,Dataset/xhs/xiaohongshu_images/Gorpcore/69870ff70000000009039a7b/image_03.webp,#090908,#1C1C1C,black,black,0.6932,0.229,ok
GRP-XHS-69870ff70000000009039a7b-04,69870ff70000000009039a7b,Dataset/xhs/xiaohongshu_images/Gorpcore/69870ff70000000009039a7b/image_04.webp,#846356,#5B4137,orange,red_or_orange,0.3122,0.252,ok
GRP-XHS-69870ff70000000009039a7b-05,69870ff70000000009039a7b,Dataset/xhs/xiaohongshu_images/Gorpcore/69870ff70000000009039a7b/image_05.webp,#7A594A,#9D7764,orange,red_or_orange,0.3682,0.2722,ok
GRP-XHS-69870ff70000000009039a7b-06,69870ff70000000009039a7b,Dataset/xhs/xiaohongshu_images/Gorpcore/69870ff70000000009039a7b/image_06.webp,#98745F,#1D4C85,orange,red_or_orange,0.3082,0.2508,ok
GRP-XHS-69870ff70000000009039a7b-07,69870ff70000000009039a7b,Dataset/xhs/xiaohongshu_images/Gorpcore/69870ff70000000009039a7b/image_07.webp,#755D53,#9B7F73,orange,red_or_orange,0.3738,0.2868,ok
GRP-XHS-69870ff70000000009039a7b-08,69870ff70000000009039a7b,Dataset/xhs/xiaohongshu_images/Gorpcore/69870ff70000000009039a7b/image_08.webp,#8A6C5C,#624A3F,orange,red_or_orange,0.287,0.2486,ok
GRP-XHS-69870ff70000000009039a7b-09,69870ff70000000009039a7b,Dataset/xhs/xiaohongshu_images/Gorpcore/69870ff70000000009039a7b/image_09.webp,#050407,#2C3D5A,black,black,0.6478,0.1008,ok
GRP-XHS-6959103e000000001f00f209-01,6959103e000000001f00f209,Dataset/xhs/xiaohongshu_images/Gorpcore/6959103e000000001f00f209/image_01.webp,#E1D9CD,#28221A,white,white,0.4374,0.2236,ok
GRP-XHS-6959103e000000001f00f209-02,6959103e000000001f00f209,Dataset/xhs/xiaohongshu_images/Gorpcore/6959103e000000001f00f209/image_02.webp,#413A2F,#17150E,brown,brown,0.3524,0.2124,ok
GRP-XHS-6959103e000000001f00f209-03,6959103e000000001f00f209,Dataset/xhs/xiaohongshu_images/Gorpcore/6959103e000000001f00f209/image_03.webp,#1D1915,#574137,black,black,0.4912,0.1916,ok
GRP-XHS-698f2ffe000000000e00e50f-01,698f2ffe000000000e00e50f,Dataset/xhs/xiaohongshu_images/Gorpcore/698f2ffe000000000e00e50f/image_01.webp,#E1DFDD,#3B316E,white,white,0.4214,0.1804,ok
GRP-XHS-698f2ffe000000000e00e50f-02,698f2ffe000000000e00e50f,Dataset/xhs/xiaohongshu_images/Gorpcore/698f2ffe000000000e00e50f/image_02.webp,#73838B,#526061,blue,blue,0.319,0.2852,ok
GRP-XHS-698f2ffe000000000e00e50f-03,698f2ffe000000000e00e50f,Dataset/xhs/xiaohongshu_images/Gorpcore/698f2ffe000000000e00e50f/image_03.webp,#515D74,#758393,blue,blue,0.382,0.2762,ok
GRP-XHS-698f2ffe000000000e00e50f-04,698f2ffe000000000e00e50f,Dataset/xhs/xiaohongshu_images/Gorpcore/698f2ffe000000000e00e50f/image_04.webp,#5C717F,#48544F,blue,blue,0.4594,0.1812,ok
GRP-XHS-698f2ffe000000000e00e50f-05,698f2ffe000000000e00e50f,Dataset/xhs/xiaohongshu_images/Gorpcore/698f2ffe000000000e00e50f/image_05.webp,#414A33,#807E44,olive,olive_or_green,0.324,0.222,ok
GRP-XHS-698f2ffe000000000e00e50f-06,698f2ffe000000000e00e50f,Dataset/xhs/xiaohongshu_images/Gorpcore/698f2ffe000000000e00e50f/image_06.webp,#141813,#3D4028,black,black,0.3478,0.3154,ok
GRP-XHS-698f2ffe000000000e00e50f-07,698f2ffe000000000e00e50f,Dataset/xhs/xiaohongshu_images/Gorpcore/698f2ffe000000000e00e50f/image_07.webp,#2E3139,#09090A,blue,blue,0.4686,0.4196,ok
GRP-XHS-69fb02180000000036030612-01,69fb02180000000036030612,Dataset/xhs/xiaohongshu_images/Gorpcore/69fb02180000000036030612/image_01.webp,#F9F8F8,#DCCFD3,white,white,0.8188,0.0724,ok
GRP-XHS-69fb02180000000036030612-02,69fb02180000000036030612,Dataset/xhs/xiaohongshu_images/Gorpcore/69fb02180000000036030612/image_02.webp,#F9F9F9,#F5F2F3,white,white,0.733,0.0944,ok
GRP-XHS-69fb02180000000036030612-03,69fb02180000000036030612,Dataset/xhs/xiaohongshu_images/Gorpcore/69fb02180000000036030612/image_03.webp,#F9F9F9,#979797,white,white,0.7676,0.079,ok
GRP-XHS-69fb02180000000036030612-04,69fb02180000000036030612,Dataset/xhs/xiaohongshu_images/Gorpcore/69fb02180000000036030612/image_04.webp,#F9F9F9,#FAFAFA,white,white,0.8862,0.041,ok
GRP-XHS-6a094ab10000000036003739-01,6a094ab10000000036003739,Dataset/xhs/xiaohongshu_images/Gorpcore/6a094ab10000000036003739/image_01.webp,#F7F7F7,#1E1B23,white,white,0.682,0.099,ok
GRP-XHS-6a0d911d000000003701c98a-01,6a0d911d000000003701c98a,Dataset/xhs/xiaohongshu_images/Gorpcore/6a0d911d000000003701c98a/image_01.webp,#42432A,#717150,olive,olive_or_green,0.3744,0.2658,ok
GRP-XHS-6a0d911d000000003701c98a-02,6a0d911d000000003701c98a,Dataset/xhs/xiaohongshu_images/Gorpcore/6a0d911d000000003701c98a/image_02.webp,#90B5A9,#6C6937,green,olive_or_green,0.264,0.2168,ok
GRP-XHS-6a0d911d000000003701c98a-03,6a0d911d000000003701c98a,Dataset/xhs/xiaohongshu_images/Gorpcore/6a0d911d000000003701c98a/image_03.webp,#080903,#8C7E6C,black,black,0.4158,0.1996,ok
GRP-XHS-6a0d911d000000003701c98a-04,6a0d911d000000003701c98a,Dataset/xhs/xiaohongshu_images/Gorpcore/6a0d911d000000003701c98a/image_04.webp,#0A0C07,#23281A,black,black,0.3492,0.2834,ok
GRP-XHS-6a0d911d000000003701c98a-07,6a0d911d000000003701c98a,Dataset/xhs/xiaohongshu_images/Gorpcore/6a0d911d000000003701c98a/image_07.webp,#60553B,#80775C,brown,brown,0.2734,0.2698,ok
GRP-XHS-6a0d911d000000003701c98a-10,6a0d911d000000003701c98a,Dataset/xhs/xiaohongshu_images/Gorpcore/6a0d911d000000003701c98a/image_10.webp,#DAE3E9,#1F231C,white,white,0.3296,0.2994,ok
GRP-XHS-6a0d911d000000003701c98a-11,6a0d911d000000003701c98a,Dataset/xhs/xiaohongshu_images/Gorpcore/6a0d911d000000003701c98a/image_11.webp,#CFD3D5,#C7CACB,white,white,0.4496,0.2814,ok
GRP-XHS-6a0831bc000000003701f189-01,6a0831bc000000003701f189,Dataset/xhs/xiaohongshu_images/Gorpcore/6a0831bc000000003701f189/image_01.webp,#211E44,#2147B9,blue,blue,0.252,0.2388,ok
GRP-XHS-69fd53090000000035032d07-01,69fd53090000000035032d07,Dataset/xhs/xiaohongshu_images/Gorpcore/69fd53090000000035032d07/image_01.webp,#222323,#777873,black,black,0.2414,0.234,ok
GRP-XHS-69fd53090000000035032d07-02,69fd53090000000035032d07,Dataset/xhs/xiaohongshu_images/Gorpcore/69fd53090000000035032d07/image_02.webp,#807C76,#98938E,gray,gray,0.4098,0.2544,ok
GRP-XHS-69fd53090000000035032d07-03,69fd53090000000035032d07,Dataset/xhs/xiaohongshu_images/Gorpcore/69fd53090000000035032d07/image_03.webp,#788154,#A7AA90,olive,olive_or_green,0.235,0.227,ok
GRP-XHS-69fd53090000000035032d07-04,69fd53090000000035032d07,Dataset/xhs/xiaohongshu_images/Gorpcore/69fd53090000000035032d07/image_04.webp,#51593C,#B3B1A8,olive,olive_or_green,0.2828,0.2298,ok
GRP-XHS-69fd53090000000035032d07-05,69fd53090000000035032d07,Dataset/xhs/xiaohongshu_images/Gorpcore/69fd53090000000035032d07/image_05.webp,#B4AEA7,#322928,gray,gray,0.2938,0.2402,ok
GRP-XHS-69ba2963000000001f004781-01,69ba2963000000001f004781,Dataset/xhs/xiaohongshu_images/Gorpcore/69ba2963000000001f004781/image_01.webp,#F9F9F9,#C9D0CF,white,white,0.8118,0.064,ok
GRP-XHS-69ba2963000000001f004781-02,69ba2963000000001f004781,Dataset/xhs/xiaohongshu_images/Gorpcore/69ba2963000000001f004781/image_02.webp,#F9F9F9,#CDD3D3,white,white,0.8384,0.0488,ok
GRP-XHS-6a0c506e0000000035027990-01,6a0c506e0000000035027990,Dataset/xhs/xiaohongshu_images/Gorpcore/6a0c506e0000000035027990/image_01.webp,#D5DBD5,#9D7A47,white,white,0.288,0.2052,ok
GRP-XHS-69aa7efe00000000150301fb-01,69aa7efe00000000150301fb,Dataset/xhs/xiaohongshu_images/Gorpcore/69aa7efe00000000150301fb/image_01.webp,#5F5243,#AA8F77,orange,red_or_orange,0.2646,0.2148,ok
GRP-XHS-69aa7efe00000000150301fb-02,69aa7efe00000000150301fb,Dataset/xhs/xiaohongshu_images/Gorpcore/69aa7efe00000000150301fb/image_02.webp,#BDA089,#9C7B5E,orange,red_or_orange,0.41,0.2426,ok
GRP-XHS-69aa7efe00000000150301fb-03,69aa7efe00000000150301fb,Dataset/xhs/xiaohongshu_images/Gorpcore/69aa7efe00000000150301fb/image_03.webp,#B29680,#8D7563,orange,red_or_orange,0.3832,0.219,ok
GRP-XHS-69aa7efe00000000150301fb-04,69aa7efe00000000150301fb,Dataset/xhs/xiaohongshu_images/Gorpcore/69aa7efe00000000150301fb/image_04.webp,#191917,#BFA790,black,black,0.2422,0.2276,ok
GRP-XHS-68f62e630000000004016ee4-01,68f62e630000000004016ee4,Dataset/xhs/xiaohongshu_images/Gorpcore/68f62e630000000004016ee4/image_01.webp,#E2F1FC,#F2FCFF,white,white,0.4704,0.3222,ok
GRP-XHS-68f62e630000000004016ee4-03,68f62e630000000004016ee4,Dataset/xhs/xiaohongshu_images/Gorpcore/68f62e630000000004016ee4/image_03.webp,#0D1016,#323F47,black,black,0.517,0.2186,ok
GRP-XHS-68f62e630000000004016ee4-04,68f62e630000000004016ee4,Dataset/xhs/xiaohongshu_images/Gorpcore/68f62e630000000004016ee4/image_04.webp,#080D10,#DEECE9,black,black,0.4214,0.1924,ok
GRP-XHS-69cf7fd0000000001f00721c-01,69cf7fd0000000001f00721c,Dataset/xhs/xiaohongshu_images/Gorpcore/69cf7fd0000000001f00721c/image_01.webp,#FEFEFE,#DEE1DF,white,white,0.4646,0.1864,ok
GRP-XHS-69cf7fd0000000001f00721c-02,69cf7fd0000000001f00721c,Dataset/xhs/xiaohongshu_images/Gorpcore/69cf7fd0000000001f00721c/image_02.webp,#FBFAFB,#CFCDD3,white,white,0.3958,0.2252,ok
GRP-XHS-69cf7fd0000000001f00721c-03,69cf7fd0000000001f00721c,Dataset/xhs/xiaohongshu_images/Gorpcore/69cf7fd0000000001f00721c/image_03.webp,#FEFEFE,#949E92,white,white,0.7858,0.0616,ok
GRP-XHS-68d10c96000000001203c996-01,68d10c96000000001203c996,Dataset/xhs/xiaohongshu_images/Gorpcore/68d10c96000000001203c996/image_01.webp,#0A0A08,#2C271F,black,black,0.4568,0.2614,ok
GRP-XHS-68d10c96000000001203c996-02,68d10c96000000001203c996,Dataset/xhs/xiaohongshu_images/Gorpcore/68d10c96000000001203c996/image_02.webp,#0A0A08,#32211D,black,black,0.4346,0.1828,ok
GRP-XHS-68d10c96000000001203c996-03,68d10c96000000001203c996,Dataset/xhs/xiaohongshu_images/Gorpcore/68d10c96000000001203c996/image_03.webp,#C8C9CC,#0D1312,gray,gray,0.4746,0.3236,ok
GRP-XHS-685bd7dc000000000b02dc23-01,685bd7dc000000000b02dc23,Dataset/xhs/xiaohongshu_images/Gorpcore/685bd7dc000000000b02dc23/image_01.webp,#FFFFFF,#FAFAFA,white,white,0.8844,0.065,ok
