Image_ID,note_id,Pockets,Zipper_Type,Drawcord,Buckle,Reflective,Hood,Fit,Scenario,Visual_Weight,Component_Source,Component_Confidence,Component_Notes
GRP-XHS-697b27ff000000002103cb21-01,697b27ff000000002103cb21,unknown,Unclear,False,False,False,False,Unclear,Outdoor,unclear,text_heuristic,0.4,Component fields inferred from text evidence only.
GRP-XHS-697b27ff000000002103cb21-02,697b27ff000000002103cb21,unknown,Unclear,False,False,False,False,Unclear,Outdoor,unclear,text_heuristic,0.4,Component fields inferred from text evidence only.
GRP-XHS-697b27ff000000002103cb21-03,697b27ff000000002103cb21,unknown,Unclear,False,False,False,False,Unclear,Outdoor,unclear,text_heuristic,0.4,Component fields inferred from text evidence only.
GRP-XHS-697b27ff000000002103cb21-05,697b27ff000000002103cb21,unknown,Unclear,False,False,False,False,Unclear,Outdoor,unclear,text_heuristic,0.4,Component fields inferred from text evidence only.
GRP-XHS-697b27ff000000002103cb21-06,697b27ff000000002103cb21,unknown,Unclear,False,False,False,False,Unclear,Outdoor,unclear,text_heuristic,0.4,Component fields inferred from text evidence only.
GRP-XHS-697b27ff000000002103cb21-07,697b27ff000000002103cb21,unknown,Unclear,False,False,False,False,Unclear,Outdoor,unclear,text_heuristic,0.4,Component fields inferred from text evidence only.
GRP-XHS-697b27ff000000002103cb21-08,697b27ff000000002103cb21,unknown,Unclear,False,False,False,False,Unclear,Outdoor,unclear,text_heuristic,0.4,Component fields inferred from text evidence only.
GRP-XHS-68b41359000000001c00e570-01,68b41359000000001c00e570,unknown,Unclear,False,False,False,False,Unclear,Unclear,unclear,unknown,0.0,No component evidence available in current data.
GRP-XHS-68b41359000000001c00e570-02,68b41359000000001c00e570,unknown,Unclear,False,False,False,False,Unclear,Unclear,unclear,unknown,0.0,No component evidence available in current data.
GRP-XHS-68b41359000000001c00e570-05,68b41359000000001c00e570,unknown,Unclear,False,False,False,False,Unclear,Unclear,unclear,unknown,0.0,No component evidence available in current data.
GRP-XHS-68b41359000000001c00e570-08,68b41359000000001c00e570,unknown,Unclear,False,False,False,False,Unclear,Unclear,unclear,unknown,0.0,No component evidence available in current data.
GRP-XHS-68b41359000000001c00e570-09,68b41359000000001c00e570,unknown,Unclear,False,False,False,False,Unclear,Unclear,unclear,unknown,0.0,No component evidence available in current data.
GRP-XHS-68b41359000000001c00e570-10,68b41359000000001c00e570,unknown,Unclear,False,False,False,False,Unclear,Unclear,unclear,unknown,0.0,No component evidence available in current data.
GRP-XHS-68b41359000000001c00e570-11,68b41359000000001c00e570,unknown,Unclear,False,False,False,False,Unclear,Unclear,unclear,unknown,0.0,No component evidence available in current data.
GRP-XHS-68b41359000000001c00e570-12,68b41359000000001c00e570,unknown,Unclear,False,False,False,False,Unclear,Unclear,unclear,unknown,0.0,No component evidence available in current data.
GRP-XHS-68b41359000000001c00e570-14,68b41359000000001c00e570,unknown,Unclear,False,False,False,False,Unclear,Unclear,unclear,unknown,0.0,No component evidence available in current data.
GRP-XHS-68b41359000000001c00e570-15,68b41359000000001c00e570,unknown,Unclear,False,False,False,False,Unclear,Unclear,unclear,unknown,0.0,No component evidence available in current data.
GRP-XHS-6974594d000000001a034f55-01,6974594d000000001a034f55,unknown,Unclear,False,False,False,False,Unclear,Unclear,unclear,unknown,0.0,No component evidence available in current data.
GRP-XHS-6974594d000000001a034f55-02,6974594d000000001a034f55,unknown,Unclear,False,False,False,False,Unclear,Unclear,unclear,unknown,0.0,No component evidence available in current data.
GRP-XHS-6974594d000000001a034f55-03,6974594d000000001a034f55,unknown,Unclear,False,False,False,False,Unclear,Unclear,unclear,unknown,0.0,No component evidence available in current data.
GRP-XHS-6974594d000000001a034f55-04,6974594d000000001a034f55,unknown,Unclear,False,False,False,False,Unclear,Unclear,unclear,unknown,0.0,No component evidence available in current data.
GRP-XHS-6974594d000000001a034f55-05,6974594d000000001a034f55,unknown,Unclear,False,False,False,False,Unclear,Unclear,unclear,unknown,0.0,No component evidence available in current data.
GRP-XHS-6974594d000000001a034f55-06,6974594d000000001a034f55,unknown,Unclear,False,False,False,False,Unclear,Unclear,unclear,unknown,0.0,No component evidence available in current data.
GRP-XHS-6974594d000000001a034f55-07,6974594d000000001a034f55,unknown,Unclear,False,False,False,False,Unclear,Unclear,unclear,unknown,0.0,No component evidence available in current data.
GRP-XHS-6974594d000000001a034f55-08,6974594d000000001a034f55,unknown,Unclear,False,False,False,False,Unclear,Unclear,unclear,unknown,0.0,No component evidence available in current data.
GRP-XHS-6974594d000000001a034f55-09,6974594d000000001a034f55,unknown,Unclear,False,False,False,False,Unclear,Unclear,unclear,unknown,0.0,No component evidence available in current data.
GRP-XHS-6974594d000000001a034f55-10,6974594d000000001a034f55,unknown,Unclear,False,False,False,False,Unclear,Unclear,unclear,unknown,0.0,No component evidence available in current data.
GRP-XHS-6974594d000000001a034f55-11,6974594d000000001a034f55,unknown,Unclear,False,False,False,False,Unclear,Unclear,unclear,unknown,0.0,No component evidence available in current data.
GRP-XHS-6974594d000000001a034f55-13,6974594d000000001a034f55,unknown,Unclear,False,False,False,False,Unclear,Unclear,unclear,unknown,0.0,No component evidence available in current data.
GRP-XHS-6974594d000000001a034f55-14,6974594d000000001a034f55,unknown,Unclear,False,False,False,False,Unclear,Unclear,unclear,unknown,0.0,No component evidence available in current data.
GRP-XHS-6974594d000000001a034f55-15,6974594d000000001a034f55,unknown,Unclear,False,False,False,False,Unclear,Unclear,unclear,unknown,0.0,No component evidence available in current data.
GRP-XHS-6974594d000000001a034f55-16,6974594d000000001a034f55,unknown,Unclear,False,False,False,False,Unclear,Unclear,unclear,unknown,0.0,No component evidence available in current data.
GRP-XHS-6974594d000000001a034f55-17,6974594d000000001a034f55,unknown,Unclear,False,False,False,False,Unclear,Unclear,unclear,unknown,0.0,No component evidence available in current data.
GRP-XHS-6974594d000000001a034f55-18,6974594d000000001a034f55,unknown,Unclear,False,False,False,False,Unclear,Unclear,unclear,unknown,0.0,No component evidence available in current data.
GRP-XHS-69214da4000000001f00aa7a-01,69214da4000000001f00aa7a,unknown,Unclear,False,False,False,False,Unclear,Unclear,unclear,unknown,0.0,No component evidence available in current data.
GRP-XHS-69214da4000000001f00aa7a-02,69214da4000000001f00aa7a,unknown,Unclear,False,False,False,False,Unclear,Unclear,unclear,unknown,0.0,No component evidence available in current data.
GRP-XHS-69a1a6c0000000001a0290d9-01,69a1a6c0000000001a0290d9,unknown,Unclear,False,False,False,False,Unclear,Unclear,unclear,unknown,0.0,No component evidence available in current data.
GRP-XHS-683ec114000000002300dde0-01,683ec114000000002300dde0,unknown,Unclear,False,False,False,False,Unclear,Unclear,unclear,unknown,0.0,No component evidence available in current data.
GRP-XHS-683ec114000000002300dde0-02,683ec114000000002300dde0,unknown,Unclear,False,False,False,False,Unclear,Unclear,unclear,unknown,0.0,No component evidence available in current data.
GRP-XHS-683ec114000000002300dde0-03,683ec114000000002300dde0,unknown,Unclear,False,False,False,False,Unclear,Unclear,unclear,unknown,0.0,No component evidence available in current data.
GRP-XHS-683ec114000000002300dde0-05,683ec114000000002300dde0,unknown,Unclear,False,False,False,False,Unclear,Unclear,unclear,unknown,0.0,No component evidence available in current data.
GRP-XHS-683ec114000000002300dde0-07,683ec114000000002300dde0,unknown,Unclear,False,False,False,False,Unclear,Unclear,unclear,unknown,0.0,No component evidence available in current data.
GRP-XHS-69c7b3450000000020039ccc-01,69c7b3450000000020039ccc,unknown,Unclear,False,False,False,False,Unclear,Unclear,unclear,unknown,0.0,No component evidence available in current data.
GRP-XHS-68da4ee6000000001101da8b-01,68da4ee6000000001101da8b,unknown,Unclear,False,False,False,False,Unclear,Unclear,unclear,unknown,0.0,No component evidence available in current data.
GRP-XHS-68da4ee6000000001101da8b-02,68da4ee6000000001101da8b,unknown,Unclear,False,False,False,False,Unclear,Unclear,unclear,unknown,0.0,No component evidence available in current data.
GRP-XHS-68da4ee6000000001101da8b-03,68da4ee6000000001101da8b,unknown,Unclear,False,False,False,False,Unclear,Unclear,unclear,unknown,0.0,No component evidence available in current data.
GRP-XHS-68da4ee6000000001101da8b-04,68da4ee6000000001101da8b,unknown,Unclear,False,False,False,False,Unclear,Unclear,unclear,unknown,0.0,No component evidence available in current data.
GRP-XHS-68da4ee6000000001101da8b-05,68da4ee6000000001101da8b,unknown,Unclear,False,False,False,False,Unclear,Unclear,unclear,unknown,0.0,No component evidence available in current data.
GRP-XHS-68da4ee6000000001101da8b-06,68da4ee6000000001101da8b,unknown,Unclear,False,False,False,False,Unclear,Unclear,unclear,unknown,0.0,No component evidence available in current data.
GRP-XHS-68da4ee6000000001101da8b-07,68da4ee6000000001101da8b,unknown,Unclear,False,False,False,False,Unclear,Unclear,unclear,unknown,0.0,No component evidence available in current data.
GRP-XHS-69d10431000000001b0025ee-01,69d10431000000001b0025ee,unknown,Unclear,False,False,False,False,Unclear,Outdoor,unclear,text_heuristic,0.4,Component fields inferred from text evidence only.
GRP-XHS-69d10431000000001b0025ee-02,69d10431000000001b0025ee,unknown,Unclear,False,False,False,False,Unclear,Outdoor,unclear,text_heuristic,0.4,Component fields inferred from text evidence only.
GRP-XHS-69d10431000000001b0025ee-03,69d10431000000001b0025ee,unknown,Unclear,False,False,False,False,Unclear,Outdoor,unclear,text_heuristic,0.4,Component fields inferred from text evidence only.
GRP-XHS-69d10431000000001b0025ee-04,69d10431000000001b0025ee,unknown,Unclear,False,False,False,False,Unclear,Outdoor,unclear,text_heuristic,0.4,Component fields inferred from text evidence only.
GRP-XHS-69d10431000000001b0025ee-05,69d10431000000001b0025ee,unknown,Unclear,False,False,False,False,Unclear,Outdoor,unclear,text_heuristic,0.4,Component fields inferred from text evidence only.
GRP-XHS-69d10431000000001b0025ee-06,69d10431000000001b0025ee,unknown,Unclear,False,False,False,False,Unclear,Outdoor,unclear,text_heuristic,0.4,Component fields inferred from text evidence only.
GRP-XHS-69d10431000000001b0025ee-07,69d10431000000001b0025ee,unknown,Unclear,False,False,False,False,Unclear,Outdoor,unclear,text_heuristic,0.4,Component fields inferred from text evidence only.
GRP-XHS-69d10431000000001b0025ee-08,69d10431000000001b0025ee,unknown,Unclear,False,False,False,False,Unclear,Outdoor,unclear,text_heuristic,0.4,Component fields inferred from text evidence only.
GRP-XHS-69d10431000000001b0025ee-09,69d10431000000001b0025ee,unknown,Unclear,False,False,False,False,Unclear,Outdoor,unclear,text_heuristic,0.4,Component fields inferred from text evidence only.
GRP-XHS-69d10431000000001b0025ee-10,69d10431000000001b0025ee,unknown,Unclear,False,False,False,False,Unclear,Outdoor,unclear,text_heuristic,0.4,Component fields inferred from text evidence only.
GRP-XHS-69d10431000000001b0025ee-11,69d10431000000001b0025ee,unknown,Unclear,False,False,False,False,Unclear,Outdoor,unclear,text_heuristic,0.4,Component fields inferred from text evidence only.
GRP-XHS-6964a74c000000002202c56c-01,6964a74c000000002202c56c,unknown,Unclear,False,False,False,False,Unclear,Outdoor,unclear,text_heuristic,0.4,Component fields inferred from text evidence only.
GRP-XHS-6964a74c000000002202c56c-06,6964a74c000000002202c56c,unknown,Unclear,False,False,False,False,Unclear,Outdoor,unclear,text_heuristic,0.4,Component fields inferred from text evidence only.
GRP-XHS-6964a74c000000002202c56c-07,6964a74c000000002202c56c,unknown,Unclear,False,False,False,False,Unclear,Outdoor,unclear,text_heuristic,0.4,Component fields inferred from text evidence only.
GRP-XHS-6964a74c000000002202c56c-08,6964a74c000000002202c56c,unknown,Unclear,False,False,False,False,Unclear,Outdoor,unclear,text_heuristic,0.4,Component fields inferred from text evidence only.
GRP-XHS-6964a74c000000002202c56c-09,6964a74c000000002202c56c,unknown,Unclear,False,False,False,False,Unclear,Outdoor,unclear,text_heuristic,0.4,Component fields inferred from text evidence only.
GRP-XHS-6964a74c000000002202c56c-10,6964a74c000000002202c56c,unknown,Unclear,False,False,False,False,Unclear,Outdoor,unclear,text_heuristic,0.4,Component fields inferred from text evidence only.
GRP-XHS-6964a74c000000002202c56c-11,6964a74c000000002202c56c,unknown,Unclear,False,False,False,False,Unclear,Outdoor,unclear,text_heuristic,0.4,Component fields inferred from text evidence only.
GRP-XHS-6964a74c000000002202c56c-12,6964a74c000000002202c56c,unknown,Unclear,False,False,False,False,Unclear,Outdoor,unclear,text_heuristic,0.4,Component fields inferred from text evidence only.
GRP-XHS-6964a74c000000002202c56c-14,6964a74c000000002202c56c,unknown,Unclear,False,False,False,False,Unclear,Outdoor,unclear,text_heuristic,0.4,Component fields inferred from text evidence only.
GRP-XHS-68e8a98f000000000700d9b4-03,68e8a98f000000000700d9b4,unknown,Unclear,False,False,False,False,Unclear,Outdoor,unclear,text_heuristic,0.4,Component fields inferred from text evidence only.
GRP-XHS-69b4ec21000000002200ed5b-01,69b4ec21000000002200ed5b,unknown,Unclear,False,False,False,False,Unclear,Unclear,unclear,unknown,0.0,No component evidence available in current data.
GRP-XHS-69b4ec21000000002200ed5b-02,69b4ec21000000002200ed5b,unknown,Unclear,False,False,False,False,Unclear,Unclear,unclear,unknown,0.0,No component evidence available in current data.
GRP-XHS-69b4ec21000000002200ed5b-03,69b4ec21000000002200ed5b,unknown,Unclear,False,False,False,False,Unclear,Unclear,unclear,unknown,0.0,No component evidence available in current data.
GRP-XHS-69b4ec21000000002200ed5b-04,69b4ec21000000002200ed5b,unknown,Unclear,False,False,False,False,Unclear,Unclear,unclear,unknown,0.0,No component evidence available in current data.
GRP-XHS-69b4ec21000000002200ed5b-05,69b4ec21000000002200ed5b,unknown,Unclear,False,False,False,False,Unclear,Unclear,unclear,unknown,0.0,No component evidence available in current data.
GRP-XHS-69b4ec21000000002200ed5b-06,69b4ec21000000002200ed5b,unknown,Unclear,False,False,False,False,Unclear,Unclear,unclear,unknown,0.0,No component evidence available in current data.
GRP-XHS-69b4ec21000000002200ed5b-07,69b4ec21000000002200ed5b,unknown,Unclear,False,False,False,False,Unclear,Unclear,unclear,unknown,0.0,No component evidence available in current data.
GRP-XHS-69b4ec21000000002200ed5b-08,69b4ec21000000002200ed5b,unknown,Unclear,False,False,False,False,Unclear,Unclear,unclear,unknown,0.0,No component evidence available in current data.
GRP-XHS-69734679000000002202d5e2-01,69734679000000002202d5e2,unknown,Unclear,False,False,False,False,Unclear,Unclear,unclear,unknown,0.0,No component evidence available in current data.
GRP-XHS-69734679000000002202d5e2-02,69734679000000002202d5e2,unknown,Unclear,False,False,False,False,Unclear,Unclear,unclear,unknown,0.0,No component evidence available in current data.
GRP-XHS-69734679000000002202d5e2-03,69734679000000002202d5e2,unknown,Unclear,False,False,False,False,Unclear,Unclear,unclear,unknown,0.0,No component evidence available in current data.
GRP-XHS-69734679000000002202d5e2-04,69734679000000002202d5e2,unknown,Unclear,False,False,False,False,Unclear,Unclear,unclear,unknown,0.0,No component evidence available in current data.
GRP-XHS-69734679000000002202d5e2-05,69734679000000002202d5e2,unknown,Unclear,False,False,False,False,Unclear,Unclear,unclear,unknown,0.0,No component evidence available in current data.
GRP-XHS-69cdbae90000000021013a1d-01,69cdbae90000000021013a1d,unknown,Unclear,False,False,False,False,Unclear,Outdoor,unclear,text_heuristic,0.4,Component fields inferred from text evidence only.
GRP-XHS-69cdbae90000000021013a1d-02,69cdbae90000000021013a1d,unknown,Unclear,False,False,False,False,Unclear,Outdoor,unclear,text_heuristic,0.4,Component fields inferred from text evidence only.
GRP-XHS-69cdbae90000000021013a1d-03,69cdbae90000000021013a1d,unknown,Unclear,False,False,False,False,Unclear,Outdoor,unclear,text_heuristic,0.4,Component fields inferred from text evidence only.
GRP-XHS-69cdbae90000000021013a1d-04,69cdbae90000000021013a1d,unknown,Unclear,False,False,False,False,Unclear,Outdoor,unclear,text_heuristic,0.4,Component fields inferred from text evidence only.
GRP-XHS-69cdbae90000000021013a1d-05,69cdbae90000000021013a1d,unknown,Unclear,False,False,False,False,Unclear,Outdoor,unclear,text_heuristic,0.4,Component fields inferred from text evidence only.
GRP-XHS-6a0423830000000036033a57-01,6a0423830000000036033a57,unknown,Unclear,False,False,False,False,Unclear,Unclear,unclear,unknown,0.0,No component evidence available in current data.
GRP-XHS-6a0423830000000036033a57-02,6a0423830000000036033a57,unknown,Unclear,False,False,False,False,Unclear,Unclear,unclear,unknown,0.0,No component evidence available in current data.
GRP-XHS-6a0423830000000036033a57-03,6a0423830000000036033a57,unknown,Unclear,False,False,False,False,Unclear,Unclear,unclear,unknown,0.0,No component evidence available in current data.
GRP-XHS-6a0423830000000036033a57-04,6a0423830000000036033a57,unknown,Unclear,False,False,False,False,Unclear,Unclear,unclear,unknown,0.0,No component evidence available in current data.
GRP-XHS-6a0423830000000036033a57-05,6a0423830000000036033a57,unknown,Unclear,False,False,False,False,Unclear,Unclear,unclear,unknown,0.0,No component evidence available in current data.
GRP-XHS-6a0423830000000036033a57-06,6a0423830000000036033a57,unknown,Unclear,False,False,False,False,Unclear,Unclear,unclear,unknown,0.0,No component evidence available in current data.
GRP-XHS-6a0423830000000036033a57-07,6a0423830000000036033a57,unknown,Unclear,False,False,False,False,Unclear,Unclear,unclear,unknown,0.0,No component evidence available in current data.
GRP-XHS-6a0423830000000036033a57-08,6a0423830000000036033a57,unknown,Unclear,False,False,False,False,Unclear,Unclear,unclear,unknown,0.0,No component evidence available in current data.
GRP-XHS-6a0423830000000036033a57-09,6a0423830000000036033a57,unknown,Unclear,False,False,False,False,Unclear,Unclear,unclear,unknown,0.0,No component evidence available in current data.
GRP-XHS-69169e58000000000703ab3b-01,69169e58000000000703ab3b,unknown,Unclear,False,False,False,False,Unclear,Unclear,unclear,unknown,0.0,No component evidence available in current data.
GRP-XHS-694be601000000001f00792e-01,694be601000000001f00792e,unknown,Unclear,False,False,False,False,Unclear,Unclear,unclear,unknown,0.0,No component evidence available in current data.
GRP-XHS-694be601000000001f00792e-02,694be601000000001f00792e,unknown,Unclear,False,False,False,False,Unclear,Unclear,unclear,unknown,0.0,No component evidence available in current data.
GRP-XHS-694be601000000001f00792e-03,694be601000000001f00792e,unknown,Unclear,False,False,False,False,Unclear,Unclear,unclear,unknown,0.0,No component evidence available in current data.
GRP-XHS-688223c8000000001203365b-01,688223c8000000001203365b,unknown,Unclear,False,False,False,False,Unclear,Unclear,unclear,unknown,0.0,No component evidence available in current data.
GRP-XHS-684be38f000000002202869a-01,684be38f000000002202869a,unknown,Unclear,False,False,False,False,Unclear,Unclear,unclear,unknown,0.0,No component evidence available in current data.
GRP-XHS-684be38f000000002202869a-02,684be38f000000002202869a,unknown,Unclear,False,False,False,False,Unclear,Unclear,unclear,unknown,0.0,No component evidence available in current data.
GRP-XHS-684be38f000000002202869a-03,684be38f000000002202869a,unknown,Unclear,False,False,False,False,Unclear,Unclear,unclear,unknown,0.0,No component evidence available in current data.
GRP-XHS-684be38f000000002202869a-04,684be38f000000002202869a,unknown,Unclear,False,False,False,False,Unclear,Unclear,unclear,unknown,0.0,No component evidence available in current data.
GRP-XHS-684be38f000000002202869a-05,684be38f000000002202869a,unknown,Unclear,False,False,False,False,Unclear,Unclear,unclear,unknown,0.0,No component evidence available in current data.
GRP-XHS-684be38f000000002202869a-06,684be38f000000002202869a,unknown,Unclear,False,False,False,False,Unclear,Unclear,unclear,unknown,0.0,No component evidence available in current data.
GRP-XHS-684be38f000000002202869a-07,684be38f000000002202869a,unknown,Unclear,False,False,False,False,Unclear,Unclear,unclear,unknown,0.0,No component evidence available in current data.
GRP-XHS-684be38f000000002202869a-08,684be38f000000002202869a,unknown,Unclear,False,False,False,False,Unclear,Unclear,unclear,unknown,0.0,No component evidence available in current data.
GRP-XHS-68e99da2000000000700a15f-01,68e99da2000000000700a15f,unknown,Unclear,False,False,False,False,Unclear,Unclear,unclear,unknown,0.0,No component evidence available in current data.
GRP-XHS-68e99da2000000000700a15f-03,68e99da2000000000700a15f,unknown,Unclear,False,False,False,False,Unclear,Unclear,unclear,unknown,0.0,No component evidence available in current data.
GRP-XHS-68e99da2000000000700a15f-04,68e99da2000000000700a15f,unknown,Unclear,False,False,False,False,Unclear,Unclear,unclear,unknown,0.0,No component evidence available in current data.
GRP-XHS-68e99da2000000000700a15f-05,68e99da2000000000700a15f,unknown,Unclear,False,False,False,False,Unclear,Unclear,unclear,unknown,0.0,No component evidence available in current data.
GRP-XHS-68e99da2000000000700a15f-06,68e99da2000000000700a15f,unknown,Unclear,False,False,False,False,Unclear,Unclear,unclear,unknown,0.0,No component evidence available in current data.
GRP-XHS-68e99da2000000000700a15f-07,68e99da2000000000700a15f,unknown,Unclear,False,False,False,False,Unclear,Unclear,unclear,unknown,0.0,No component evidence available in current data.
GRP-XHS-68e99da2000000000700a15f-08,68e99da2000000000700a15f,unknown,Unclear,False,False,False,False,Unclear,Unclear,unclear,unknown,0.0,No component evidence available in current data.
GRP-XHS-68e99da2000000000700a15f-09,68e99da2000000000700a15f,unknown,Unclear,False,False,False,False,Unclear,Unclear,unclear,unknown,0.0,No component evidence available in current data.
GRP-XHS-68e99da2000000000700a15f-10,68e99da2000000000700a15f,unknown,Unclear,False,False,False,False,Unclear,Unclear,unclear,unknown,0.0,No component evidence available in current data.
GRP-XHS-68e99da2000000000700a15f-11,68e99da2000000000700a15f,unknown,Unclear,False,False,False,False,Unclear,Unclear,unclear,unknown,0.0,No component evidence available in current data.
GRP-XHS-68e99da2000000000700a15f-12,68e99da2000000000700a15f,unknown,Unclear,False,False,False,False,Unclear,Unclear,unclear,unknown,0.0,No component evidence available in current data.
GRP-XHS-69ee2200000000001a035186-02,69ee2200000000001a035186,unknown,Unclear,False,False,False,False,Unclear,Urban_Commute,unclear,text_heuristic,0.4,Component fields inferred from text evidence only.
GRP-XHS-69ee2200000000001a035186-03,69ee2200000000001a035186,unknown,Unclear,False,False,False,False,Unclear,Urban_Commute,unclear,text_heuristic,0.4,Component fields inferred from text evidence only.
GRP-XHS-69ee2200000000001a035186-04,69ee2200000000001a035186,unknown,Unclear,False,False,False,False,Unclear,Urban_Commute,unclear,text_heuristic,0.4,Component fields inferred from text evidence only.
GRP-XHS-69ee2200000000001a035186-05,69ee2200000000001a035186,unknown,Unclear,False,False,False,False,Unclear,Urban_Commute,unclear,text_heuristic,0.4,Component fields inferred from text evidence only.
GRP-XHS-69ee2200000000001a035186-06,69ee2200000000001a035186,unknown,Unclear,False,False,False,False,Unclear,Urban_Commute,unclear,text_heuristic,0.4,Component fields inferred from text evidence only.
GRP-XHS-69f1a2c3000000002003bd4e-01,69f1a2c3000000002003bd4e,unknown,Unclear,False,False,False,False,Unclear,Unclear,unclear,unknown,0.0,No component evidence available in current data.
GRP-XHS-69f1a2c3000000002003bd4e-02,69f1a2c3000000002003bd4e,unknown,Unclear,False,False,False,False,Unclear,Unclear,unclear,unknown,0.0,No component evidence available in current data.
GRP-XHS-69f1a2c3000000002003bd4e-03,69f1a2c3000000002003bd4e,unknown,Unclear,False,False,False,False,Unclear,Unclear,unclear,unknown,0.0,No component evidence available in current data.
GRP-XHS-69f1a2c3000000002003bd4e-04,69f1a2c3000000002003bd4e,unknown,Unclear,False,False,False,False,Unclear,Unclear,unclear,unknown,0.0,No component evidence available in current data.
GRP-XHS-69f1a2c3000000002003bd4e-05,69f1a2c3000000002003bd4e,unknown,Unclear,False,False,False,False,Unclear,Unclear,unclear,unknown,0.0,No component evidence available in current data.
GRP-XHS-69f1a2c3000000002003bd4e-06,69f1a2c3000000002003bd4e,unknown,Unclear,False,False,False,False,Unclear,Unclear,unclear,unknown,0.0,No component evidence available in current data.
GRP-XHS-69f1a2c3000000002003bd4e-07,69f1a2c3000000002003bd4e,unknown,Unclear,False,False,False,False,Unclear,Unclear,unclear,unknown,0.0,No component evidence available in current data.
GRP-XHS-69f1a2c3000000002003bd4e-08,69f1a2c3000000002003bd4e,unknown,Unclear,False,False,False,False,Unclear,Unclear,unclear,unknown,0.0,No component evidence available in current data.
GRP-XHS-69f1a2c3000000002003bd4e-09,69f1a2c3000000002003bd4e,unknown,Unclear,False,False,False,False,Unclear,Unclear,unclear,unknown,0.0,No component evidence available in current data.
GRP-XHS-69f1a2c3000000002003bd4e-10,69f1a2c3000000002003bd4e,unknown,Unclear,False,False,False,False,Unclear,Unclear,unclear,unknown,0.0,No component evidence available in current data.
GRP-XHS-6840e849000000000f031564-01,6840e849000000000f031564,unknown,Unclear,False,False,False,False,Unclear,Outdoor,unclear,text_heuristic,0.4,Component fields inferred from text evidence only.
GRP-XHS-6840e849000000000f031564-02,6840e849000000000f031564,unknown,Unclear,False,False,False,False,Unclear,Outdoor,unclear,text_heuristic,0.4,Component fields inferred from text evidence only.
GRP-XHS-6a02f9f4000000003501da73-01,6a02f9f4000000003501da73,unknown,Unclear,False,False,False,False,Unclear,Unclear,unclear,unknown,0.0,No component evidence available in current data.
GRP-XHS-6a02f9f4000000003501da73-02,6a02f9f4000000003501da73,unknown,Unclear,False,False,False,False,Unclear,Unclear,unclear,unknown,0.0,No component evidence available in current data.
GRP-XHS-6a02f9f4000000003501da73-04,6a02f9f4000000003501da73,unknown,Unclear,False,False,False,False,Unclear,Unclear,unclear,unknown,0.0,No component evidence available in current data.
GRP-XHS-6a02f9f4000000003501da73-05,6a02f9f4000000003501da73,unknown,Unclear,False,False,False,False,Unclear,Unclear,unclear,unknown,0.0,No component evidence available in current data.
GRP-XHS-6a02f9f4000000003501da73-06,6a02f9f4000000003501da73,unknown,Unclear,False,False,False,False,Unclear,Unclear,unclear,unknown,0.0,No component evidence available in current data.
GRP-XHS-6a02f9f4000000003501da73-07,6a02f9f4000000003501da73,unknown,Unclear,False,False,False,False,Unclear,Unclear,unclear,unknown,0.0,No component evidence available in current data.
GRP-XHS-6a02f9f4000000003501da73-08,6a02f9f4000000003501da73,unknown,Unclear,False,False,False,False,Unclear,Unclear,unclear,unknown,0.0,No component evidence available in current data.
GRP-XHS-6a0c6070000000000803cef0-01,6a0c6070000000000803cef0,unknown,Unclear,False,False,False,False,Unclear,Unclear,unclear,unknown,0.0,No component evidence available in current data.
GRP-XHS-698c2408000000000b010188-01,698c2408000000000b010188,unknown,Unclear,False,False,False,False,Unclear,Unclear,unclear,unknown,0.0,No component evidence available in current data.
GRP-XHS-68a303ed000000001d02c3c5-01,68a303ed000000001d02c3c5,unknown,Unclear,False,False,False,False,Unclear,Unclear,unclear,unknown,0.0,No component evidence available in current data.
GRP-XHS-68a303ed000000001d02c3c5-02,68a303ed000000001d02c3c5,unknown,Unclear,False,False,False,False,Unclear,Unclear,unclear,unknown,0.0,No component evidence available in current data.
GRP-XHS-68a303ed000000001d02c3c5-03,68a303ed000000001d02c3c5,unknown,Unclear,False,False,False,False,Unclear,Unclear,unclear,unknown,0.0,No component evidence available in current data.
GRP-XHS-68a303ed000000001d02c3c5-04,68a303ed000000001d02c3c5,unknown,Unclear,False,False,False,False,Unclear,Unclear,unclear,unknown,0.0,No component evidence available in current data.
GRP-XHS-68a303ed000000001d02c3c5-05,68a303ed000000001d02c3c5,unknown,Unclear,False,False,False,False,Unclear,Unclear,unclear,unknown,0.0,No component evidence available in current data.
GRP-XHS-68a303ed000000001d02c3c5-06,68a303ed000000001d02c3c5,unknown,Unclear,False,False,False,False,Unclear,Unclear,unclear,unknown,0.0,No component evidence available in current data.
GRP-XHS-68a303ed000000001d02c3c5-07,68a303ed000000001d02c3c5,unknown,Unclear,False,False,False,False,Unclear,Unclear,unclear,unknown,0.0,No component evidence available in current data.
GRP-XHS-68f236ae00000000050023e3-01,68f236ae00000000050023e3,unknown,Unclear,False,False,False,False,Unclear,Outdoor,unclear,text_heuristic,0.4,Component fields inferred from text evidence only.
GRP-XHS-6a030f4b0000000007029560-01,6a030f4b0000000007029560,unknown,Unclear,False,False,False,False,Unclear,Unclear,unclear,unknown,0.0,No component evidence available in current data.
GRP-XHS-6a030f4b0000000007029560-02,6a030f4b0000000007029560,unknown,Unclear,False,False,False,False,Unclear,Unclear,unclear,unknown,0.0,No component evidence available in current data.
GRP-XHS-6a030f4b0000000007029560-04,6a030f4b0000000007029560,unknown,Unclear,False,False,False,False,Unclear,Unclear,unclear,unknown,0.0,No component evidence available in current data.
GRP-XHS-6a030f4b0000000007029560-05,6a030f4b0000000007029560,unknown,Unclear,False,False,False,False,Unclear,Unclear,unclear,unknown,0.0,No component evidence available in current data.
GRP-XHS-6a030f4b0000000007029560-06,6a030f4b0000000007029560,unknown,Unclear,False,False,False,False,Unclear,Unclear,unclear,unknown,0.0,No component evidence available in current data.
GRP-XHS-69abcb250000000015030d20-01,69abcb250000000015030d20,unknown,Unclear,False,False,False,False,Unclear,Unclear,unclear,unknown,0.0,No component evidence available in current data.
GRP-XHS-69abcb250000000015030d20-02,69abcb250000000015030d20,unknown,Unclear,False,False,False,False,Unclear,Unclear,unclear,unknown,0.0,No component evidence available in current data.
GRP-XHS-69abcb250000000015030d20-03,69abcb250000000015030d20,unknown,Unclear,False,False,False,False,Unclear,Unclear,unclear,unknown,0.0,No component evidence available in current data.
GRP-XHS-69abcb250000000015030d20-04,69abcb250000000015030d20,unknown,Unclear,False,False,False,False,Unclear,Unclear,unclear,unknown,0.0,No component evidence available in current data.
GRP-XHS-69abcb250000000015030d20-05,69abcb250000000015030d20,unknown,Unclear,False,False,False,False,Unclear,Unclear,unclear,unknown,0.0,No component evidence available in current data.
GRP-XHS-69abcb250000000015030d20-06,69abcb250000000015030d20,unknown,Unclear,False,False,False,False,Unclear,Unclear,unclear,unknown,0.0,No component evidence available in current data.
GRP-XHS-69abcb250000000015030d20-07,69abcb250000000015030d20,unknown,Unclear,False,False,False,False,Unclear,Unclear,unclear,unknown,0.0,No component evidence available in current data.
GRP-XHS-69abcb250000000015030d20-08,69abcb250000000015030d20,unknown,Unclear,False,False,False,False,Unclear,Unclear,unclear,unknown,0.0,No component evidence available in current data.
GRP-XHS-69abcb250000000015030d20-09,69abcb250000000015030d20,unknown,Unclear,False,False,False,False,Unclear,Unclear,unclear,unknown,0.0,No component evidence available in current data.
GRP-XHS-69abcb250000000015030d20-10,69abcb250000000015030d20,unknown,Unclear,False,False,False,False,Unclear,Unclear,unclear,unknown,0.0,No component evidence available in current data.
GRP-XHS-69abcb250000000015030d20-11,69abcb250000000015030d20,unknown,Unclear,False,False,False,False,Unclear,Unclear,unclear,unknown,0.0,No component evidence available in current data.
GRP-XHS-69abcb250000000015030d20-12,69abcb250000000015030d20,unknown,Unclear,False,False,False,False,Unclear,Unclear,unclear,unknown,0.0,No component evidence available in current data.
GRP-XHS-69abcb250000000015030d20-13,69abcb250000000015030d20,unknown,Unclear,False,False,False,False,Unclear,Unclear,unclear,unknown,0.0,No component evidence available in current data.
GRP-XHS-684788cd0000000023016507-01,684788cd0000000023016507,unknown,Unclear,False,False,False,False,Unclear,Unclear,unclear,unknown,0.0,No component evidence available in current data.
GRP-XHS-684788cd0000000023016507-02,684788cd0000000023016507,unknown,Unclear,False,False,False,False,Unclear,Unclear,unclear,unknown,0.0,No component evidence available in current data.
GRP-XHS-684788cd0000000023016507-03,684788cd0000000023016507,unknown,Unclear,False,False,False,False,Unclear,Unclear,unclear,unknown,0.0,No component evidence available in current data.
GRP-XHS-684788cd0000000023016507-04,684788cd0000000023016507,unknown,Unclear,False,False,False,False,Unclear,Unclear,unclear,unknown,0.0,No component evidence available in current data.
GRP-XHS-686ba63900000000170307da-01,686ba63900000000170307da,unknown,Unclear,False,False,False,False,Unclear,Unclear,unclear,unknown,0.0,No component evidence available in current data.
GRP-XHS-686ba63900000000170307da-04,686ba63900000000170307da,unknown,Unclear,False,False,False,False,Unclear,Unclear,unclear,unknown,0.0,No component evidence available in current data.
GRP-XHS-685bc77e00000000170363c7-01,685bc77e00000000170363c7,unknown,Unclear,False,False,False,False,Unclear,Unclear,unclear,unknown,0.0,No component evidence available in current data.
GRP-XHS-685bc77e00000000170363c7-02,685bc77e00000000170363c7,unknown,Unclear,False,False,False,False,Unclear,Unclear,unclear,unknown,0.0,No component evidence available in current data.
GRP-XHS-685bc77e00000000170363c7-03,685bc77e00000000170363c7,unknown,Unclear,False,False,False,False,Unclear,Unclear,unclear,unknown,0.0,No component evidence available in current data.
GRP-XHS-685bc77e00000000170363c7-04,685bc77e00000000170363c7,unknown,Unclear,False,False,False,False,Unclear,Unclear,unclear,unknown,0.0,No component evidence available in current data.
GRP-XHS-685bc77e00000000170363c7-05,685bc77e00000000170363c7,unknown,Unclear,False,False,False,False,Unclear,Unclear,unclear,unknown,0.0,No component evidence available in current data.
GRP-XHS-685bc77e00000000170363c7-06,685bc77e00000000170363c7,unknown,Unclear,False,False,False,False,Unclear,Unclear,unclear,unknown,0.0,No component evidence available in current data.
GRP-XHS-685bc77e00000000170363c7-07,685bc77e00000000170363c7,unknown,Unclear,False,False,False,False,Unclear,Unclear,unclear,unknown,0.0,No component evidence available in current data.
GRP-XHS-685bc77e00000000170363c7-08,685bc77e00000000170363c7,unknown,Unclear,False,False,False,False,Unclear,Unclear,unclear,unknown,0.0,No component evidence available in current data.
GRP-XHS-685bc77e00000000170363c7-11,685bc77e00000000170363c7,unknown,Unclear,False,False,False,False,Unclear,Unclear,unclear,unknown,0.0,No component evidence available in current data.
GRP-XHS-68bc2cca000000001d019e1a-01,68bc2cca000000001d019e1a,unknown,Unclear,False,False,False,False,Unclear,Unclear,unclear,unknown,0.0,No component evidence available in current data.
GRP-XHS-68bc2cca000000001d019e1a-02,68bc2cca000000001d019e1a,unknown,Unclear,False,False,False,False,Unclear,Unclear,unclear,unknown,0.0,No component evidence available in current data.
GRP-XHS-68bc2cca000000001d019e1a-03,68bc2cca000000001d019e1a,unknown,Unclear,False,False,False,False,Unclear,Unclear,unclear,unknown,0.0,No component evidence available in current data.
GRP-XHS-68bc2cca000000001d019e1a-04,68bc2cca000000001d019e1a,unknown,Unclear,False,False,False,False,Unclear,Unclear,unclear,unknown,0.0,No component evidence available in current data.
GRP-XHS-68bc2cca000000001d019e1a-05,68bc2cca000000001d019e1a,unknown,Unclear,False,False,False,False,Unclear,Unclear,unclear,unknown,0.0,No component evidence available in current data.
GRP-XHS-68bc2cca000000001d019e1a-06,68bc2cca000000001d019e1a,unknown,Unclear,False,False,False,False,Unclear,Unclear,unclear,unknown,0.0,No component evidence available in current data.
GRP-XHS-68bc2cca000000001d019e1a-07,68bc2cca000000001d019e1a,unknown,Unclear,False,False,False,False,Unclear,Unclear,unclear,unknown,0.0,No component evidence available in current data.
GRP-XHS-68bc2cca000000001d019e1a-08,68bc2cca000000001d019e1a,unknown,Unclear,False,False,False,False,Unclear,Unclear,unclear,unknown,0.0,No component evidence available in current data.
GRP-XHS-68bc2cca000000001d019e1a-09,68bc2cca000000001d019e1a,unknown,Unclear,False,False,False,False,Unclear,Unclear,unclear,unknown,0.0,No component evidence available in current data.
GRP-XHS-68fb6cfb000000000702108e-01,68fb6cfb000000000702108e,unknown,Unclear,False,False,False,False,Unclear,Unclear,unclear,unknown,0.0,No component evidence available in current data.
GRP-XHS-68fb6cfb000000000702108e-03,68fb6cfb000000000702108e,unknown,Unclear,False,False,False,False,Unclear,Unclear,unclear,unknown,0.0,No component evidence available in current data.
GRP-XHS-68fb6cfb000000000702108e-04,68fb6cfb000000000702108e,unknown,Unclear,False,False,False,False,Unclear,Unclear,unclear,unknown,0.0,No component evidence available in current data.
GRP-XHS-697744de000000002103eb17-01,697744de000000002103eb17,unknown,Unclear,False,False,False,False,Unclear,Unclear,unclear,unknown,0.0,No component evidence available in current data.
GRP-XHS-697744de000000002103eb17-02,697744de000000002103eb17,unknown,Unclear,False,False,False,False,Unclear,Unclear,unclear,unknown,0.0,No component evidence available in current data.
GRP-XHS-697744de000000002103eb17-03,697744de000000002103eb17,unknown,Unclear,False,False,False,False,Unclear,Unclear,unclear,unknown,0.0,No component evidence available in current data.
GRP-XHS-697744de000000002103eb17-04,697744de000000002103eb17,unknown,Unclear,False,False,False,False,Unclear,Unclear,unclear,unknown,0.0,No component evidence available in current data.
GRP-XHS-697744de000000002103eb17-05,697744de000000002103eb17,unknown,Unclear,False,False,False,False,Unclear,Unclear,unclear,unknown,0.0,No component evidence available in current data.
GRP-XHS-697744de000000002103eb17-06,697744de000000002103eb17,unknown,Unclear,False,False,False,False,Unclear,Unclear,unclear,unknown,0.0,No component evidence available in current data.
GRP-XHS-697744de000000002103eb17-07,697744de000000002103eb17,unknown,Unclear,False,False,False,False,Unclear,Unclear,unclear,unknown,0.0,No component evidence available in current data.
GRP-XHS-6863e5b5000000001202f410-01,6863e5b5000000001202f410,unknown,Unclear,False,False,False,False,Unclear,Outdoor,unclear,text_heuristic,0.4,Component fields inferred from text evidence only.
GRP-XHS-6863e5b5000000001202f410-01,6863e5b5000000001202f410,unknown,Unclear,False,False,False,False,Unclear,Outdoor,unclear,text_heuristic,0.4,Component fields inferred from text evidence only.
GRP-XHS-6863e5b5000000001202f410-02,6863e5b5000000001202f410,unknown,Unclear,False,False,False,False,Unclear,Outdoor,unclear,text_heuristic,0.4,Component fields inferred from text evidence only.
GRP-XHS-6863e5b5000000001202f410-02,6863e5b5000000001202f410,unknown,Unclear,False,False,False,False,Unclear,Outdoor,unclear,text_heuristic,0.4,Component fields inferred from text evidence only.
GRP-XHS-6863e5b5000000001202f410-04,6863e5b5000000001202f410,unknown,Unclear,False,False,False,False,Unclear,Outdoor,unclear,text_heuristic,0.4,Component fields inferred from text evidence only.
GRP-XHS-6863e5b5000000001202f410-04,6863e5b5000000001202f410,unknown,Unclear,False,False,False,False,Unclear,Outdoor,unclear,text_heuristic,0.4,Component fields inferred from text evidence only.
GRP-XHS-6863e5b5000000001202f410-05,6863e5b5000000001202f410,unknown,Unclear,False,False,False,False,Unclear,Outdoor,unclear,text_heuristic,0.4,Component fields inferred from text evidence only.
GRP-XHS-6863e5b5000000001202f410-05,6863e5b5000000001202f410,unknown,Unclear,False,False,False,False,Unclear,Outdoor,unclear,text_heuristic,0.4,Component fields inferred from text evidence only.
GRP-XHS-6863e5b5000000001202f410-06,6863e5b5000000001202f410,unknown,Unclear,False,False,False,False,Unclear,Outdoor,unclear,text_heuristic,0.4,Component fields inferred from text evidence only.
GRP-XHS-6863e5b5000000001202f410-06,6863e5b5000000001202f410,unknown,Unclear,False,False,False,False,Unclear,Outdoor,unclear,text_heuristic,0.4,Component fields inferred from text evidence only.
GRP-XHS-6863e5b5000000001202f410-07,6863e5b5000000001202f410,unknown,Unclear,False,False,False,False,Unclear,Outdoor,unclear,text_heuristic,0.4,Component fields inferred from text evidence only.
GRP-XHS-6863e5b5000000001202f410-07,6863e5b5000000001202f410,unknown,Unclear,False,False,False,False,Unclear,Outdoor,unclear,text_heuristic,0.4,Component fields inferred from text evidence only.
GRP-XHS-6863e5b5000000001202f410-08,6863e5b5000000001202f410,unknown,Unclear,False,False,False,False,Unclear,Outdoor,unclear,text_heuristic,0.4,Component fields inferred from text evidence only.
GRP-XHS-6863e5b5000000001202f410-08,6863e5b5000000001202f410,unknown,Unclear,False,False,False,False,Unclear,Outdoor,unclear,text_heuristic,0.4,Component fields inferred from text evidence only.
GRP-XHS-6863e5b5000000001202f410-09,6863e5b5000000001202f410,unknown,Unclear,False,False,False,False,Unclear,Outdoor,unclear,text_heuristic,0.4,Component fields inferred from text evidence only.
GRP-XHS-6863e5b5000000001202f410-09,6863e5b5000000001202f410,unknown,Unclear,False,False,False,False,Unclear,Outdoor,unclear,text_heuristic,0.4,Component fields inferred from text evidence only.
GRP-XHS-69fd4d5b000000002300483c-01,69fd4d5b000000002300483c,unknown,Unclear,False,False,False,False,Unclear,Unclear,unclear,unknown,0.0,No component evidence available in current data.
GRP-XHS-69fd4d5b000000002300483c-02,69fd4d5b000000002300483c,unknown,Unclear,False,False,False,False,Unclear,Unclear,unclear,unknown,0.0,No component evidence available in current data.
GRP-XHS-69fd4d5b000000002300483c-03,69fd4d5b000000002300483c,unknown,Unclear,False,False,False,False,Unclear,Unclear,unclear,unknown,0.0,No component evidence available in current data.
GRP-XHS-68fdcb200000000004004f3d-01,68fdcb200000000004004f3d,unknown,Unclear,False,False,False,False,Unclear,Unclear,unclear,unknown,0.0,No component evidence available in current data.
GRP-XHS-68fdcb200000000004004f3d-02,68fdcb200000000004004f3d,unknown,Unclear,False,False,False,False,Unclear,Unclear,unclear,unknown,0.0,No component evidence available in current data.
GRP-XHS-69fe30280000000036019935-01,69fe30280000000036019935,unknown,Unclear,False,False,False,False,Unclear,Unclear,unclear,unknown,0.0,No component evidence available in current data.
GRP-XHS-69fe30280000000036019935-02,69fe30280000000036019935,unknown,Unclear,False,False,False,False,Unclear,Unclear,unclear,unknown,0.0,No component evidence available in current data.
GRP-XHS-685413a90000000012016c9b-01,685413a90000000012016c9b,unknown,Unclear,False,False,False,False,Unclear,Unclear,unclear,unknown,0.0,No component evidence available in current data.
GRP-XHS-68ccce0f0000000013007a4b-01,68ccce0f0000000013007a4b,unknown,Unclear,False,False,False,False,Unclear,Unclear,unclear,unknown,0.0,No component evidence available in current data.
GRP-XHS-68ccce0f0000000013007a4b-02,68ccce0f0000000013007a4b,unknown,Unclear,False,False,False,False,Unclear,Unclear,unclear,unknown,0.0,No component evidence available in current data.
GRP-XHS-68ccce0f0000000013007a4b-03,68ccce0f0000000013007a4b,unknown,Unclear,False,False,False,False,Unclear,Unclear,unclear,unknown,0.0,No component evidence available in current data.
GRP-XHS-68ccce0f0000000013007a4b-04,68ccce0f0000000013007a4b,unknown,Unclear,False,False,False,False,Unclear,Unclear,unclear,unknown,0.0,No component evidence available in current data.
GRP-XHS-68ccce0f0000000013007a4b-05,68ccce0f0000000013007a4b,unknown,Unclear,False,False,False,False,Unclear,Unclear,unclear,unknown,0.0,No component evidence available in current data.
GRP-XHS-68ccce0f0000000013007a4b-07,68ccce0f0000000013007a4b,unknown,Unclear,False,False,False,False,Unclear,Unclear,unclear,unknown,0.0,No component evidence available in current data.
GRP-XHS-69f84380000000003501ef4f-01,69f84380000000003501ef4f,unknown,Unclear,False,False,False,False,Unclear,Unclear,unclear,unknown,0.0,No component evidence available in current data.
GRP-XHS-69f84380000000003501ef4f-02,69f84380000000003501ef4f,unknown,Unclear,False,False,False,False,Unclear,Unclear,unclear,unknown,0.0,No component evidence available in current data.
GRP-XHS-69f84380000000003501ef4f-03,69f84380000000003501ef4f,unknown,Unclear,False,False,False,False,Unclear,Unclear,unclear,unknown,0.0,No component evidence available in current data.
GRP-XHS-684bd329000000002100aac3-01,684bd329000000002100aac3,unknown,Unclear,False,False,False,False,Unclear,Outdoor,unclear,text_heuristic,0.4,Component fields inferred from text evidence only.
GRP-XHS-684bd329000000002100aac3-02,684bd329000000002100aac3,unknown,Unclear,False,False,False,False,Unclear,Outdoor,unclear,text_heuristic,0.4,Component fields inferred from text evidence only.
GRP-XHS-684bd329000000002100aac3-03,684bd329000000002100aac3,unknown,Unclear,False,False,False,False,Unclear,Outdoor,unclear,text_heuristic,0.4,Component fields inferred from text evidence only.
GRP-XHS-684bd329000000002100aac3-04,684bd329000000002100aac3,unknown,Unclear,False,False,False,False,Unclear,Outdoor,unclear,text_heuristic,0.4,Component fields inferred from text evidence only.
GRP-XHS-684bd329000000002100aac3-05,684bd329000000002100aac3,unknown,Unclear,False,False,False,False,Unclear,Outdoor,unclear,text_heuristic,0.4,Component fields inferred from text evidence only.
GRP-XHS-693ff373000000001e011f3e-01,693ff373000000001e011f3e,unknown,Unclear,False,False,False,False,Unclear,Unclear,unclear,unknown,0.0,No component evidence available in current data.
GRP-XHS-69130db200000000030388ad-01,69130db200000000030388ad,unknown,Unclear,False,False,False,False,Unclear,Unclear,unclear,unknown,0.0,No component evidence available in current data.
GRP-XHS-69130db200000000030388ad-02,69130db200000000030388ad,unknown,Unclear,False,False,False,False,Unclear,Unclear,unclear,unknown,0.0,No component evidence available in current data.
GRP-XHS-69130db200000000030388ad-03,69130db200000000030388ad,unknown,Unclear,False,False,False,False,Unclear,Unclear,unclear,unknown,0.0,No component evidence available in current data.
GRP-XHS-69130db200000000030388ad-04,69130db200000000030388ad,unknown,Unclear,False,False,False,False,Unclear,Unclear,unclear,unknown,0.0,No component evidence available in current data.
GRP-XHS-69130db200000000030388ad-05,69130db200000000030388ad,unknown,Unclear,False,False,False,False,Unclear,Unclear,unclear,unknown,0.0,No component evidence available in current data.
GRP-XHS-69130db200000000030388ad-06,69130db200000000030388ad,unknown,Unclear,False,False,False,False,Unclear,Unclear,unclear,unknown,0.0,No component evidence available in current data.
GRP-XHS-6a0dc98300000000070133ba-01,6a0dc98300000000070133ba,unknown,Unclear,False,False,False,False,Unclear,Unclear,unclear,unknown,0.0,No component evidence available in current data.
GRP-XHS-6a0dc98300000000070133ba-02,6a0dc98300000000070133ba,unknown,Unclear,False,False,False,False,Unclear,Unclear,unclear,unknown,0.0,No component evidence available in current data.
GRP-XHS-6a0dc98300000000070133ba-03,6a0dc98300000000070133ba,unknown,Unclear,False,False,False,False,Unclear,Unclear,unclear,unknown,0.0,No component evidence available in current data.
GRP-XHS-6a0dc98300000000070133ba-05,6a0dc98300000000070133ba,unknown,Unclear,False,False,False,False,Unclear,Unclear,unclear,unknown,0.0,No component evidence available in current data.
GRP-XHS-6917141b0000000004000ab4-01,6917141b0000000004000ab4,unknown,Unclear,False,False,False,False,Unclear,Unclear,unclear,unknown,0.0,No component evidence available in current data.
GRP-XHS-6917141b0000000004000ab4-02,6917141b0000000004000ab4,unknown,Unclear,False,False,False,False,Unclear,Unclear,unclear,unknown,0.0,No component evidence available in current data.
GRP-XHS-68a328a7000000001c004504-01,68a328a7000000001c004504,unknown,Unclear,False,False,False,False,Unclear,Unclear,unclear,unknown,0.0,No component evidence available in current data.
GRP-XHS-69f054a8000000001f0002b0-01,69f054a8000000001f0002b0,unknown,Unclear,False,False,False,False,Unclear,Unclear,unclear,unknown,0.0,No component evidence available in current data.
GRP-XHS-69f054a8000000001f0002b0-02,69f054a8000000001f0002b0,unknown,Unclear,False,False,False,False,Unclear,Unclear,unclear,unknown,0.0,No component evidence available in current data.
GRP-XHS-69f054a8000000001f0002b0-03,69f054a8000000001f0002b0,unknown,Unclear,False,False,False,False,Unclear,Unclear,unclear,unknown,0.0,No component evidence available in current data.
GRP-XHS-69f054a8000000001f0002b0-04,69f054a8000000001f0002b0,unknown,Unclear,False,False,False,False,Unclear,Unclear,unclear,unknown,0.0,No component evidence available in current data.
GRP-XHS-69f054a8000000001f0002b0-06,69f054a8000000001f0002b0,unknown,Unclear,False,False,False,False,Unclear,Unclear,unclear,unknown,0.0,No component evidence available in current data.
GRP-XHS-69f054a8000000001f0002b0-07,69f054a8000000001f0002b0,unknown,Unclear,False,False,False,False,Unclear,Unclear,unclear,unknown,0.0,No component evidence available in current data.
GRP-XHS-69f054a8000000001f0002b0-08,69f054a8000000001f0002b0,unknown,Unclear,False,False,False,False,Unclear,Unclear,unclear,unknown,0.0,No component evidence available in current data.
GRP-XHS-69f054a8000000001f0002b0-10,69f054a8000000001f0002b0,unknown,Unclear,False,False,False,False,Unclear,Unclear,unclear,unknown,0.0,No component evidence available in current data.
GRP-XHS-69aa29ee0000000023039968-01,69aa29ee0000000023039968,unknown,Unclear,False,False,False,False,Unclear,Unclear,unclear,unknown,0.0,No component evidence available in current data.
GRP-XHS-69aa29ee0000000023039968-02,69aa29ee0000000023039968,unknown,Unclear,False,False,False,False,Unclear,Unclear,unclear,unknown,0.0,No component evidence available in current data.
GRP-XHS-69aa29ee0000000023039968-03,69aa29ee0000000023039968,unknown,Unclear,False,False,False,False,Unclear,Unclear,unclear,unknown,0.0,No component evidence available in current data.
GRP-XHS-693a84ad000000001e00c2bf-01,693a84ad000000001e00c2bf,unknown,Unclear,False,False,False,False,Unclear,Unclear,unclear,unknown,0.0,No component evidence available in current data.
GRP-XHS-693a84ad000000001e00c2bf-03,693a84ad000000001e00c2bf,unknown,Unclear,False,False,False,False,Unclear,Unclear,unclear,unknown,0.0,No component evidence available in current data.
GRP-XHS-693a84ad000000001e00c2bf-04,693a84ad000000001e00c2bf,unknown,Unclear,False,False,False,False,Unclear,Unclear,unclear,unknown,0.0,No component evidence available in current data.
GRP-XHS-693a84ad000000001e00c2bf-05,693a84ad000000001e00c2bf,unknown,Unclear,False,False,False,False,Unclear,Unclear,unclear,unknown,0.0,No component evidence available in current data.
GRP-XHS-693a84ad000000001e00c2bf-06,693a84ad000000001e00c2bf,unknown,Unclear,False,False,False,False,Unclear,Unclear,unclear,unknown,0.0,No component evidence available in current data.
GRP-XHS-693a84ad000000001e00c2bf-07,693a84ad000000001e00c2bf,unknown,Unclear,False,False,False,False,Unclear,Unclear,unclear,unknown,0.0,No component evidence available in current data.
GRP-XHS-68c19517000000001d03874b-01,68c19517000000001d03874b,unknown,Unclear,False,False,False,False,Unclear,Unclear,unclear,unknown,0.0,No component evidence available in current data.
GRP-XHS-6a05825d000000000702b197-01,6a05825d000000000702b197,unknown,Unclear,False,False,False,False,Unclear,Urban_Commute,unclear,text_heuristic,0.4,Component fields inferred from text evidence only.
GRP-XHS-6a05825d000000000702b197-02,6a05825d000000000702b197,unknown,Unclear,False,False,False,False,Unclear,Urban_Commute,unclear,text_heuristic,0.4,Component fields inferred from text evidence only.
GRP-XHS-6a05825d000000000702b197-03,6a05825d000000000702b197,unknown,Unclear,False,False,False,False,Unclear,Urban_Commute,unclear,text_heuristic,0.4,Component fields inferred from text evidence only.
GRP-XHS-6a05825d000000000702b197-04,6a05825d000000000702b197,unknown,Unclear,False,False,False,False,Unclear,Urban_Commute,unclear,text_heuristic,0.4,Component fields inferred from text evidence only.
GRP-XHS-6a00ae370000000006021063-01,6a00ae370000000006021063,unknown,Unclear,False,False,False,False,Unclear,Unclear,unclear,unknown,0.0,No component evidence available in current data.
GRP-XHS-6a0b15450000000038037235-01,6a0b15450000000038037235,unknown,Unclear,False,False,False,False,Unclear,Unclear,unclear,unknown,0.0,No component evidence available in current data.
GRP-XHS-6a0b15450000000038037235-02,6a0b15450000000038037235,unknown,Unclear,False,False,False,False,Unclear,Unclear,unclear,unknown,0.0,No component evidence available in current data.
GRP-XHS-6a0b15450000000038037235-03,6a0b15450000000038037235,unknown,Unclear,False,False,False,False,Unclear,Unclear,unclear,unknown,0.0,No component evidence available in current data.
GRP-XHS-68bea965000000001d03b803-01,68bea965000000001d03b803,unknown,Unclear,False,False,False,False,Unclear,Unclear,unclear,unknown,0.0,No component evidence available in current data.
GRP-XHS-68bea965000000001d03b803-02,68bea965000000001d03b803,unknown,Unclear,False,False,False,False,Unclear,Unclear,unclear,unknown,0.0,No component evidence available in current data.
GRP-XHS-6a104136000000003601bfaf-01,6a104136000000003601bfaf,unknown,Unclear,False,False,False,False,Unclear,Unclear,unclear,unknown,0.0,No component evidence available in current data.
GRP-XHS-6a104136000000003601bfaf-02,6a104136000000003601bfaf,unknown,Unclear,False,False,False,False,Unclear,Unclear,unclear,unknown,0.0,No component evidence available in current data.
GRP-XHS-6a104136000000003601bfaf-03,6a104136000000003601bfaf,unknown,Unclear,False,False,False,False,Unclear,Unclear,unclear,unknown,0.0,No component evidence available in current data.
GRP-XHS-6a104136000000003601bfaf-04,6a104136000000003601bfaf,unknown,Unclear,False,False,False,False,Unclear,Unclear,unclear,unknown,0.0,No component evidence available in current data.
GRP-XHS-6a104136000000003601bfaf-05,6a104136000000003601bfaf,unknown,Unclear,False,False,False,False,Unclear,Unclear,unclear,unknown,0.0,No component evidence available in current data.
GRP-XHS-6a104136000000003601bfaf-06,6a104136000000003601bfaf,unknown,Unclear,False,False,False,False,Unclear,Unclear,unclear,unknown,0.0,No component evidence available in current data.
GRP-XHS-6a104136000000003601bfaf-07,6a104136000000003601bfaf,unknown,Unclear,False,False,False,False,Unclear,Unclear,unclear,unknown,0.0,No component evidence available in current data.
GRP-XHS-6a104136000000003601bfaf-08,6a104136000000003601bfaf,unknown,Unclear,False,False,False,False,Unclear,Unclear,unclear,unknown,0.0,No component evidence available in current data.
GRP-XHS-68b915e3000000001d006f2e-01,68b915e3000000001d006f2e,unknown,Unclear,False,False,False,False,Unclear,Unclear,unclear,unknown,0.0,No component evidence available in current data.
GRP-XHS-68b915e3000000001d006f2e-02,68b915e3000000001d006f2e,unknown,Unclear,False,False,False,False,Unclear,Unclear,unclear,unknown,0.0,No component evidence available in current data.
GRP-XHS-68b915e3000000001d006f2e-03,68b915e3000000001d006f2e,unknown,Unclear,False,False,False,False,Unclear,Unclear,unclear,unknown,0.0,No component evidence available in current data.
GRP-XHS-68b915e3000000001d006f2e-04,68b915e3000000001d006f2e,unknown,Unclear,False,False,False,False,Unclear,Unclear,unclear,unknown,0.0,No component evidence available in current data.
GRP-XHS-68b063df000000001d01d584-01,68b063df000000001d01d584,unknown,Unclear,False,False,False,False,Unclear,Outdoor,unclear,text_heuristic,0.4,Component fields inferred from text evidence only.
GRP-XHS-68b063df000000001d01d584-02,68b063df000000001d01d584,unknown,Unclear,False,False,False,False,Unclear,Outdoor,unclear,text_heuristic,0.4,Component fields inferred from text evidence only.
GRP-XHS-68b063df000000001d01d584-03,68b063df000000001d01d584,unknown,Unclear,False,False,False,False,Unclear,Outdoor,unclear,text_heuristic,0.4,Component fields inferred from text evidence only.
GRP-XHS-68b063df000000001d01d584-04,68b063df000000001d01d584,unknown,Unclear,False,False,False,False,Unclear,Outdoor,unclear,text_heuristic,0.4,Component fields inferred from text evidence only.
GRP-XHS-68b063df000000001d01d584-05,68b063df000000001d01d584,unknown,Unclear,False,False,False,False,Unclear,Outdoor,unclear,text_heuristic,0.4,Component fields inferred from text evidence only.
GRP-XHS-68b063df000000001d01d584-06,68b063df000000001d01d584,unknown,Unclear,False,False,False,False,Unclear,Outdoor,unclear,text_heuristic,0.4,Component fields inferred from text evidence only.
GRP-XHS-68b063df000000001d01d584-07,68b063df000000001d01d584,unknown,Unclear,False,False,False,False,Unclear,Outdoor,unclear,text_heuristic,0.4,Component fields inferred from text evidence only.
GRP-XHS-68b063df000000001d01d584-08,68b063df000000001d01d584,unknown,Unclear,False,False,False,False,Unclear,Outdoor,unclear,text_heuristic,0.4,Component fields inferred from text evidence only.
GRP-XHS-68b063df000000001d01d584-09,68b063df000000001d01d584,unknown,Unclear,False,False,False,False,Unclear,Outdoor,unclear,text_heuristic,0.4,Component fields inferred from text evidence only.
GRP-XHS-68b063df000000001d01d584-11,68b063df000000001d01d584,unknown,Unclear,False,False,False,False,Unclear,Outdoor,unclear,text_heuristic,0.4,Component fields inferred from text evidence only.
GRP-XHS-68b063df000000001d01d584-14,68b063df000000001d01d584,unknown,Unclear,False,False,False,False,Unclear,Outdoor,unclear,text_heuristic,0.4,Component fields inferred from text evidence only.
GRP-XHS-68b063df000000001d01d584-15,68b063df000000001d01d584,unknown,Unclear,False,False,False,False,Unclear,Outdoor,unclear,text_heuristic,0.4,Component fields inferred from text evidence only.
GRP-XHS-68afb216000000001c013882-01,68afb216000000001c013882,unknown,Unclear,False,False,False,False,Unclear,Unclear,unclear,unknown,0.0,No component evidence available in current data.
GRP-XHS-68afb216000000001c013882-02,68afb216000000001c013882,unknown,Unclear,False,False,False,False,Unclear,Unclear,unclear,unknown,0.0,No component evidence available in current data.
GRP-XHS-68afb216000000001c013882-03,68afb216000000001c013882,unknown,Unclear,False,False,False,False,Unclear,Unclear,unclear,unknown,0.0,No component evidence available in current data.
GRP-XHS-6846cf5a0000000022035d51-01,6846cf5a0000000022035d51,unknown,Unclear,False,False,False,False,Unclear,Unclear,unclear,unknown,0.0,No component evidence available in current data.
GRP-XHS-6846cf5a0000000022035d51-02,6846cf5a0000000022035d51,unknown,Unclear,False,False,False,False,Unclear,Unclear,unclear,unknown,0.0,No component evidence available in current data.
GRP-XHS-69950c88000000001d012fef-01,69950c88000000001d012fef,unknown,Unclear,False,False,False,False,Unclear,Unclear,unclear,unknown,0.0,No component evidence available in current data.
GRP-XHS-69fda804000000001e00d51b-01,69fda804000000001e00d51b,unknown,Unclear,False,False,False,False,Unclear,Unclear,unclear,unknown,0.0,No component evidence available in current data.
GRP-XHS-69fda804000000001e00d51b-02,69fda804000000001e00d51b,unknown,Unclear,False,False,False,False,Unclear,Unclear,unclear,unknown,0.0,No component evidence available in current data.
GRP-XHS-69fda804000000001e00d51b-03,69fda804000000001e00d51b,unknown,Unclear,False,False,False,False,Unclear,Unclear,unclear,unknown,0.0,No component evidence available in current data.
GRP-XHS-69300d92000000001b03083b-01,69300d92000000001b03083b,unknown,Unclear,False,False,False,False,Unclear,Unclear,unclear,unknown,0.0,No component evidence available in current data.
GRP-XHS-69300d92000000001b03083b-02,69300d92000000001b03083b,unknown,Unclear,False,False,False,False,Unclear,Unclear,unclear,unknown,0.0,No component evidence available in current data.
GRP-XHS-69300d92000000001b03083b-03,69300d92000000001b03083b,unknown,Unclear,False,False,False,False,Unclear,Unclear,unclear,unknown,0.0,No component evidence available in current data.
GRP-XHS-69300d92000000001b03083b-04,69300d92000000001b03083b,unknown,Unclear,False,False,False,False,Unclear,Unclear,unclear,unknown,0.0,No component evidence available in current data.
GRP-XHS-69300d92000000001b03083b-05,69300d92000000001b03083b,unknown,Unclear,False,False,False,False,Unclear,Unclear,unclear,unknown,0.0,No component evidence available in current data.
GRP-XHS-69300d92000000001b03083b-06,69300d92000000001b03083b,unknown,Unclear,False,False,False,False,Unclear,Unclear,unclear,unknown,0.0,No component evidence available in current data.
GRP-XHS-69300d92000000001b03083b-07,69300d92000000001b03083b,unknown,Unclear,False,False,False,False,Unclear,Unclear,unclear,unknown,0.0,No component evidence available in current data.
GRP-XHS-69300d92000000001b03083b-08,69300d92000000001b03083b,unknown,Unclear,False,False,False,False,Unclear,Unclear,unclear,unknown,0.0,No component evidence available in current data.
GRP-XHS-69300d92000000001b03083b-09,69300d92000000001b03083b,unknown,Unclear,False,False,False,False,Unclear,Unclear,unclear,unknown,0.0,No component evidence available in current data.
GRP-XHS-69300d92000000001b03083b-10,69300d92000000001b03083b,unknown,Unclear,False,False,False,False,Unclear,Unclear,unclear,unknown,0.0,No component evidence available in current data.
GRP-XHS-68fd74df000000000301809d-01,68fd74df000000000301809d,unknown,Unclear,False,False,False,False,Unclear,Unclear,unclear,unknown,0.0,No component evidence available in current data.
GRP-XHS-68fd74df000000000301809d-02,68fd74df000000000301809d,unknown,Unclear,False,False,False,False,Unclear,Unclear,unclear,unknown,0.0,No component evidence available in current data.
GRP-XHS-68fd74df000000000301809d-03,68fd74df000000000301809d,unknown,Unclear,False,False,False,False,Unclear,Unclear,unclear,unknown,0.0,No component evidence available in current data.
GRP-XHS-68fd74df000000000301809d-04,68fd74df000000000301809d,unknown,Unclear,False,False,False,False,Unclear,Unclear,unclear,unknown,0.0,No component evidence available in current data.
GRP-XHS-68fd74df000000000301809d-05,68fd74df000000000301809d,unknown,Unclear,False,False,False,False,Unclear,Unclear,unclear,unknown,0.0,No component evidence available in current data.
GRP-XHS-699abcd6000000000a02f96f-01,699abcd6000000000a02f96f,unknown,Unclear,False,False,False,False,Unclear,Unclear,unclear,unknown,0.0,No component evidence available in current data.
GRP-XHS-699abcd6000000000a02f96f-02,699abcd6000000000a02f96f,unknown,Unclear,False,False,False,False,Unclear,Unclear,unclear,unknown,0.0,No component evidence available in current data.
GRP-XHS-699abcd6000000000a02f96f-03,699abcd6000000000a02f96f,unknown,Unclear,False,False,False,False,Unclear,Unclear,unclear,unknown,0.0,No component evidence available in current data.
GRP-XHS-699abcd6000000000a02f96f-04,699abcd6000000000a02f96f,unknown,Unclear,False,False,False,False,Unclear,Unclear,unclear,unknown,0.0,No component evidence available in current data.
GRP-XHS-699abcd6000000000a02f96f-05,699abcd6000000000a02f96f,unknown,Unclear,False,False,False,False,Unclear,Unclear,unclear,unknown,0.0,No component evidence available in current data.
GRP-XHS-699abcd6000000000a02f96f-07,699abcd6000000000a02f96f,unknown,Unclear,False,False,False,False,Unclear,Unclear,unclear,unknown,0.0,No component evidence available in current data.
GRP-XHS-697069960000000021033e97-01,697069960000000021033e97,unknown,Unclear,False,False,False,False,Unclear,Unclear,unclear,unknown,0.0,No component evidence available in current data.
GRP-XHS-69f9cb9c000000003501f293-01,69f9cb9c000000003501f293,unknown,Unclear,False,False,False,False,Unclear,Unclear,unclear,unknown,0.0,No component evidence available in current data.
GRP-XHS-69f9cb9c000000003501f293-06,69f9cb9c000000003501f293,unknown,Unclear,False,False,False,False,Unclear,Unclear,unclear,unknown,0.0,No component evidence available in current data.
GRP-XHS-69f9cb9c000000003501f293-07,69f9cb9c000000003501f293,unknown,Unclear,False,False,False,False,Unclear,Unclear,unclear,unknown,0.0,No component evidence available in current data.
GRP-XHS-694fc9a7000000001e002664-01,694fc9a7000000001e002664,unknown,Unclear,False,False,False,False,Unclear,Unclear,unclear,unknown,0.0,No component evidence available in current data.
GRP-XHS-694fc9a7000000001e002664-03,694fc9a7000000001e002664,unknown,Unclear,False,False,False,False,Unclear,Unclear,unclear,unknown,0.0,No component evidence available in current data.
GRP-XHS-694fc9a7000000001e002664-04,694fc9a7000000001e002664,unknown,Unclear,False,False,False,False,Unclear,Unclear,unclear,unknown,0.0,No component evidence available in current data.
GRP-XHS-694fc9a7000000001e002664-06,694fc9a7000000001e002664,unknown,Unclear,False,False,False,False,Unclear,Unclear,unclear,unknown,0.0,No component evidence available in current data.
GRP-XHS-694fc9a7000000001e002664-08,694fc9a7000000001e002664,unknown,Unclear,False,False,False,False,Unclear,Unclear,unclear,unknown,0.0,No component evidence available in current data.
GRP-XHS-694fc9a7000000001e002664-09,694fc9a7000000001e002664,unknown,Unclear,False,False,False,False,Unclear,Unclear,unclear,unknown,0.0,No component evidence available in current data.
GRP-XHS-694fc9a7000000001e002664-10,694fc9a7000000001e002664,unknown,Unclear,False,False,False,False,Unclear,Unclear,unclear,unknown,0.0,No component evidence available in current data.
GRP-XHS-694fc9a7000000001e002664-11,694fc9a7000000001e002664,unknown,Unclear,False,False,False,False,Unclear,Unclear,unclear,unknown,0.0,No component evidence available in current data.
GRP-XHS-694fc9a7000000001e002664-13,694fc9a7000000001e002664,unknown,Unclear,False,False,False,False,Unclear,Unclear,unclear,unknown,0.0,No component evidence available in current data.
GRP-XHS-694fc9a7000000001e002664-14,694fc9a7000000001e002664,unknown,Unclear,False,False,False,False,Unclear,Unclear,unclear,unknown,0.0,No component evidence available in current data.
GRP-XHS-6a0d0a090000000007028349-01,6a0d0a090000000007028349,unknown,Unclear,False,False,False,False,Unclear,Unclear,unclear,unknown,0.0,No component evidence available in current data.
GRP-XHS-6a0d0a090000000007028349-02,6a0d0a090000000007028349,unknown,Unclear,False,False,False,False,Unclear,Unclear,unclear,unknown,0.0,No component evidence available in current data.
GRP-XHS-69899818000000000b012092-01,69899818000000000b012092,unknown,Unclear,False,False,False,False,Unclear,Unclear,unclear,unknown,0.0,No component evidence available in current data.
GRP-XHS-69899818000000000b012092-03,69899818000000000b012092,unknown,Unclear,False,False,False,False,Unclear,Unclear,unclear,unknown,0.0,No component evidence available in current data.
GRP-XHS-69899818000000000b012092-04,69899818000000000b012092,unknown,Unclear,False,False,False,False,Unclear,Unclear,unclear,unknown,0.0,No component evidence available in current data.
GRP-XHS-69899818000000000b012092-05,69899818000000000b012092,unknown,Unclear,False,False,False,False,Unclear,Unclear,unclear,unknown,0.0,No component evidence available in current data.
GRP-XHS-69899818000000000b012092-07,69899818000000000b012092,unknown,Unclear,False,False,False,False,Unclear,Unclear,unclear,unknown,0.0,No component evidence available in current data.
GRP-XHS-6a0d89520000000008000efe-01,6a0d89520000000008000efe,unknown,Unclear,False,False,False,False,Unclear,Unclear,unclear,unknown,0.0,No component evidence available in current data.
GRP-XHS-68b2d492000000001d011b65-01,68b2d492000000001d011b65,unknown,Unclear,False,False,False,False,Unclear,Unclear,unclear,unknown,0.0,No component evidence available in current data.
GRP-XHS-68b2d492000000001d011b65-02,68b2d492000000001d011b65,unknown,Unclear,False,False,False,False,Unclear,Unclear,unclear,unknown,0.0,No component evidence available in current data.
GRP-XHS-68b2d492000000001d011b65-03,68b2d492000000001d011b65,unknown,Unclear,False,False,False,False,Unclear,Unclear,unclear,unknown,0.0,No component evidence available in current data.
GRP-XHS-68b2d492000000001d011b65-05,68b2d492000000001d011b65,unknown,Unclear,False,False,False,False,Unclear,Unclear,unclear,unknown,0.0,No component evidence available in current data.
GRP-XHS-68b2d492000000001d011b65-06,68b2d492000000001d011b65,unknown,Unclear,False,False,False,False,Unclear,Unclear,unclear,unknown,0.0,No component evidence available in current data.
GRP-XHS-6a0350d70000000035022db1-01,6a0350d70000000035022db1,unknown,Unclear,False,False,False,False,Unclear,Unclear,unclear,unknown,0.0,No component evidence available in current data.
GRP-XHS-6a1051f400000000350245b0-01,6a1051f400000000350245b0,unknown,Unclear,False,False,False,False,Unclear,Unclear,unclear,unknown,0.0,No component evidence available in current data.
GRP-XHS-692ea7bd000000001e004b33-01,692ea7bd000000001e004b33,unknown,Unclear,False,False,False,False,Unclear,Unclear,unclear,unknown,0.0,No component evidence available in current data.
GRP-XHS-692ea7bd000000001e004b33-02,692ea7bd000000001e004b33,unknown,Unclear,False,False,False,False,Unclear,Unclear,unclear,unknown,0.0,No component evidence available in current data.
GRP-XHS-692ea7bd000000001e004b33-03,692ea7bd000000001e004b33,unknown,Unclear,False,False,False,False,Unclear,Unclear,unclear,unknown,0.0,No component evidence available in current data.
GRP-XHS-692ea7bd000000001e004b33-04,692ea7bd000000001e004b33,unknown,Unclear,False,False,False,False,Unclear,Unclear,unclear,unknown,0.0,No component evidence available in current data.
GRP-XHS-6a0d697a0000000006021dff-01,6a0d697a0000000006021dff,unknown,Unclear,False,False,False,False,Unclear,Unclear,unclear,unknown,0.0,No component evidence available in current data.
GRP-XHS-6a0d697a0000000006021dff-02,6a0d697a0000000006021dff,unknown,Unclear,False,False,False,False,Unclear,Unclear,unclear,unknown,0.0,No component evidence available in current data.
GRP-XHS-68b3af14000000001d02724a-01,68b3af14000000001d02724a,unknown,Unclear,False,False,False,False,Unclear,Unclear,unclear,unknown,0.0,No component evidence available in current data.
GRP-XHS-68b3af14000000001d02724a-02,68b3af14000000001d02724a,unknown,Unclear,False,False,False,False,Unclear,Unclear,unclear,unknown,0.0,No component evidence available in current data.
GRP-XHS-68b3af14000000001d02724a-03,68b3af14000000001d02724a,unknown,Unclear,False,False,False,False,Unclear,Unclear,unclear,unknown,0.0,No component evidence available in current data.
GRP-XHS-68b3af14000000001d02724a-04,68b3af14000000001d02724a,unknown,Unclear,False,False,False,False,Unclear,Unclear,unclear,unknown,0.0,No component evidence available in current data.
GRP-XHS-68b3af14000000001d02724a-05,68b3af14000000001d02724a,unknown,Unclear,False,False,False,False,Unclear,Unclear,unclear,unknown,0.0,No component evidence available in current data.
GRP-XHS-68b3af14000000001d02724a-06,68b3af14000000001d02724a,unknown,Unclear,False,False,False,False,Unclear,Unclear,unclear,unknown,0.0,No component evidence available in current data.
GRP-XHS-68d00161000000001300b472-01,68d00161000000001300b472,unknown,Unclear,False,False,False,False,Unclear,Unclear,unclear,unknown,0.0,No component evidence available in current data.
GRP-XHS-68d00161000000001300b472-02,68d00161000000001300b472,unknown,Unclear,False,False,False,False,Unclear,Unclear,unclear,unknown,0.0,No component evidence available in current data.
GRP-XHS-68d00161000000001300b472-03,68d00161000000001300b472,unknown,Unclear,False,False,False,False,Unclear,Unclear,unclear,unknown,0.0,No component evidence available in current data.
GRP-XHS-68d00161000000001300b472-04,68d00161000000001300b472,unknown,Unclear,False,False,False,False,Unclear,Unclear,unclear,unknown,0.0,No component evidence available in current data.
GRP-XHS-68d00161000000001300b472-05,68d00161000000001300b472,unknown,Unclear,False,False,False,False,Unclear,Unclear,unclear,unknown,0.0,No component evidence available in current data.
GRP-XHS-68d00161000000001300b472-06,68d00161000000001300b472,unknown,Unclear,False,False,False,False,Unclear,Unclear,unclear,unknown,0.0,No component evidence available in current data.
GRP-XHS-68d00161000000001300b472-07,68d00161000000001300b472,unknown,Unclear,False,False,False,False,Unclear,Unclear,unclear,unknown,0.0,No component evidence available in current data.
GRP-XHS-6a043518000000000702172d-01,6a043518000000000702172d,unknown,Unclear,False,False,False,False,Unclear,Unclear,unclear,unknown,0.0,No component evidence available in current data.
GRP-XHS-6a0fc668000000003501e727-01,6a0fc668000000003501e727,unknown,Unclear,False,False,False,False,Unclear,Unclear,unclear,unknown,0.0,No component evidence available in current data.
GRP-XHS-6a0fc668000000003501e727-02,6a0fc668000000003501e727,unknown,Unclear,False,False,False,False,Unclear,Unclear,unclear,unknown,0.0,No component evidence available in current data.
GRP-XHS-6a0fc668000000003501e727-03,6a0fc668000000003501e727,unknown,Unclear,False,False,False,False,Unclear,Unclear,unclear,unknown,0.0,No component evidence available in current data.
GRP-XHS-6a0fc668000000003501e727-04,6a0fc668000000003501e727,unknown,Unclear,False,False,False,False,Unclear,Unclear,unclear,unknown,0.0,No component evidence available in current data.
GRP-XHS-6a0fc668000000003501e727-05,6a0fc668000000003501e727,unknown,Unclear,False,False,False,False,Unclear,Unclear,unclear,unknown,0.0,No component evidence available in current data.
GRP-XHS-6a0fc668000000003501e727-06,6a0fc668000000003501e727,unknown,Unclear,False,False,False,False,Unclear,Unclear,unclear,unknown,0.0,No component evidence available in current data.
GRP-XHS-69de0324000000001d01e1d2-01,69de0324000000001d01e1d2,unknown,Unclear,False,False,False,False,Unclear,Unclear,unclear,unknown,0.0,No component evidence available in current data.
GRP-XHS-69de0324000000001d01e1d2-02,69de0324000000001d01e1d2,unknown,Unclear,False,False,False,False,Unclear,Unclear,unclear,unknown,0.0,No component evidence available in current data.
GRP-XHS-69de0324000000001d01e1d2-03,69de0324000000001d01e1d2,unknown,Unclear,False,False,False,False,Unclear,Unclear,unclear,unknown,0.0,No component evidence available in current data.
GRP-XHS-6a0ecefd000000000803f6ee-01,6a0ecefd000000000803f6ee,unknown,Unclear,False,False,False,False,Unclear,Unclear,unclear,unknown,0.0,No component evidence available in current data.
GRP-XHS-6a0ecefd000000000803f6ee-02,6a0ecefd000000000803f6ee,unknown,Unclear,False,False,False,False,Unclear,Unclear,unclear,unknown,0.0,No component evidence available in current data.
GRP-XHS-6a0ecefd000000000803f6ee-03,6a0ecefd000000000803f6ee,unknown,Unclear,False,False,False,False,Unclear,Unclear,unclear,unknown,0.0,No component evidence available in current data.
GRP-XHS-6a1039c0000000003502da2e-01,6a1039c0000000003502da2e,unknown,Unclear,False,False,False,False,Unclear,Unclear,unclear,unknown,0.0,No component evidence available in current data.
GRP-XHS-6a1039c0000000003502da2e-02,6a1039c0000000003502da2e,unknown,Unclear,False,False,False,False,Unclear,Unclear,unclear,unknown,0.0,No component evidence available in current data.
GRP-XHS-6a1039c0000000003502da2e-03,6a1039c0000000003502da2e,unknown,Unclear,False,False,False,False,Unclear,Unclear,unclear,unknown,0.0,No component evidence available in current data.
GRP-XHS-6a1039c0000000003502da2e-05,6a1039c0000000003502da2e,unknown,Unclear,False,False,False,False,Unclear,Unclear,unclear,unknown,0.0,No component evidence available in current data.
GRP-XHS-6a0faa9b0000000006034d9d-01,6a0faa9b0000000006034d9d,unknown,Unclear,False,False,False,False,Unclear,Outdoor,unclear,text_heuristic,0.4,Component fields inferred from text evidence only.
GRP-XHS-699711bb000000000a03109c-01,699711bb000000000a03109c,unknown,Unclear,False,False,False,False,Unclear,Unclear,unclear,unknown,0.0,No component evidence available in current data.
GRP-XHS-699711bb000000000a03109c-02,699711bb000000000a03109c,unknown,Unclear,False,False,False,False,Unclear,Unclear,unclear,unknown,0.0,No component evidence available in current data.
GRP-XHS-699711bb000000000a03109c-03,699711bb000000000a03109c,unknown,Unclear,False,False,False,False,Unclear,Unclear,unclear,unknown,0.0,No component evidence available in current data.
GRP-XHS-699711bb000000000a03109c-04,699711bb000000000a03109c,unknown,Unclear,False,False,False,False,Unclear,Unclear,unclear,unknown,0.0,No component evidence available in current data.
GRP-XHS-699711bb000000000a03109c-05,699711bb000000000a03109c,unknown,Unclear,False,False,False,False,Unclear,Unclear,unclear,unknown,0.0,No component evidence available in current data.
GRP-XHS-699711bb000000000a03109c-06,699711bb000000000a03109c,unknown,Unclear,False,False,False,False,Unclear,Unclear,unclear,unknown,0.0,No component evidence available in current data.
GRP-XHS-699711bb000000000a03109c-07,699711bb000000000a03109c,unknown,Unclear,False,False,False,False,Unclear,Unclear,unclear,unknown,0.0,No component evidence available in current data.
GRP-XHS-699711bb000000000a03109c-08,699711bb000000000a03109c,unknown,Unclear,False,False,False,False,Unclear,Unclear,unclear,unknown,0.0,No component evidence available in current data.
GRP-XHS-699711bb000000000a03109c-09,699711bb000000000a03109c,unknown,Unclear,False,False,False,False,Unclear,Unclear,unclear,unknown,0.0,No component evidence available in current data.
GRP-XHS-699711bb000000000a03109c-10,699711bb000000000a03109c,unknown,Unclear,False,False,False,False,Unclear,Unclear,unclear,unknown,0.0,No component evidence available in current data.
GRP-XHS-699711bb000000000a03109c-11,699711bb000000000a03109c,unknown,Unclear,False,False,False,False,Unclear,Unclear,unclear,unknown,0.0,No component evidence available in current data.
GRP-XHS-699711bb000000000a03109c-12,699711bb000000000a03109c,unknown,Unclear,False,False,False,False,Unclear,Unclear,unclear,unknown,0.0,No component evidence available in current data.
GRP-XHS-699711bb000000000a03109c-13,699711bb000000000a03109c,unknown,Unclear,False,False,False,False,Unclear,Unclear,unclear,unknown,0.0,No component evidence available in current data.
GRP-XHS-699711bb000000000a03109c-14,699711bb000000000a03109c,unknown,Unclear,False,False,False,False,Unclear,Unclear,unclear,unknown,0.0,No component evidence available in current data.
GRP-XHS-699711bb000000000a03109c-15,699711bb000000000a03109c,unknown,Unclear,False,False,False,False,Unclear,Unclear,unclear,unknown,0.0,No component evidence available in current data.
GRP-XHS-699711bb000000000a03109c-16,699711bb000000000a03109c,unknown,Unclear,False,False,False,False,Unclear,Unclear,unclear,unknown,0.0,No component evidence available in current data.
GRP-XHS-699711bb000000000a03109c-17,699711bb000000000a03109c,unknown,Unclear,False,False,False,False,Unclear,Unclear,unclear,unknown,0.0,No component evidence available in current data.
GRP-XHS-699711bb000000000a03109c-18,699711bb000000000a03109c,unknown,Unclear,False,False,False,False,Unclear,Unclear,unclear,unknown,0.0,No component evidence available in current data.
GRP-XHS-6a0a78f80000000008000cde-01,6a0a78f80000000008000cde,unknown,Unclear,False,False,False,False,Unclear,Unclear,unclear,unknown,0.0,No component evidence available in current data.
GRP-XHS-6a0a78f80000000008000cde-02,6a0a78f80000000008000cde,unknown,Unclear,False,False,False,False,Unclear,Unclear,unclear,unknown,0.0,No component evidence available in current data.
GRP-XHS-6a0a78f80000000008000cde-03,6a0a78f80000000008000cde,unknown,Unclear,False,False,False,False,Unclear,Unclear,unclear,unknown,0.0,No component evidence available in current data.
GRP-XHS-6a0a78f80000000008000cde-04,6a0a78f80000000008000cde,unknown,Unclear,False,False,False,False,Unclear,Unclear,unclear,unknown,0.0,No component evidence available in current data.
GRP-XHS-6a0a78f80000000008000cde-05,6a0a78f80000000008000cde,unknown,Unclear,False,False,False,False,Unclear,Unclear,unclear,unknown,0.0,No component evidence available in current data.
GRP-XHS-6a0a78f80000000008000cde-06,6a0a78f80000000008000cde,unknown,Unclear,False,False,False,False,Unclear,Unclear,unclear,unknown,0.0,No component evidence available in current data.
GRP-XHS-68ce62540000000013017c79-01,68ce62540000000013017c79,unknown,Unclear,False,False,False,False,Unclear,Unclear,unclear,unknown,0.0,No component evidence available in current data.
GRP-XHS-68ce62540000000013017c79-02,68ce62540000000013017c79,unknown,Unclear,False,False,False,False,Unclear,Unclear,unclear,unknown,0.0,No component evidence available in current data.
GRP-XHS-69e21bb1000000001d01bf5d-01,69e21bb1000000001d01bf5d,unknown,Unclear,False,False,False,False,Unclear,Unclear,unclear,unknown,0.0,No component evidence available in current data.
GRP-XHS-69e21bb1000000001d01bf5d-02,69e21bb1000000001d01bf5d,unknown,Unclear,False,False,False,False,Unclear,Unclear,unclear,unknown,0.0,No component evidence available in current data.
GRP-XHS-69e21bb1000000001d01bf5d-03,69e21bb1000000001d01bf5d,unknown,Unclear,False,False,False,False,Unclear,Unclear,unclear,unknown,0.0,No component evidence available in current data.
GRP-XHS-69e21bb1000000001d01bf5d-04,69e21bb1000000001d01bf5d,unknown,Unclear,False,False,False,False,Unclear,Unclear,unclear,unknown,0.0,No component evidence available in current data.
GRP-XHS-69e21bb1000000001d01bf5d-05,69e21bb1000000001d01bf5d,unknown,Unclear,False,False,False,False,Unclear,Unclear,unclear,unknown,0.0,No component evidence available in current data.
GRP-XHS-69e21bb1000000001d01bf5d-06,69e21bb1000000001d01bf5d,unknown,Unclear,False,False,False,False,Unclear,Unclear,unclear,unknown,0.0,No component evidence available in current data.
GRP-XHS-69e21bb1000000001d01bf5d-07,69e21bb1000000001d01bf5d,unknown,Unclear,False,False,False,False,Unclear,Unclear,unclear,unknown,0.0,No component evidence available in current data.
GRP-XHS-69e21bb1000000001d01bf5d-08,69e21bb1000000001d01bf5d,unknown,Unclear,False,False,False,False,Unclear,Unclear,unclear,unknown,0.0,No component evidence available in current data.
GRP-XHS-69e21bb1000000001d01bf5d-09,69e21bb1000000001d01bf5d,unknown,Unclear,False,False,False,False,Unclear,Unclear,unclear,unknown,0.0,No component evidence available in current data.
GRP-XHS-69907159000000001a025379-01,69907159000000001a025379,unknown,Unclear,False,False,False,False,Unclear,Unclear,unclear,unknown,0.0,No component evidence available in current data.
GRP-XHS-69907159000000001a025379-02,69907159000000001a025379,unknown,Unclear,False,False,False,False,Unclear,Unclear,unclear,unknown,0.0,No component evidence available in current data.
GRP-XHS-69907159000000001a025379-03,69907159000000001a025379,unknown,Unclear,False,False,False,False,Unclear,Unclear,unclear,unknown,0.0,No component evidence available in current data.
GRP-XHS-69907159000000001a025379-04,69907159000000001a025379,unknown,Unclear,False,False,False,False,Unclear,Unclear,unclear,unknown,0.0,No component evidence available in current data.
GRP-XHS-69907159000000001a025379-05,69907159000000001a025379,unknown,Unclear,False,False,False,False,Unclear,Unclear,unclear,unknown,0.0,No component evidence available in current data.
GRP-XHS-68932e52000000002302cc89-01,68932e52000000002302cc89,unknown,Unclear,False,False,False,False,Unclear,Unclear,unclear,unknown,0.0,No component evidence available in current data.
GRP-XHS-68932e52000000002302cc89-02,68932e52000000002302cc89,unknown,Unclear,False,False,False,False,Unclear,Unclear,unclear,unknown,0.0,No component evidence available in current data.
GRP-XHS-68932e52000000002302cc89-03,68932e52000000002302cc89,unknown,Unclear,False,False,False,False,Unclear,Unclear,unclear,unknown,0.0,No component evidence available in current data.
GRP-XHS-68932e52000000002302cc89-04,68932e52000000002302cc89,unknown,Unclear,False,False,False,False,Unclear,Unclear,unclear,unknown,0.0,No component evidence available in current data.
GRP-XHS-68932e52000000002302cc89-05,68932e52000000002302cc89,unknown,Unclear,False,False,False,False,Unclear,Unclear,unclear,unknown,0.0,No component evidence available in current data.
GRP-XHS-68932e52000000002302cc89-06,68932e52000000002302cc89,unknown,Unclear,False,False,False,False,Unclear,Unclear,unclear,unknown,0.0,No component evidence available in current data.
GRP-XHS-69db25c6000000001b002fe2-01,69db25c6000000001b002fe2,unknown,Unclear,False,False,False,False,Unclear,Unclear,unclear,unknown,0.0,No component evidence available in current data.
GRP-XHS-69db25c6000000001b002fe2-01,69db25c6000000001b002fe2,unknown,Unclear,False,False,False,False,Unclear,Unclear,unclear,unknown,0.0,No component evidence available in current data.
GRP-XHS-69db25c6000000001b002fe2-02,69db25c6000000001b002fe2,unknown,Unclear,False,False,False,False,Unclear,Unclear,unclear,unknown,0.0,No component evidence available in current data.
GRP-XHS-69db25c6000000001b002fe2-02,69db25c6000000001b002fe2,unknown,Unclear,False,False,False,False,Unclear,Unclear,unclear,unknown,0.0,No component evidence available in current data.
GRP-XHS-69db25c6000000001b002fe2-03,69db25c6000000001b002fe2,unknown,Unclear,False,False,False,False,Unclear,Unclear,unclear,unknown,0.0,No component evidence available in current data.
GRP-XHS-69db25c6000000001b002fe2-03,69db25c6000000001b002fe2,unknown,Unclear,False,False,False,False,Unclear,Unclear,unclear,unknown,0.0,No component evidence available in current data.
GRP-XHS-69db25c6000000001b002fe2-04,69db25c6000000001b002fe2,unknown,Unclear,False,False,False,False,Unclear,Unclear,unclear,unknown,0.0,No component evidence available in current data.
GRP-XHS-69db25c6000000001b002fe2-04,69db25c6000000001b002fe2,unknown,Unclear,False,False,False,False,Unclear,Unclear,unclear,unknown,0.0,No component evidence available in current data.
GRP-XHS-69db25c6000000001b002fe2-05,69db25c6000000001b002fe2,unknown,Unclear,False,False,False,False,Unclear,Unclear,unclear,unknown,0.0,No component evidence available in current data.
GRP-XHS-69db25c6000000001b002fe2-05,69db25c6000000001b002fe2,unknown,Unclear,False,False,False,False,Unclear,Unclear,unclear,unknown,0.0,No component evidence available in current data.
GRP-XHS-69db25c6000000001b002fe2-06,69db25c6000000001b002fe2,unknown,Unclear,False,False,False,False,Unclear,Unclear,unclear,unknown,0.0,No component evidence available in current data.
GRP-XHS-69db25c6000000001b002fe2-06,69db25c6000000001b002fe2,unknown,Unclear,False,False,False,False,Unclear,Unclear,unclear,unknown,0.0,No component evidence available in current data.
GRP-XHS-69db25c6000000001b002fe2-07,69db25c6000000001b002fe2,unknown,Unclear,False,False,False,False,Unclear,Unclear,unclear,unknown,0.0,No component evidence available in current data.
GRP-XHS-69db25c6000000001b002fe2-07,69db25c6000000001b002fe2,unknown,Unclear,False,False,False,False,Unclear,Unclear,unclear,unknown,0.0,No component evidence available in current data.
GRP-XHS-69db25c6000000001b002fe2-08,69db25c6000000001b002fe2,unknown,Unclear,False,False,False,False,Unclear,Unclear,unclear,unknown,0.0,No component evidence available in current data.
GRP-XHS-69db25c6000000001b002fe2-08,69db25c6000000001b002fe2,unknown,Unclear,False,False,False,False,Unclear,Unclear,unclear,unknown,0.0,No component evidence available in current data.
GRP-XHS-6846aa67000000002102c7cc-01,6846aa67000000002102c7cc,unknown,Unclear,False,False,False,False,Unclear,Unclear,unclear,unknown,0.0,No component evidence available in current data.
GRP-XHS-6846aa67000000002102c7cc-02,6846aa67000000002102c7cc,unknown,Unclear,False,False,False,False,Unclear,Unclear,unclear,unknown,0.0,No component evidence available in current data.
GRP-XHS-6846aa67000000002102c7cc-03,6846aa67000000002102c7cc,unknown,Unclear,False,False,False,False,Unclear,Unclear,unclear,unknown,0.0,No component evidence available in current data.
GRP-XHS-6846aa67000000002102c7cc-05,6846aa67000000002102c7cc,unknown,Unclear,False,False,False,False,Unclear,Unclear,unclear,unknown,0.0,No component evidence available in current data.
GRP-XHS-6846aa67000000002102c7cc-06,6846aa67000000002102c7cc,unknown,Unclear,False,False,False,False,Unclear,Unclear,unclear,unknown,0.0,No component evidence available in current data.
GRP-XHS-6846aa67000000002102c7cc-08,6846aa67000000002102c7cc,unknown,Unclear,False,False,False,False,Unclear,Unclear,unclear,unknown,0.0,No component evidence available in current data.
GRP-XHS-6846aa67000000002102c7cc-09,6846aa67000000002102c7cc,unknown,Unclear,False,False,False,False,Unclear,Unclear,unclear,unknown,0.0,No component evidence available in current data.
GRP-XHS-6846aa67000000002102c7cc-10,6846aa67000000002102c7cc,unknown,Unclear,False,False,False,False,Unclear,Unclear,unclear,unknown,0.0,No component evidence available in current data.
GRP-XHS-68fcef62000000000702059a-01,68fcef62000000000702059a,unknown,Unclear,False,False,False,False,Unclear,Unclear,unclear,unknown,0.0,No component evidence available in current data.
GRP-XHS-68fcef62000000000702059a-02,68fcef62000000000702059a,unknown,Unclear,False,False,False,False,Unclear,Unclear,unclear,unknown,0.0,No component evidence available in current data.
GRP-XHS-68fcef62000000000702059a-03,68fcef62000000000702059a,unknown,Unclear,False,False,False,False,Unclear,Unclear,unclear,unknown,0.0,No component evidence available in current data.
GRP-XHS-68fcef62000000000702059a-04,68fcef62000000000702059a,unknown,Unclear,False,False,False,False,Unclear,Unclear,unclear,unknown,0.0,No component evidence available in current data.
GRP-XHS-69a673680000000028008467-01,69a673680000000028008467,unknown,Unclear,False,False,False,False,Unclear,Unclear,unclear,unknown,0.0,No component evidence available in current data.
GRP-XHS-69a673680000000028008467-02,69a673680000000028008467,unknown,Unclear,False,False,False,False,Unclear,Unclear,unclear,unknown,0.0,No component evidence available in current data.
GRP-XHS-69a673680000000028008467-03,69a673680000000028008467,unknown,Unclear,False,False,False,False,Unclear,Unclear,unclear,unknown,0.0,No component evidence available in current data.
GRP-XHS-69a673680000000028008467-04,69a673680000000028008467,unknown,Unclear,False,False,False,False,Unclear,Unclear,unclear,unknown,0.0,No component evidence available in current data.
GRP-XHS-69a673680000000028008467-05,69a673680000000028008467,unknown,Unclear,False,False,False,False,Unclear,Unclear,unclear,unknown,0.0,No component evidence available in current data.
GRP-XHS-68c50c83000000001c035c93-01,68c50c83000000001c035c93,unknown,Unclear,False,False,False,False,Unclear,Unclear,unclear,unknown,0.0,No component evidence available in current data.
GRP-XHS-68c50c83000000001c035c93-02,68c50c83000000001c035c93,unknown,Unclear,False,False,False,False,Unclear,Unclear,unclear,unknown,0.0,No component evidence available in current data.
GRP-XHS-68c50c83000000001c035c93-03,68c50c83000000001c035c93,unknown,Unclear,False,False,False,False,Unclear,Unclear,unclear,unknown,0.0,No component evidence available in current data.
GRP-XHS-68c50c83000000001c035c93-04,68c50c83000000001c035c93,unknown,Unclear,False,False,False,False,Unclear,Unclear,unclear,unknown,0.0,No component evidence available in current data.
GRP-XHS-68c50c83000000001c035c93-05,68c50c83000000001c035c93,unknown,Unclear,False,False,False,False,Unclear,Unclear,unclear,unknown,0.0,No component evidence available in current data.
GRP-XHS-68c50c83000000001c035c93-06,68c50c83000000001c035c93,unknown,Unclear,False,False,False,False,Unclear,Unclear,unclear,unknown,0.0,No component evidence available in current data.
GRP-XHS-68c50c83000000001c035c93-07,68c50c83000000001c035c93,unknown,Unclear,False,False,False,False,Unclear,Unclear,unclear,unknown,0.0,No component evidence available in current data.
GRP-XHS-68ca785500000000130135ad-01,68ca785500000000130135ad,unknown,Unclear,False,False,False,False,Unclear,Unclear,unclear,unknown,0.0,No component evidence available in current data.
GRP-XHS-68ca785500000000130135ad-02,68ca785500000000130135ad,unknown,Unclear,False,False,False,False,Unclear,Unclear,unclear,unknown,0.0,No component evidence available in current data.
GRP-XHS-68ca785500000000130135ad-03,68ca785500000000130135ad,unknown,Unclear,False,False,False,False,Unclear,Unclear,unclear,unknown,0.0,No component evidence available in current data.
GRP-XHS-68ca785500000000130135ad-04,68ca785500000000130135ad,unknown,Unclear,False,False,False,False,Unclear,Unclear,unclear,unknown,0.0,No component evidence available in current data.
GRP-XHS-68ca785500000000130135ad-05,68ca785500000000130135ad,unknown,Unclear,False,False,False,False,Unclear,Unclear,unclear,unknown,0.0,No component evidence available in current data.
GRP-XHS-68ca785500000000130135ad-06,68ca785500000000130135ad,unknown,Unclear,False,False,False,False,Unclear,Unclear,unclear,unknown,0.0,No component evidence available in current data.
GRP-XHS-69722a62000000000903bfc5-01,69722a62000000000903bfc5,unknown,Unclear,False,False,False,False,Unclear,Unclear,unclear,unknown,0.0,No component evidence available in current data.
GRP-XHS-69722a62000000000903bfc5-02,69722a62000000000903bfc5,unknown,Unclear,False,False,False,False,Unclear,Unclear,unclear,unknown,0.0,No component evidence available in current data.
GRP-XHS-69722a62000000000903bfc5-03,69722a62000000000903bfc5,unknown,Unclear,False,False,False,False,Unclear,Unclear,unclear,unknown,0.0,No component evidence available in current data.
GRP-XHS-69722a62000000000903bfc5-04,69722a62000000000903bfc5,unknown,Unclear,False,False,False,False,Unclear,Unclear,unclear,unknown,0.0,No component evidence available in current data.
GRP-XHS-69722a62000000000903bfc5-05,69722a62000000000903bfc5,unknown,Unclear,False,False,False,False,Unclear,Unclear,unclear,unknown,0.0,No component evidence available in current data.
GRP-XHS-69722a62000000000903bfc5-06,69722a62000000000903bfc5,unknown,Unclear,False,False,False,False,Unclear,Unclear,unclear,unknown,0.0,No component evidence available in current data.
GRP-XHS-69722a62000000000903bfc5-07,69722a62000000000903bfc5,unknown,Unclear,False,False,False,False,Unclear,Unclear,unclear,unknown,0.0,No component evidence available in current data.
GRP-XHS-69722a62000000000903bfc5-08,69722a62000000000903bfc5,unknown,Unclear,False,False,False,False,Unclear,Unclear,unclear,unknown,0.0,No component evidence available in current data.
GRP-XHS-69722a62000000000903bfc5-09,69722a62000000000903bfc5,unknown,Unclear,False,False,False,False,Unclear,Unclear,unclear,unknown,0.0,No component evidence available in current data.
GRP-XHS-685d1a72000000001201745d-01,685d1a72000000001201745d,unknown,Unclear,False,False,False,False,Unclear,Unclear,unclear,unknown,0.0,No component evidence available in current data.
GRP-XHS-68a59f74000000001c035930-01,68a59f74000000001c035930,unknown,Unclear,False,False,False,False,Unclear,Unclear,unclear,unknown,0.0,No component evidence available in current data.
GRP-XHS-68a59f74000000001c035930-02,68a59f74000000001c035930,unknown,Unclear,False,False,False,False,Unclear,Unclear,unclear,unknown,0.0,No component evidence available in current data.
GRP-XHS-68a59f74000000001c035930-03,68a59f74000000001c035930,unknown,Unclear,False,False,False,False,Unclear,Unclear,unclear,unknown,0.0,No component evidence available in current data.
GRP-XHS-68a59f74000000001c035930-04,68a59f74000000001c035930,unknown,Unclear,False,False,False,False,Unclear,Unclear,unclear,unknown,0.0,No component evidence available in current data.
GRP-XHS-68a59f74000000001c035930-05,68a59f74000000001c035930,unknown,Unclear,False,False,False,False,Unclear,Unclear,unclear,unknown,0.0,No component evidence available in current data.
GRP-XHS-68a59f74000000001c035930-06,68a59f74000000001c035930,unknown,Unclear,False,False,False,False,Unclear,Unclear,unclear,unknown,0.0,No component evidence available in current data.
GRP-XHS-68a59f74000000001c035930-07,68a59f74000000001c035930,unknown,Unclear,False,False,False,False,Unclear,Unclear,unclear,unknown,0.0,No component evidence available in current data.
GRP-XHS-68a59f74000000001c035930-08,68a59f74000000001c035930,unknown,Unclear,False,False,False,False,Unclear,Unclear,unclear,unknown,0.0,No component evidence available in current data.
GRP-XHS-69f20d80000000002003bb47-01,69f20d80000000002003bb47,unknown,Unclear,False,False,False,False,Unclear,Outdoor,unclear,text_heuristic,0.4,Component fields inferred from text evidence only.
GRP-XHS-69eec6370000000035020ff4-01,69eec6370000000035020ff4,unknown,Unclear,False,False,False,False,Unclear,Outdoor,unclear,text_heuristic,0.4,Component fields inferred from text evidence only.
GRP-XHS-69eec6370000000035020ff4-02,69eec6370000000035020ff4,unknown,Unclear,False,False,False,False,Unclear,Outdoor,unclear,text_heuristic,0.4,Component fields inferred from text evidence only.
GRP-XHS-69eec6370000000035020ff4-03,69eec6370000000035020ff4,unknown,Unclear,False,False,False,False,Unclear,Outdoor,unclear,text_heuristic,0.4,Component fields inferred from text evidence only.
GRP-XHS-69eec6370000000035020ff4-04,69eec6370000000035020ff4,unknown,Unclear,False,False,False,False,Unclear,Outdoor,unclear,text_heuristic,0.4,Component fields inferred from text evidence only.
GRP-XHS-69eec6370000000035020ff4-05,69eec6370000000035020ff4,unknown,Unclear,False,False,False,False,Unclear,Outdoor,unclear,text_heuristic,0.4,Component fields inferred from text evidence only.
GRP-XHS-69eec6370000000035020ff4-06,69eec6370000000035020ff4,unknown,Unclear,False,False,False,False,Unclear,Outdoor,unclear,text_heuristic,0.4,Component fields inferred from text evidence only.
GRP-XHS-69eec6370000000035020ff4-07,69eec6370000000035020ff4,unknown,Unclear,False,False,False,False,Unclear,Outdoor,unclear,text_heuristic,0.4,Component fields inferred from text evidence only.
GRP-XHS-69e73d67000000001b002dbd-01,69e73d67000000001b002dbd,unknown,Unclear,False,False,False,False,Unclear,Unclear,unclear,unknown,0.0,No component evidence available in current data.
GRP-XHS-683052b7000000001200122c-01,683052b7000000001200122c,unknown,Unclear,False,False,False,False,Unclear,Unclear,unclear,unknown,0.0,No component evidence available in current data.
GRP-XHS-683052b7000000001200122c-02,683052b7000000001200122c,unknown,Unclear,False,False,False,False,Unclear,Unclear,unclear,unknown,0.0,No component evidence available in current data.
GRP-XHS-683052b7000000001200122c-03,683052b7000000001200122c,unknown,Unclear,False,False,False,False,Unclear,Unclear,unclear,unknown,0.0,No component evidence available in current data.
GRP-XHS-683052b7000000001200122c-04,683052b7000000001200122c,unknown,Unclear,False,False,False,False,Unclear,Unclear,unclear,unknown,0.0,No component evidence available in current data.
GRP-XHS-683052b7000000001200122c-05,683052b7000000001200122c,unknown,Unclear,False,False,False,False,Unclear,Unclear,unclear,unknown,0.0,No component evidence available in current data.
GRP-XHS-683052b7000000001200122c-06,683052b7000000001200122c,unknown,Unclear,False,False,False,False,Unclear,Unclear,unclear,unknown,0.0,No component evidence available in current data.
GRP-XHS-69e7632e000000001a02ef9c-01,69e7632e000000001a02ef9c,unknown,Unclear,False,False,False,False,Unclear,Unclear,unclear,unknown,0.0,No component evidence available in current data.
GRP-XHS-686cb8f6000000002400fef5-01,686cb8f6000000002400fef5,unknown,Unclear,False,False,False,False,Unclear,Outdoor,unclear,text_heuristic,0.4,Component fields inferred from text evidence only.
GRP-XHS-69f1dea30000000022025413-01,69f1dea30000000022025413,unknown,Unclear,False,False,False,False,Unclear,Unclear,unclear,unknown,0.0,No component evidence available in current data.
GRP-XHS-69f1dea30000000022025413-02,69f1dea30000000022025413,unknown,Unclear,False,False,False,False,Unclear,Unclear,unclear,unknown,0.0,No component evidence available in current data.
GRP-XHS-69f1dea30000000022025413-03,69f1dea30000000022025413,unknown,Unclear,False,False,False,False,Unclear,Unclear,unclear,unknown,0.0,No component evidence available in current data.
GRP-XHS-69f1dea30000000022025413-04,69f1dea30000000022025413,unknown,Unclear,False,False,False,False,Unclear,Unclear,unclear,unknown,0.0,No component evidence available in current data.
GRP-XHS-69f1dea30000000022025413-05,69f1dea30000000022025413,unknown,Unclear,False,False,False,False,Unclear,Unclear,unclear,unknown,0.0,No component evidence available in current data.
GRP-XHS-69f1dea30000000022025413-06,69f1dea30000000022025413,unknown,Unclear,False,False,False,False,Unclear,Unclear,unclear,unknown,0.0,No component evidence available in current data.
GRP-XHS-69f1dea30000000022025413-07,69f1dea30000000022025413,unknown,Unclear,False,False,False,False,Unclear,Unclear,unclear,unknown,0.0,No component evidence available in current data.
GRP-XHS-69f1dea30000000022025413-08,69f1dea30000000022025413,unknown,Unclear,False,False,False,False,Unclear,Unclear,unclear,unknown,0.0,No component evidence available in current data.
GRP-XHS-69f1dea30000000022025413-09,69f1dea30000000022025413,unknown,Unclear,False,False,False,False,Unclear,Unclear,unclear,unknown,0.0,No component evidence available in current data.
GRP-XHS-69f1dea30000000022025413-10,69f1dea30000000022025413,unknown,Unclear,False,False,False,False,Unclear,Unclear,unclear,unknown,0.0,No component evidence available in current data.
GRP-XHS-69f1dea30000000022025413-11,69f1dea30000000022025413,unknown,Unclear,False,False,False,False,Unclear,Unclear,unclear,unknown,0.0,No component evidence available in current data.
GRP-XHS-69f1dea30000000022025413-12,69f1dea30000000022025413,unknown,Unclear,False,False,False,False,Unclear,Unclear,unclear,unknown,0.0,No component evidence available in current data.
GRP-XHS-688755ec000000002001bfe0-01,688755ec000000002001bfe0,unknown,Unclear,False,False,False,False,Unclear,Unclear,unclear,unknown,0.0,No component evidence available in current data.
GRP-XHS-688755ec000000002001bfe0-02,688755ec000000002001bfe0,unknown,Unclear,False,False,False,False,Unclear,Unclear,unclear,unknown,0.0,No component evidence available in current data.
GRP-XHS-6a03008c0000000006021e75-01,6a03008c0000000006021e75,unknown,Unclear,False,False,False,False,Unclear,Urban_Commute,unclear,text_heuristic,0.4,Component fields inferred from text evidence only.
GRP-XHS-6a03008c0000000006021e75-02,6a03008c0000000006021e75,unknown,Unclear,False,False,False,False,Unclear,Urban_Commute,unclear,text_heuristic,0.4,Component fields inferred from text evidence only.
GRP-XHS-6a03008c0000000006021e75-03,6a03008c0000000006021e75,unknown,Unclear,False,False,False,False,Unclear,Urban_Commute,unclear,text_heuristic,0.4,Component fields inferred from text evidence only.
GRP-XHS-6a03008c0000000006021e75-04,6a03008c0000000006021e75,unknown,Unclear,False,False,False,False,Unclear,Urban_Commute,unclear,text_heuristic,0.4,Component fields inferred from text evidence only.
GRP-XHS-6a03008c0000000006021e75-05,6a03008c0000000006021e75,unknown,Unclear,False,False,False,False,Unclear,Urban_Commute,unclear,text_heuristic,0.4,Component fields inferred from text evidence only.
GRP-XHS-6a03008c0000000006021e75-06,6a03008c0000000006021e75,unknown,Unclear,False,False,False,False,Unclear,Urban_Commute,unclear,text_heuristic,0.4,Component fields inferred from text evidence only.
GRP-XHS-6a03008c0000000006021e75-07,6a03008c0000000006021e75,unknown,Unclear,False,False,False,False,Unclear,Urban_Commute,unclear,text_heuristic,0.4,Component fields inferred from text evidence only.
GRP-XHS-6a03008c0000000006021e75-08,6a03008c0000000006021e75,unknown,Unclear,False,False,False,False,Unclear,Urban_Commute,unclear,text_heuristic,0.4,Component fields inferred from text evidence only.
GRP-XHS-6a03008c0000000006021e75-09,6a03008c0000000006021e75,unknown,Unclear,False,False,False,False,Unclear,Urban_Commute,unclear,text_heuristic,0.4,Component fields inferred from text evidence only.
GRP-XHS-6a03008c0000000006021e75-10,6a03008c0000000006021e75,unknown,Unclear,False,False,False,False,Unclear,Urban_Commute,unclear,text_heuristic,0.4,Component fields inferred from text evidence only.
GRP-XHS-6a03008c0000000006021e75-11,6a03008c0000000006021e75,unknown,Unclear,False,False,False,False,Unclear,Urban_Commute,unclear,text_heuristic,0.4,Component fields inferred from text evidence only.
GRP-XHS-698081d70000000021030a28-01,698081d70000000021030a28,unknown,Unclear,False,False,False,False,Unclear,Outdoor,unclear,text_heuristic,0.4,Component fields inferred from text evidence only.
GRP-XHS-687a413f000000002203f377-01,687a413f000000002203f377,unknown,Unclear,False,False,False,False,Unclear,Unclear,unclear,unknown,0.0,No component evidence available in current data.
GRP-XHS-685cfe9d000000000b02c36b-01,685cfe9d000000000b02c36b,unknown,Unclear,False,False,False,False,Unclear,Unclear,unclear,unknown,0.0,No component evidence available in current data.
GRP-XHS-685cfe9d000000000b02c36b-02,685cfe9d000000000b02c36b,unknown,Unclear,False,False,False,False,Unclear,Unclear,unclear,unknown,0.0,No component evidence available in current data.
GRP-XHS-685cfe9d000000000b02c36b-03,685cfe9d000000000b02c36b,unknown,Unclear,False,False,False,False,Unclear,Unclear,unclear,unknown,0.0,No component evidence available in current data.
GRP-XHS-685cfe9d000000000b02c36b-04,685cfe9d000000000b02c36b,unknown,Unclear,False,False,False,False,Unclear,Unclear,unclear,unknown,0.0,No component evidence available in current data.
GRP-XHS-68877d1e0000000025011010-01,68877d1e0000000025011010,unknown,Unclear,False,False,False,False,Unclear,Outdoor,unclear,text_heuristic,0.4,Component fields inferred from text evidence only.
GRP-XHS-68877d1e0000000025011010-02,68877d1e0000000025011010,unknown,Unclear,False,False,False,False,Unclear,Outdoor,unclear,text_heuristic,0.4,Component fields inferred from text evidence only.
GRP-XHS-68877d1e0000000025011010-03,68877d1e0000000025011010,unknown,Unclear,False,False,False,False,Unclear,Outdoor,unclear,text_heuristic,0.4,Component fields inferred from text evidence only.
GRP-XHS-68877d1e0000000025011010-04,68877d1e0000000025011010,unknown,Unclear,False,False,False,False,Unclear,Outdoor,unclear,text_heuristic,0.4,Component fields inferred from text evidence only.
GRP-XHS-68877d1e0000000025011010-05,68877d1e0000000025011010,unknown,Unclear,False,False,False,False,Unclear,Outdoor,unclear,text_heuristic,0.4,Component fields inferred from text evidence only.
GRP-XHS-68877d1e0000000025011010-06,68877d1e0000000025011010,unknown,Unclear,False,False,False,False,Unclear,Outdoor,unclear,text_heuristic,0.4,Component fields inferred from text evidence only.
GRP-XHS-68877d1e0000000025011010-07,68877d1e0000000025011010,unknown,Unclear,False,False,False,False,Unclear,Outdoor,unclear,text_heuristic,0.4,Component fields inferred from text evidence only.
GRP-XHS-68877d1e0000000025011010-08,68877d1e0000000025011010,unknown,Unclear,False,False,False,False,Unclear,Outdoor,unclear,text_heuristic,0.4,Component fields inferred from text evidence only.
GRP-XHS-68877d1e0000000025011010-09,68877d1e0000000025011010,unknown,Unclear,False,False,False,False,Unclear,Outdoor,unclear,text_heuristic,0.4,Component fields inferred from text evidence only.
GRP-XHS-68877d1e0000000025011010-10,68877d1e0000000025011010,unknown,Unclear,False,False,False,False,Unclear,Outdoor,unclear,text_heuristic,0.4,Component fields inferred from text evidence only.
GRP-XHS-685d621e000000001d00fea5-01,685d621e000000001d00fea5,unknown,Unclear,False,False,False,False,Unclear,Outdoor,unclear,text_heuristic,0.4,Component fields inferred from text evidence only.
GRP-XHS-6a0d78f200000000060234d1-01,6a0d78f200000000060234d1,unknown,Unclear,False,False,False,False,Unclear,Outdoor,unclear,text_heuristic,0.4,Component fields inferred from text evidence only.
GRP-XHS-6a0d78f200000000060234d1-02,6a0d78f200000000060234d1,unknown,Unclear,False,False,False,False,Unclear,Outdoor,unclear,text_heuristic,0.4,Component fields inferred from text evidence only.
GRP-XHS-6a0d78f200000000060234d1-03,6a0d78f200000000060234d1,unknown,Unclear,False,False,False,False,Unclear,Outdoor,unclear,text_heuristic,0.4,Component fields inferred from text evidence only.
GRP-XHS-6a0d78f200000000060234d1-04,6a0d78f200000000060234d1,unknown,Unclear,False,False,False,False,Unclear,Outdoor,unclear,text_heuristic,0.4,Component fields inferred from text evidence only.
GRP-XHS-6a0d78f200000000060234d1-05,6a0d78f200000000060234d1,unknown,Unclear,False,False,False,False,Unclear,Outdoor,unclear,text_heuristic,0.4,Component fields inferred from text evidence only.
GRP-XHS-69fde9270000000038036eb7-01,69fde9270000000038036eb7,unknown,Unclear,False,False,False,False,Unclear,Unclear,unclear,unknown,0.0,No component evidence available in current data.
GRP-XHS-69fde9270000000038036eb7-02,69fde9270000000038036eb7,unknown,Unclear,False,False,False,False,Unclear,Unclear,unclear,unknown,0.0,No component evidence available in current data.
GRP-XHS-69fde9270000000038036eb7-03,69fde9270000000038036eb7,unknown,Unclear,False,False,False,False,Unclear,Unclear,unclear,unknown,0.0,No component evidence available in current data.
GRP-XHS-69fde9270000000038036eb7-04,69fde9270000000038036eb7,unknown,Unclear,False,False,False,False,Unclear,Unclear,unclear,unknown,0.0,No component evidence available in current data.
GRP-XHS-69fde9270000000038036eb7-05,69fde9270000000038036eb7,unknown,Unclear,False,False,False,False,Unclear,Unclear,unclear,unknown,0.0,No component evidence available in current data.
GRP-XHS-69fde9270000000038036eb7-06,69fde9270000000038036eb7,unknown,Unclear,False,False,False,False,Unclear,Unclear,unclear,unknown,0.0,No component evidence available in current data.
GRP-XHS-69fde9270000000038036eb7-07,69fde9270000000038036eb7,unknown,Unclear,False,False,False,False,Unclear,Unclear,unclear,unknown,0.0,No component evidence available in current data.
GRP-XHS-69fde9270000000038036eb7-08,69fde9270000000038036eb7,unknown,Unclear,False,False,False,False,Unclear,Unclear,unclear,unknown,0.0,No component evidence available in current data.
GRP-XHS-69fde9270000000038036eb7-09,69fde9270000000038036eb7,unknown,Unclear,False,False,False,False,Unclear,Unclear,unclear,unknown,0.0,No component evidence available in current data.
GRP-XHS-6a0ee34d000000000702bd9f-01,6a0ee34d000000000702bd9f,unknown,Unclear,False,False,False,False,Unclear,Unclear,unclear,unknown,0.0,No component evidence available in current data.
GRP-XHS-6a0ee34d000000000702bd9f-02,6a0ee34d000000000702bd9f,unknown,Unclear,False,False,False,False,Unclear,Unclear,unclear,unknown,0.0,No component evidence available in current data.
GRP-XHS-6a0ee34d000000000702bd9f-03,6a0ee34d000000000702bd9f,unknown,Unclear,False,False,False,False,Unclear,Unclear,unclear,unknown,0.0,No component evidence available in current data.
GRP-XHS-6a0ee34d000000000702bd9f-04,6a0ee34d000000000702bd9f,unknown,Unclear,False,False,False,False,Unclear,Unclear,unclear,unknown,0.0,No component evidence available in current data.
GRP-XHS-6a0ee34d000000000702bd9f-05,6a0ee34d000000000702bd9f,unknown,Unclear,False,False,False,False,Unclear,Unclear,unclear,unknown,0.0,No component evidence available in current data.
GRP-XHS-6a0ee34d000000000702bd9f-06,6a0ee34d000000000702bd9f,unknown,Unclear,False,False,False,False,Unclear,Unclear,unclear,unknown,0.0,No component evidence available in current data.
GRP-XHS-6a0ee34d000000000702bd9f-07,6a0ee34d000000000702bd9f,unknown,Unclear,False,False,False,False,Unclear,Unclear,unclear,unknown,0.0,No component evidence available in current data.
GRP-XHS-6a0ee34d000000000702bd9f-08,6a0ee34d000000000702bd9f,unknown,Unclear,False,False,False,False,Unclear,Unclear,unclear,unknown,0.0,No component evidence available in current data.
GRP-XHS-6a0ee34d000000000702bd9f-09,6a0ee34d000000000702bd9f,unknown,Unclear,False,False,False,False,Unclear,Unclear,unclear,unknown,0.0,No component evidence available in current data.
GRP-XHS-692ec0f4000000001f00490d-01,692ec0f4000000001f00490d,unknown,Unclear,False,False,False,False,Unclear,Outdoor,unclear,text_heuristic,0.4,Component fields inferred from text evidence only.
GRP-XHS-692ec0f4000000001f00490d-02,692ec0f4000000001f00490d,unknown,Unclear,False,False,False,False,Unclear,Outdoor,unclear,text_heuristic,0.4,Component fields inferred from text evidence only.
GRP-XHS-692ec0f4000000001f00490d-03,692ec0f4000000001f00490d,unknown,Unclear,False,False,False,False,Unclear,Outdoor,unclear,text_heuristic,0.4,Component fields inferred from text evidence only.
GRP-XHS-692ec0f4000000001f00490d-04,692ec0f4000000001f00490d,unknown,Unclear,False,False,False,False,Unclear,Outdoor,unclear,text_heuristic,0.4,Component fields inferred from text evidence only.
GRP-XHS-692ec0f4000000001f00490d-05,692ec0f4000000001f00490d,unknown,Unclear,False,False,False,False,Unclear,Outdoor,unclear,text_heuristic,0.4,Component fields inferred from text evidence only.
GRP-XHS-692ec0f4000000001f00490d-06,692ec0f4000000001f00490d,unknown,Unclear,False,False,False,False,Unclear,Outdoor,unclear,text_heuristic,0.4,Component fields inferred from text evidence only.
GRP-XHS-692ec0f4000000001f00490d-07,692ec0f4000000001f00490d,unknown,Unclear,False,False,False,False,Unclear,Outdoor,unclear,text_heuristic,0.4,Component fields inferred from text evidence only.
GRP-XHS-692ec0f4000000001f00490d-08,692ec0f4000000001f00490d,unknown,Unclear,False,False,False,False,Unclear,Outdoor,unclear,text_heuristic,0.4,Component fields inferred from text evidence only.
GRP-XHS-692ec0f4000000001f00490d-09,692ec0f4000000001f00490d,unknown,Unclear,False,False,False,False,Unclear,Outdoor,unclear,text_heuristic,0.4,Component fields inferred from text evidence only.
GRP-XHS-692ec0f4000000001f00490d-10,692ec0f4000000001f00490d,unknown,Unclear,False,False,False,False,Unclear,Outdoor,unclear,text_heuristic,0.4,Component fields inferred from text evidence only.
GRP-XHS-69ede6b400000000220283c3-01,69ede6b400000000220283c3,unknown,Unclear,False,False,False,False,Unclear,Unclear,unclear,unknown,0.0,No component evidence available in current data.
GRP-XHS-696b6bd7000000000e03f2b6-01,696b6bd7000000000e03f2b6,unknown,Unclear,False,False,False,False,Unclear,Unclear,unclear,unknown,0.0,No component evidence available in current data.
GRP-XHS-696b6bd7000000000e03f2b6-02,696b6bd7000000000e03f2b6,unknown,Unclear,False,False,False,False,Unclear,Unclear,unclear,unknown,0.0,No component evidence available in current data.
GRP-XHS-696b6bd7000000000e03f2b6-03,696b6bd7000000000e03f2b6,unknown,Unclear,False,False,False,False,Unclear,Unclear,unclear,unknown,0.0,No component evidence available in current data.
GRP-XHS-696b6bd7000000000e03f2b6-04,696b6bd7000000000e03f2b6,unknown,Unclear,False,False,False,False,Unclear,Unclear,unclear,unknown,0.0,No component evidence available in current data.
GRP-XHS-696b6bd7000000000e03f2b6-05,696b6bd7000000000e03f2b6,unknown,Unclear,False,False,False,False,Unclear,Unclear,unclear,unknown,0.0,No component evidence available in current data.
GRP-XHS-696b6bd7000000000e03f2b6-06,696b6bd7000000000e03f2b6,unknown,Unclear,False,False,False,False,Unclear,Unclear,unclear,unknown,0.0,No component evidence available in current data.
GRP-XHS-696b6bd7000000000e03f2b6-07,696b6bd7000000000e03f2b6,unknown,Unclear,False,False,False,False,Unclear,Unclear,unclear,unknown,0.0,No component evidence available in current data.
GRP-XHS-696b6bd7000000000e03f2b6-08,696b6bd7000000000e03f2b6,unknown,Unclear,False,False,False,False,Unclear,Unclear,unclear,unknown,0.0,No component evidence available in current data.
GRP-XHS-696b6bd7000000000e03f2b6-09,696b6bd7000000000e03f2b6,unknown,Unclear,False,False,False,False,Unclear,Unclear,unclear,unknown,0.0,No component evidence available in current data.
GRP-XHS-696b6bd7000000000e03f2b6-10,696b6bd7000000000e03f2b6,unknown,Unclear,False,False,False,False,Unclear,Unclear,unclear,unknown,0.0,No component evidence available in current data.
GRP-XHS-696b6bd7000000000e03f2b6-11,696b6bd7000000000e03f2b6,unknown,Unclear,False,False,False,False,Unclear,Unclear,unclear,unknown,0.0,No component evidence available in current data.
GRP-XHS-69f21772000000003701d4ba-01,69f21772000000003701d4ba,unknown,Unclear,False,False,False,False,Unclear,Unclear,unclear,unknown,0.0,No component evidence available in current data.
GRP-XHS-69f21772000000003701d4ba-03,69f21772000000003701d4ba,unknown,Unclear,False,False,False,False,Unclear,Unclear,unclear,unknown,0.0,No component evidence available in current data.
GRP-XHS-69f21772000000003701d4ba-04,69f21772000000003701d4ba,unknown,Unclear,False,False,False,False,Unclear,Unclear,unclear,unknown,0.0,No component evidence available in current data.
GRP-XHS-69f21772000000003701d4ba-05,69f21772000000003701d4ba,unknown,Unclear,False,False,False,False,Unclear,Unclear,unclear,unknown,0.0,No component evidence available in current data.
GRP-XHS-69f21772000000003701d4ba-06,69f21772000000003701d4ba,unknown,Unclear,False,False,False,False,Unclear,Unclear,unclear,unknown,0.0,No component evidence available in current data.
GRP-XHS-69f21772000000003701d4ba-09,69f21772000000003701d4ba,unknown,Unclear,False,False,False,False,Unclear,Unclear,unclear,unknown,0.0,No component evidence available in current data.
GRP-XHS-69f21772000000003701d4ba-10,69f21772000000003701d4ba,unknown,Unclear,False,False,False,False,Unclear,Unclear,unclear,unknown,0.0,No component evidence available in current data.
GRP-XHS-69f21772000000003701d4ba-12,69f21772000000003701d4ba,unknown,Unclear,False,False,False,False,Unclear,Unclear,unclear,unknown,0.0,No component evidence available in current data.
GRP-XHS-693ab0b6000000001f005bfb-01,693ab0b6000000001f005bfb,unknown,Unclear,False,False,False,False,Unclear,Outdoor,unclear,text_heuristic,0.4,Component fields inferred from text evidence only.
GRP-XHS-693ab0b6000000001f005bfb-02,693ab0b6000000001f005bfb,unknown,Unclear,False,False,False,False,Unclear,Outdoor,unclear,text_heuristic,0.4,Component fields inferred from text evidence only.
GRP-XHS-693ab0b6000000001f005bfb-03,693ab0b6000000001f005bfb,unknown,Unclear,False,False,False,False,Unclear,Outdoor,unclear,text_heuristic,0.4,Component fields inferred from text evidence only.
GRP-XHS-693ab0b6000000001f005bfb-04,693ab0b6000000001f005bfb,unknown,Unclear,False,False,False,False,Unclear,Outdoor,unclear,text_heuristic,0.4,Component fields inferred from text evidence only.
GRP-XHS-693ab0b6000000001f005bfb-05,693ab0b6000000001f005bfb,unknown,Unclear,False,False,False,False,Unclear,Outdoor,unclear,text_heuristic,0.4,Component fields inferred from text evidence only.
GRP-XHS-693ab0b6000000001f005bfb-06,693ab0b6000000001f005bfb,unknown,Unclear,False,False,False,False,Unclear,Outdoor,unclear,text_heuristic,0.4,Component fields inferred from text evidence only.
GRP-XHS-69ff4cde000000003502365c-01,69ff4cde000000003502365c,unknown,Unclear,False,False,False,False,Unclear,Unclear,unclear,unknown,0.0,No component evidence available in current data.
GRP-XHS-69ff4cde000000003502365c-03,69ff4cde000000003502365c,unknown,Unclear,False,False,False,False,Unclear,Unclear,unclear,unknown,0.0,No component evidence available in current data.
GRP-XHS-69ff4cde000000003502365c-04,69ff4cde000000003502365c,unknown,Unclear,False,False,False,False,Unclear,Unclear,unclear,unknown,0.0,No component evidence available in current data.
GRP-XHS-6a05b98200000000380205a2-01,6a05b98200000000380205a2,unknown,Unclear,False,False,False,False,Unclear,Unclear,unclear,unknown,0.0,No component evidence available in current data.
GRP-XHS-692ffcd0000000000d03af2b-02,692ffcd0000000000d03af2b,unknown,Unclear,False,False,False,False,Unclear,Unclear,unclear,unknown,0.0,No component evidence available in current data.
GRP-XHS-692ffcd0000000000d03af2b-03,692ffcd0000000000d03af2b,unknown,Unclear,False,False,False,False,Unclear,Unclear,unclear,unknown,0.0,No component evidence available in current data.
GRP-XHS-692ffcd0000000000d03af2b-04,692ffcd0000000000d03af2b,unknown,Unclear,False,False,False,False,Unclear,Unclear,unclear,unknown,0.0,No component evidence available in current data.
GRP-XHS-692ffcd0000000000d03af2b-06,692ffcd0000000000d03af2b,unknown,Unclear,False,False,False,False,Unclear,Unclear,unclear,unknown,0.0,No component evidence available in current data.
GRP-XHS-692ffcd0000000000d03af2b-07,692ffcd0000000000d03af2b,unknown,Unclear,False,False,False,False,Unclear,Unclear,unclear,unknown,0.0,No component evidence available in current data.
GRP-XHS-68bbef51000000001b0345b5-01,68bbef51000000001b0345b5,unknown,Unclear,False,False,False,False,Unclear,Unclear,unclear,unknown,0.0,No component evidence available in current data.
GRP-XHS-68bbef51000000001b0345b5-02,68bbef51000000001b0345b5,unknown,Unclear,False,False,False,False,Unclear,Unclear,unclear,unknown,0.0,No component evidence available in current data.
GRP-XHS-68bbef51000000001b0345b5-03,68bbef51000000001b0345b5,unknown,Unclear,False,False,False,False,Unclear,Unclear,unclear,unknown,0.0,No component evidence available in current data.
GRP-XHS-68bbef51000000001b0345b5-04,68bbef51000000001b0345b5,unknown,Unclear,False,False,False,False,Unclear,Unclear,unclear,unknown,0.0,No component evidence available in current data.
GRP-XHS-68bbef51000000001b0345b5-06,68bbef51000000001b0345b5,unknown,Unclear,False,False,False,False,Unclear,Unclear,unclear,unknown,0.0,No component evidence available in current data.
GRP-XHS-68bbef51000000001b0345b5-08,68bbef51000000001b0345b5,unknown,Unclear,False,False,False,False,Unclear,Unclear,unclear,unknown,0.0,No component evidence available in current data.
GRP-XHS-683437710000000021008566-01,683437710000000021008566,unknown,Unclear,False,False,False,False,Unclear,Unclear,unclear,unknown,0.0,No component evidence available in current data.
GRP-XHS-683437710000000021008566-02,683437710000000021008566,unknown,Unclear,False,False,False,False,Unclear,Unclear,unclear,unknown,0.0,No component evidence available in current data.
GRP-XHS-683437710000000021008566-03,683437710000000021008566,unknown,Unclear,False,False,False,False,Unclear,Unclear,unclear,unknown,0.0,No component evidence available in current data.
GRP-XHS-683437710000000021008566-04,683437710000000021008566,unknown,Unclear,False,False,False,False,Unclear,Unclear,unclear,unknown,0.0,No component evidence available in current data.
GRP-XHS-683437710000000021008566-05,683437710000000021008566,unknown,Unclear,False,False,False,False,Unclear,Unclear,unclear,unknown,0.0,No component evidence available in current data.
GRP-XHS-683437710000000021008566-06,683437710000000021008566,unknown,Unclear,False,False,False,False,Unclear,Unclear,unclear,unknown,0.0,No component evidence available in current data.
GRP-XHS-68835e78000000002400cc99-01,68835e78000000002400cc99,unknown,Unclear,False,False,False,False,Unclear,Unclear,unclear,unknown,0.0,No component evidence available in current data.
GRP-XHS-68835e78000000002400cc99-02,68835e78000000002400cc99,unknown,Unclear,False,False,False,False,Unclear,Unclear,unclear,unknown,0.0,No component evidence available in current data.
GRP-XHS-68835e78000000002400cc99-04,68835e78000000002400cc99,unknown,Unclear,False,False,False,False,Unclear,Unclear,unclear,unknown,0.0,No component evidence available in current data.
GRP-XHS-68835e78000000002400cc99-06,68835e78000000002400cc99,unknown,Unclear,False,False,False,False,Unclear,Unclear,unclear,unknown,0.0,No component evidence available in current data.
GRP-XHS-68835e78000000002400cc99-08,68835e78000000002400cc99,unknown,Unclear,False,False,False,False,Unclear,Unclear,unclear,unknown,0.0,No component evidence available in current data.
GRP-XHS-69d20d15000000001d01e8ae-01,69d20d15000000001d01e8ae,unknown,Unclear,False,False,False,False,Unclear,Unclear,unclear,unknown,0.0,No component evidence available in current data.
GRP-XHS-69d20d15000000001d01e8ae-02,69d20d15000000001d01e8ae,unknown,Unclear,False,False,False,False,Unclear,Unclear,unclear,unknown,0.0,No component evidence available in current data.
GRP-XHS-69d20d15000000001d01e8ae-03,69d20d15000000001d01e8ae,unknown,Unclear,False,False,False,False,Unclear,Unclear,unclear,unknown,0.0,No component evidence available in current data.
GRP-XHS-69d20d15000000001d01e8ae-04,69d20d15000000001d01e8ae,unknown,Unclear,False,False,False,False,Unclear,Unclear,unclear,unknown,0.0,No component evidence available in current data.
GRP-XHS-69d20d15000000001d01e8ae-05,69d20d15000000001d01e8ae,unknown,Unclear,False,False,False,False,Unclear,Unclear,unclear,unknown,0.0,No component evidence available in current data.
GRP-XHS-69d20d15000000001d01e8ae-06,69d20d15000000001d01e8ae,unknown,Unclear,False,False,False,False,Unclear,Unclear,unclear,unknown,0.0,No component evidence available in current data.
GRP-XHS-69d20d15000000001d01e8ae-07,69d20d15000000001d01e8ae,unknown,Unclear,False,False,False,False,Unclear,Unclear,unclear,unknown,0.0,No component evidence available in current data.
GRP-XHS-69d20d15000000001d01e8ae-08,69d20d15000000001d01e8ae,unknown,Unclear,False,False,False,False,Unclear,Unclear,unclear,unknown,0.0,No component evidence available in current data.
GRP-XHS-69d20d15000000001d01e8ae-09,69d20d15000000001d01e8ae,unknown,Unclear,False,False,False,False,Unclear,Unclear,unclear,unknown,0.0,No component evidence available in current data.
GRP-XHS-69d20d15000000001d01e8ae-10,69d20d15000000001d01e8ae,unknown,Unclear,False,False,False,False,Unclear,Unclear,unclear,unknown,0.0,No component evidence available in current data.
GRP-XHS-69d20d15000000001d01e8ae-11,69d20d15000000001d01e8ae,unknown,Unclear,False,False,False,False,Unclear,Unclear,unclear,unknown,0.0,No component evidence available in current data.
GRP-XHS-69d20d15000000001d01e8ae-12,69d20d15000000001d01e8ae,unknown,Unclear,False,False,False,False,Unclear,Unclear,unclear,unknown,0.0,No component evidence available in current data.
GRP-XHS-69d20d15000000001d01e8ae-13,69d20d15000000001d01e8ae,unknown,Unclear,False,False,False,False,Unclear,Unclear,unclear,unknown,0.0,No component evidence available in current data.
GRP-XHS-6a0940aa000000000803f9e3-01,6a0940aa000000000803f9e3,unknown,Unclear,False,False,False,False,Unclear,Unclear,unclear,unknown,0.0,No component evidence available in current data.
GRP-XHS-6936cb07000000001e0062c4-01,6936cb07000000001e0062c4,unknown,Unclear,False,False,False,False,Unclear,Outdoor,unclear,text_heuristic,0.4,Component fields inferred from text evidence only.
GRP-XHS-6936cb07000000001e0062c4-02,6936cb07000000001e0062c4,unknown,Unclear,False,False,False,False,Unclear,Outdoor,unclear,text_heuristic,0.4,Component fields inferred from text evidence only.
GRP-XHS-6936cb07000000001e0062c4-03,6936cb07000000001e0062c4,unknown,Unclear,False,False,False,False,Unclear,Outdoor,unclear,text_heuristic,0.4,Component fields inferred from text evidence only.
GRP-XHS-6936cb07000000001e0062c4-04,6936cb07000000001e0062c4,unknown,Unclear,False,False,False,False,Unclear,Outdoor,unclear,text_heuristic,0.4,Component fields inferred from text evidence only.
GRP-XHS-6936cb07000000001e0062c4-05,6936cb07000000001e0062c4,unknown,Unclear,False,False,False,False,Unclear,Outdoor,unclear,text_heuristic,0.4,Component fields inferred from text evidence only.
GRP-XHS-6936cb07000000001e0062c4-06,6936cb07000000001e0062c4,unknown,Unclear,False,False,False,False,Unclear,Outdoor,unclear,text_heuristic,0.4,Component fields inferred from text evidence only.
GRP-XHS-6936cb07000000001e0062c4-07,6936cb07000000001e0062c4,unknown,Unclear,False,False,False,False,Unclear,Outdoor,unclear,text_heuristic,0.4,Component fields inferred from text evidence only.
GRP-XHS-6936cb07000000001e0062c4-08,6936cb07000000001e0062c4,unknown,Unclear,False,False,False,False,Unclear,Outdoor,unclear,text_heuristic,0.4,Component fields inferred from text evidence only.
GRP-XHS-6a02ee460000000038037c4e-01,6a02ee460000000038037c4e,unknown,Unclear,False,False,False,False,Unclear,Unclear,unclear,unknown,0.0,No component evidence available in current data.
GRP-XHS-6a02ee460000000038037c4e-02,6a02ee460000000038037c4e,unknown,Unclear,False,False,False,False,Unclear,Unclear,unclear,unknown,0.0,No component evidence available in current data.
GRP-XHS-6a02ee460000000038037c4e-03,6a02ee460000000038037c4e,unknown,Unclear,False,False,False,False,Unclear,Unclear,unclear,unknown,0.0,No component evidence available in current data.
GRP-XHS-6a02ee460000000038037c4e-04,6a02ee460000000038037c4e,unknown,Unclear,False,False,False,False,Unclear,Unclear,unclear,unknown,0.0,No component evidence available in current data.
GRP-XHS-68442fd9000000002300c389-01,68442fd9000000002300c389,unknown,Unclear,False,False,False,False,Unclear,Unclear,unclear,unknown,0.0,No component evidence available in current data.
GRP-XHS-68442fd9000000002300c389-02,68442fd9000000002300c389,unknown,Unclear,False,False,False,False,Unclear,Unclear,unclear,unknown,0.0,No component evidence available in current data.
GRP-XHS-68442fd9000000002300c389-03,68442fd9000000002300c389,unknown,Unclear,False,False,False,False,Unclear,Unclear,unclear,unknown,0.0,No component evidence available in current data.
GRP-XHS-68442fd9000000002300c389-04,68442fd9000000002300c389,unknown,Unclear,False,False,False,False,Unclear,Unclear,unclear,unknown,0.0,No component evidence available in current data.
GRP-XHS-6a0c3bbd0000000006022c83-01,6a0c3bbd0000000006022c83,unknown,Unclear,False,False,False,False,Unclear,Unclear,unclear,unknown,0.0,No component evidence available in current data.
GRP-XHS-6a0c3bbd0000000006022c83-02,6a0c3bbd0000000006022c83,unknown,Unclear,False,False,False,False,Unclear,Unclear,unclear,unknown,0.0,No component evidence available in current data.
GRP-XHS-6a0c3bbd0000000006022c83-05,6a0c3bbd0000000006022c83,unknown,Unclear,False,False,False,False,Unclear,Unclear,unclear,unknown,0.0,No component evidence available in current data.
GRP-XHS-69ecc624000000001f0000ed-01,69ecc624000000001f0000ed,unknown,Unclear,False,False,False,False,Unclear,Outdoor,unclear,text_heuristic,0.4,Component fields inferred from text evidence only.
GRP-XHS-69ecc624000000001f0000ed-03,69ecc624000000001f0000ed,unknown,Unclear,False,False,False,False,Unclear,Outdoor,unclear,text_heuristic,0.4,Component fields inferred from text evidence only.
GRP-XHS-69ecc624000000001f0000ed-04,69ecc624000000001f0000ed,unknown,Unclear,False,False,False,False,Unclear,Outdoor,unclear,text_heuristic,0.4,Component fields inferred from text evidence only.
GRP-XHS-69ecc624000000001f0000ed-07,69ecc624000000001f0000ed,unknown,Unclear,False,False,False,False,Unclear,Outdoor,unclear,text_heuristic,0.4,Component fields inferred from text evidence only.
GRP-XHS-69ecc624000000001f0000ed-08,69ecc624000000001f0000ed,unknown,Unclear,False,False,False,False,Unclear,Outdoor,unclear,text_heuristic,0.4,Component fields inferred from text evidence only.
GRP-XHS-69ecc624000000001f0000ed-09,69ecc624000000001f0000ed,unknown,Unclear,False,False,False,False,Unclear,Outdoor,unclear,text_heuristic,0.4,Component fields inferred from text evidence only.
GRP-XHS-6a0d81eb000000003502dcf1-01,6a0d81eb000000003502dcf1,unknown,Unclear,False,False,False,False,Unclear,Unclear,unclear,unknown,0.0,No component evidence available in current data.
GRP-XHS-69d3a506000000001d01bf7c-01,69d3a506000000001d01bf7c,unknown,Unclear,False,False,False,False,Unclear,Unclear,unclear,unknown,0.0,No component evidence available in current data.
GRP-XHS-69d3a506000000001d01bf7c-03,69d3a506000000001d01bf7c,unknown,Unclear,False,False,False,False,Unclear,Unclear,unclear,unknown,0.0,No component evidence available in current data.
GRP-XHS-69d3a506000000001d01bf7c-05,69d3a506000000001d01bf7c,unknown,Unclear,False,False,False,False,Unclear,Unclear,unclear,unknown,0.0,No component evidence available in current data.
GRP-XHS-69d3a506000000001d01bf7c-06,69d3a506000000001d01bf7c,unknown,Unclear,False,False,False,False,Unclear,Unclear,unclear,unknown,0.0,No component evidence available in current data.
GRP-XHS-69259203000000001e0372c2-01,69259203000000001e0372c2,unknown,Unclear,False,False,False,False,Unclear,Urban_Commute,unclear,text_heuristic,0.4,Component fields inferred from text evidence only.
GRP-XHS-69259203000000001e0372c2-02,69259203000000001e0372c2,unknown,Unclear,False,False,False,False,Unclear,Urban_Commute,unclear,text_heuristic,0.4,Component fields inferred from text evidence only.
GRP-XHS-69259203000000001e0372c2-03,69259203000000001e0372c2,unknown,Unclear,False,False,False,False,Unclear,Urban_Commute,unclear,text_heuristic,0.4,Component fields inferred from text evidence only.
GRP-XHS-69259203000000001e0372c2-04,69259203000000001e0372c2,unknown,Unclear,False,False,False,False,Unclear,Urban_Commute,unclear,text_heuristic,0.4,Component fields inferred from text evidence only.
GRP-XHS-69259203000000001e0372c2-05,69259203000000001e0372c2,unknown,Unclear,False,False,False,False,Unclear,Urban_Commute,unclear,text_heuristic,0.4,Component fields inferred from text evidence only.
GRP-XHS-6975edd2000000002800b5c8-01,6975edd2000000002800b5c8,unknown,Unclear,False,False,False,False,Unclear,Unclear,unclear,unknown,0.0,No component evidence available in current data.
GRP-XHS-6975edd2000000002800b5c8-02,6975edd2000000002800b5c8,unknown,Unclear,False,False,False,False,Unclear,Unclear,unclear,unknown,0.0,No component evidence available in current data.
GRP-XHS-6975edd2000000002800b5c8-03,6975edd2000000002800b5c8,unknown,Unclear,False,False,False,False,Unclear,Unclear,unclear,unknown,0.0,No component evidence available in current data.
GRP-XHS-6975edd2000000002800b5c8-04,6975edd2000000002800b5c8,unknown,Unclear,False,False,False,False,Unclear,Unclear,unclear,unknown,0.0,No component evidence available in current data.
GRP-XHS-6975edd2000000002800b5c8-05,6975edd2000000002800b5c8,unknown,Unclear,False,False,False,False,Unclear,Unclear,unclear,unknown,0.0,No component evidence available in current data.
GRP-XHS-6975edd2000000002800b5c8-06,6975edd2000000002800b5c8,unknown,Unclear,False,False,False,False,Unclear,Unclear,unclear,unknown,0.0,No component evidence available in current data.
GRP-XHS-6975edd2000000002800b5c8-07,6975edd2000000002800b5c8,unknown,Unclear,False,False,False,False,Unclear,Unclear,unclear,unknown,0.0,No component evidence available in current data.
GRP-XHS-69ee18a6000000001f00585d-01,69ee18a6000000001f00585d,unknown,Unclear,False,False,False,False,Unclear,Unclear,unclear,unknown,0.0,No component evidence available in current data.
GRP-XHS-69ee18a6000000001f00585d-02,69ee18a6000000001f00585d,unknown,Unclear,False,False,False,False,Unclear,Unclear,unclear,unknown,0.0,No component evidence available in current data.
GRP-XHS-69ee18a6000000001f00585d-04,69ee18a6000000001f00585d,unknown,Unclear,False,False,False,False,Unclear,Unclear,unclear,unknown,0.0,No component evidence available in current data.
GRP-XHS-69ee18a6000000001f00585d-05,69ee18a6000000001f00585d,unknown,Unclear,False,False,False,False,Unclear,Unclear,unclear,unknown,0.0,No component evidence available in current data.
GRP-XHS-69ee18a6000000001f00585d-06,69ee18a6000000001f00585d,unknown,Unclear,False,False,False,False,Unclear,Unclear,unclear,unknown,0.0,No component evidence available in current data.
GRP-XHS-69ee18a6000000001f00585d-07,69ee18a6000000001f00585d,unknown,Unclear,False,False,False,False,Unclear,Unclear,unclear,unknown,0.0,No component evidence available in current data.
GRP-XHS-69ee18a6000000001f00585d-08,69ee18a6000000001f00585d,unknown,Unclear,False,False,False,False,Unclear,Unclear,unclear,unknown,0.0,No component evidence available in current data.
GRP-XHS-69ee18a6000000001f00585d-09,69ee18a6000000001f00585d,unknown,Unclear,False,False,False,False,Unclear,Unclear,unclear,unknown,0.0,No component evidence available in current data.
GRP-XHS-683e7d20000000002100c440-01,683e7d20000000002100c440,unknown,Unclear,False,False,False,False,Unclear,Urban_Commute,unclear,text_heuristic,0.4,Component fields inferred from text evidence only.
GRP-XHS-6a0ed78f0000000035022f85-03,6a0ed78f0000000035022f85,unknown,Unclear,False,False,False,False,Unclear,Unclear,unclear,unknown,0.0,No component evidence available in current data.
GRP-XHS-6a0ed78f0000000035022f85-04,6a0ed78f0000000035022f85,unknown,Unclear,False,False,False,False,Unclear,Unclear,unclear,unknown,0.0,No component evidence available in current data.
GRP-XHS-6a0ed78f0000000035022f85-05,6a0ed78f0000000035022f85,unknown,Unclear,False,False,False,False,Unclear,Unclear,unclear,unknown,0.0,No component evidence available in current data.
GRP-XHS-6900448b0000000005002ba0-01,6900448b0000000005002ba0,unknown,Unclear,False,False,False,False,Unclear,Unclear,unclear,unknown,0.0,No component evidence available in current data.
GRP-XHS-6900448b0000000005002ba0-02,6900448b0000000005002ba0,unknown,Unclear,False,False,False,False,Unclear,Unclear,unclear,unknown,0.0,No component evidence available in current data.
GRP-XHS-6900448b0000000005002ba0-03,6900448b0000000005002ba0,unknown,Unclear,False,False,False,False,Unclear,Unclear,unclear,unknown,0.0,No component evidence available in current data.
GRP-XHS-6900448b0000000005002ba0-04,6900448b0000000005002ba0,unknown,Unclear,False,False,False,False,Unclear,Unclear,unclear,unknown,0.0,No component evidence available in current data.
GRP-XHS-6900448b0000000005002ba0-05,6900448b0000000005002ba0,unknown,Unclear,False,False,False,False,Unclear,Unclear,unclear,unknown,0.0,No component evidence available in current data.
GRP-XHS-6900448b0000000005002ba0-06,6900448b0000000005002ba0,unknown,Unclear,False,False,False,False,Unclear,Unclear,unclear,unknown,0.0,No component evidence available in current data.
GRP-XHS-6900448b0000000005002ba0-07,6900448b0000000005002ba0,unknown,Unclear,False,False,False,False,Unclear,Unclear,unclear,unknown,0.0,No component evidence available in current data.
GRP-XHS-6900448b0000000005002ba0-09,6900448b0000000005002ba0,unknown,Unclear,False,False,False,False,Unclear,Unclear,unclear,unknown,0.0,No component evidence available in current data.
GRP-XHS-69bf6e53000000001f00420d-01,69bf6e53000000001f00420d,unknown,Unclear,False,False,False,False,Unclear,Unclear,unclear,unknown,0.0,No component evidence available in current data.
GRP-XHS-69bf6e53000000001f00420d-02,69bf6e53000000001f00420d,unknown,Unclear,False,False,False,False,Unclear,Unclear,unclear,unknown,0.0,No component evidence available in current data.
GRP-XHS-69bf6e53000000001f00420d-03,69bf6e53000000001f00420d,unknown,Unclear,False,False,False,False,Unclear,Unclear,unclear,unknown,0.0,No component evidence available in current data.
GRP-XHS-69bf6e53000000001f00420d-04,69bf6e53000000001f00420d,unknown,Unclear,False,False,False,False,Unclear,Unclear,unclear,unknown,0.0,No component evidence available in current data.
GRP-XHS-69fca9a40000000023016bdf-01,69fca9a40000000023016bdf,unknown,Unclear,False,False,False,False,Unclear,Unclear,unclear,unknown,0.0,No component evidence available in current data.
GRP-XHS-69fca9a40000000023016bdf-02,69fca9a40000000023016bdf,unknown,Unclear,False,False,False,False,Unclear,Unclear,unclear,unknown,0.0,No component evidence available in current data.
GRP-XHS-69fca9a40000000023016bdf-03,69fca9a40000000023016bdf,unknown,Unclear,False,False,False,False,Unclear,Unclear,unclear,unknown,0.0,No component evidence available in current data.
GRP-XHS-69fca9a40000000023016bdf-04,69fca9a40000000023016bdf,unknown,Unclear,False,False,False,False,Unclear,Unclear,unclear,unknown,0.0,No component evidence available in current data.
GRP-XHS-69fca9a40000000023016bdf-05,69fca9a40000000023016bdf,unknown,Unclear,False,False,False,False,Unclear,Unclear,unclear,unknown,0.0,No component evidence available in current data.
GRP-XHS-69fca9a40000000023016bdf-06,69fca9a40000000023016bdf,unknown,Unclear,False,False,False,False,Unclear,Unclear,unclear,unknown,0.0,No component evidence available in current data.
GRP-XHS-69fca9a40000000023016bdf-07,69fca9a40000000023016bdf,unknown,Unclear,False,False,False,False,Unclear,Unclear,unclear,unknown,0.0,No component evidence available in current data.
GRP-XHS-68694b7e0000000012023f13-01,68694b7e0000000012023f13,unknown,Unclear,False,False,False,False,Unclear,Outdoor,unclear,text_heuristic,0.4,Component fields inferred from text evidence only.
GRP-XHS-68694b7e0000000012023f13-02,68694b7e0000000012023f13,unknown,Unclear,False,False,False,False,Unclear,Outdoor,unclear,text_heuristic,0.4,Component fields inferred from text evidence only.
GRP-XHS-68694b7e0000000012023f13-03,68694b7e0000000012023f13,unknown,Unclear,False,False,False,False,Unclear,Outdoor,unclear,text_heuristic,0.4,Component fields inferred from text evidence only.
GRP-XHS-68694b7e0000000012023f13-04,68694b7e0000000012023f13,unknown,Unclear,False,False,False,False,Unclear,Outdoor,unclear,text_heuristic,0.4,Component fields inferred from text evidence only.
GRP-XHS-68694b7e0000000012023f13-05,68694b7e0000000012023f13,unknown,Unclear,False,False,False,False,Unclear,Outdoor,unclear,text_heuristic,0.4,Component fields inferred from text evidence only.
GRP-XHS-68694b7e0000000012023f13-06,68694b7e0000000012023f13,unknown,Unclear,False,False,False,False,Unclear,Outdoor,unclear,text_heuristic,0.4,Component fields inferred from text evidence only.
GRP-XHS-69e5fad4000000001f004b26-01,69e5fad4000000001f004b26,unknown,Unclear,False,False,False,False,Unclear,Unclear,unclear,unknown,0.0,No component evidence available in current data.
GRP-XHS-6a0f0ad9000000003701c81e-01,6a0f0ad9000000003701c81e,unknown,Unclear,False,False,False,False,Unclear,Unclear,unclear,unknown,0.0,No component evidence available in current data.
GRP-XHS-6a01aea70000000007021ee1-01,6a01aea70000000007021ee1,unknown,Unclear,False,False,False,False,Unclear,Outdoor,unclear,text_heuristic,0.4,Component fields inferred from text evidence only.
GRP-XHS-69b6b7dc000000002800a698-01,69b6b7dc000000002800a698,unknown,Unclear,False,False,False,False,Unclear,Unclear,unclear,unknown,0.0,No component evidence available in current data.
GRP-XHS-69b6b7dc000000002800a698-02,69b6b7dc000000002800a698,unknown,Unclear,False,False,False,False,Unclear,Unclear,unclear,unknown,0.0,No component evidence available in current data.
GRP-XHS-69b6b7dc000000002800a698-03,69b6b7dc000000002800a698,unknown,Unclear,False,False,False,False,Unclear,Unclear,unclear,unknown,0.0,No component evidence available in current data.
GRP-XHS-69b6b7dc000000002800a698-04,69b6b7dc000000002800a698,unknown,Unclear,False,False,False,False,Unclear,Unclear,unclear,unknown,0.0,No component evidence available in current data.
GRP-XHS-69b6b7dc000000002800a698-05,69b6b7dc000000002800a698,unknown,Unclear,False,False,False,False,Unclear,Unclear,unclear,unknown,0.0,No component evidence available in current data.
GRP-XHS-68cab82e000000000e033c94-01,68cab82e000000000e033c94,unknown,Unclear,False,False,False,False,Unclear,Unclear,unclear,unknown,0.0,No component evidence available in current data.
GRP-XHS-68cab82e000000000e033c94-02,68cab82e000000000e033c94,unknown,Unclear,False,False,False,False,Unclear,Unclear,unclear,unknown,0.0,No component evidence available in current data.
GRP-XHS-6a08700700000000070298e2-01,6a08700700000000070298e2,unknown,Unclear,False,False,False,False,Unclear,Unclear,unclear,unknown,0.0,No component evidence available in current data.
GRP-XHS-6a08700700000000070298e2-02,6a08700700000000070298e2,unknown,Unclear,False,False,False,False,Unclear,Unclear,unclear,unknown,0.0,No component evidence available in current data.
GRP-XHS-6a0d7a39000000000702b101-01,6a0d7a39000000000702b101,unknown,Unclear,False,False,False,False,Unclear,Unclear,unclear,unknown,0.0,No component evidence available in current data.
GRP-XHS-6a0d7a39000000000702b101-02,6a0d7a39000000000702b101,unknown,Unclear,False,False,False,False,Unclear,Unclear,unclear,unknown,0.0,No component evidence available in current data.
GRP-XHS-6a0d7a39000000000702b101-03,6a0d7a39000000000702b101,unknown,Unclear,False,False,False,False,Unclear,Unclear,unclear,unknown,0.0,No component evidence available in current data.
GRP-XHS-6a0d7a39000000000702b101-04,6a0d7a39000000000702b101,unknown,Unclear,False,False,False,False,Unclear,Unclear,unclear,unknown,0.0,No component evidence available in current data.
GRP-XHS-6a0d7a39000000000702b101-05,6a0d7a39000000000702b101,unknown,Unclear,False,False,False,False,Unclear,Unclear,unclear,unknown,0.0,No component evidence available in current data.
GRP-XHS-6a0d7a39000000000702b101-07,6a0d7a39000000000702b101,unknown,Unclear,False,False,False,False,Unclear,Unclear,unclear,unknown,0.0,No component evidence available in current data.
GRP-XHS-6a0d7a39000000000702b101-08,6a0d7a39000000000702b101,unknown,Unclear,False,False,False,False,Unclear,Unclear,unclear,unknown,0.0,No component evidence available in current data.
GRP-XHS-6a0d7a39000000000702b101-09,6a0d7a39000000000702b101,unknown,Unclear,False,False,False,False,Unclear,Unclear,unclear,unknown,0.0,No component evidence available in current data.
GRP-XHS-6a0fd65e0000000007010d85-01,6a0fd65e0000000007010d85,unknown,Unclear,False,False,False,False,Unclear,Unclear,unclear,unknown,0.0,No component evidence available in current data.
GRP-XHS-6a0fd65e0000000007010d85-02,6a0fd65e0000000007010d85,unknown,Unclear,False,False,False,False,Unclear,Unclear,unclear,unknown,0.0,No component evidence available in current data.
GRP-XHS-6a0fd65e0000000007010d85-03,6a0fd65e0000000007010d85,unknown,Unclear,False,False,False,False,Unclear,Unclear,unclear,unknown,0.0,No component evidence available in current data.
GRP-XHS-6a0fd65e0000000007010d85-04,6a0fd65e0000000007010d85,unknown,Unclear,False,False,False,False,Unclear,Unclear,unclear,unknown,0.0,No component evidence available in current data.
GRP-XHS-6a0fd65e0000000007010d85-05,6a0fd65e0000000007010d85,unknown,Unclear,False,False,False,False,Unclear,Unclear,unclear,unknown,0.0,No component evidence available in current data.
GRP-XHS-6a0fd65e0000000007010d85-06,6a0fd65e0000000007010d85,unknown,Unclear,False,False,False,False,Unclear,Unclear,unclear,unknown,0.0,No component evidence available in current data.
GRP-XHS-6a0fd65e0000000007010d85-07,6a0fd65e0000000007010d85,unknown,Unclear,False,False,False,False,Unclear,Unclear,unclear,unknown,0.0,No component evidence available in current data.
GRP-XHS-6a0fd65e0000000007010d85-08,6a0fd65e0000000007010d85,unknown,Unclear,False,False,False,False,Unclear,Unclear,unclear,unknown,0.0,No component evidence available in current data.
GRP-XHS-6a0fd65e0000000007010d85-09,6a0fd65e0000000007010d85,unknown,Unclear,False,False,False,False,Unclear,Unclear,unclear,unknown,0.0,No component evidence available in current data.
GRP-XHS-69e7248f000000002102dd79-01,69e7248f000000002102dd79,unknown,Unclear,False,False,False,False,Unclear,Unclear,unclear,unknown,0.0,No component evidence available in current data.
GRP-XHS-69e7248f000000002102dd79-02,69e7248f000000002102dd79,unknown,Unclear,False,False,False,False,Unclear,Unclear,unclear,unknown,0.0,No component evidence available in current data.
GRP-XHS-69e7248f000000002102dd79-03,69e7248f000000002102dd79,unknown,Unclear,False,False,False,False,Unclear,Unclear,unclear,unknown,0.0,No component evidence available in current data.
GRP-XHS-69e7248f000000002102dd79-04,69e7248f000000002102dd79,unknown,Unclear,False,False,False,False,Unclear,Unclear,unclear,unknown,0.0,No component evidence available in current data.
GRP-XHS-69e7248f000000002102dd79-05,69e7248f000000002102dd79,unknown,Unclear,False,False,False,False,Unclear,Unclear,unclear,unknown,0.0,No component evidence available in current data.
GRP-XHS-69e7248f000000002102dd79-06,69e7248f000000002102dd79,unknown,Unclear,False,False,False,False,Unclear,Unclear,unclear,unknown,0.0,No component evidence available in current data.
GRP-XHS-6a0be8fa000000000702cc93-01,6a0be8fa000000000702cc93,unknown,Unclear,False,False,False,False,Unclear,Unclear,unclear,unknown,0.0,No component evidence available in current data.
GRP-XHS-6a0be8fa000000000702cc93-02,6a0be8fa000000000702cc93,unknown,Unclear,False,False,False,False,Unclear,Unclear,unclear,unknown,0.0,No component evidence available in current data.
GRP-XHS-6a0be8fa000000000702cc93-04,6a0be8fa000000000702cc93,unknown,Unclear,False,False,False,False,Unclear,Unclear,unclear,unknown,0.0,No component evidence available in current data.
GRP-XHS-6a0be8fa000000000702cc93-05,6a0be8fa000000000702cc93,unknown,Unclear,False,False,False,False,Unclear,Unclear,unclear,unknown,0.0,No component evidence available in current data.
GRP-XHS-6a0be8fa000000000702cc93-07,6a0be8fa000000000702cc93,unknown,Unclear,False,False,False,False,Unclear,Unclear,unclear,unknown,0.0,No component evidence available in current data.
GRP-XHS-6870eeb30000000010025b35-01,6870eeb30000000010025b35,unknown,Unclear,False,False,False,False,Unclear,Unclear,unclear,unknown,0.0,No component evidence available in current data.
GRP-XHS-6870eeb30000000010025b35-02,6870eeb30000000010025b35,unknown,Unclear,False,False,False,False,Unclear,Unclear,unclear,unknown,0.0,No component evidence available in current data.
GRP-XHS-6870eeb30000000010025b35-03,6870eeb30000000010025b35,unknown,Unclear,False,False,False,False,Unclear,Unclear,unclear,unknown,0.0,No component evidence available in current data.
GRP-XHS-6870eeb30000000010025b35-04,6870eeb30000000010025b35,unknown,Unclear,False,False,False,False,Unclear,Unclear,unclear,unknown,0.0,No component evidence available in current data.
GRP-XHS-6870eeb30000000010025b35-05,6870eeb30000000010025b35,unknown,Unclear,False,False,False,False,Unclear,Unclear,unclear,unknown,0.0,No component evidence available in current data.
GRP-XHS-6a0429160000000036018955-01,6a0429160000000036018955,unknown,Unclear,False,False,False,False,Unclear,Unclear,unclear,unknown,0.0,No component evidence available in current data.
GRP-XHS-6a104309000000000803ebe0-01,6a104309000000000803ebe0,unknown,Unclear,False,False,False,False,Unclear,Unclear,unclear,unknown,0.0,No component evidence available in current data.
GRP-XHS-68f6083c000000000703242f-01,68f6083c000000000703242f,unknown,Unclear,False,False,False,False,Unclear,Outdoor,unclear,text_heuristic,0.4,Component fields inferred from text evidence only.
GRP-XHS-68f6083c000000000703242f-02,68f6083c000000000703242f,unknown,Unclear,False,False,False,False,Unclear,Outdoor,unclear,text_heuristic,0.4,Component fields inferred from text evidence only.
GRP-XHS-68f6083c000000000703242f-03,68f6083c000000000703242f,unknown,Unclear,False,False,False,False,Unclear,Outdoor,unclear,text_heuristic,0.4,Component fields inferred from text evidence only.
GRP-XHS-68f6083c000000000703242f-04,68f6083c000000000703242f,unknown,Unclear,False,False,False,False,Unclear,Outdoor,unclear,text_heuristic,0.4,Component fields inferred from text evidence only.
GRP-XHS-68f6083c000000000703242f-05,68f6083c000000000703242f,unknown,Unclear,False,False,False,False,Unclear,Outdoor,unclear,text_heuristic,0.4,Component fields inferred from text evidence only.
GRP-XHS-68f6083c000000000703242f-06,68f6083c000000000703242f,unknown,Unclear,False,False,False,False,Unclear,Outdoor,unclear,text_heuristic,0.4,Component fields inferred from text evidence only.
GRP-XHS-68f6083c000000000703242f-07,68f6083c000000000703242f,unknown,Unclear,False,False,False,False,Unclear,Outdoor,unclear,text_heuristic,0.4,Component fields inferred from text evidence only.
GRP-XHS-68f6083c000000000703242f-08,68f6083c000000000703242f,unknown,Unclear,False,False,False,False,Unclear,Outdoor,unclear,text_heuristic,0.4,Component fields inferred from text evidence only.
GRP-XHS-68f6083c000000000703242f-09,68f6083c000000000703242f,unknown,Unclear,False,False,False,False,Unclear,Outdoor,unclear,text_heuristic,0.4,Component fields inferred from text evidence only.
GRP-XHS-69d11b3100000000220032d6-01,69d11b3100000000220032d6,unknown,Unclear,False,False,False,False,Unclear,Unclear,unclear,unknown,0.0,No component evidence available in current data.
GRP-XHS-69d11b3100000000220032d6-02,69d11b3100000000220032d6,unknown,Unclear,False,False,False,False,Unclear,Unclear,unclear,unknown,0.0,No component evidence available in current data.
GRP-XHS-69d11b3100000000220032d6-03,69d11b3100000000220032d6,unknown,Unclear,False,False,False,False,Unclear,Unclear,unclear,unknown,0.0,No component evidence available in current data.
GRP-XHS-69d11b3100000000220032d6-04,69d11b3100000000220032d6,unknown,Unclear,False,False,False,False,Unclear,Unclear,unclear,unknown,0.0,No component evidence available in current data.
GRP-XHS-69d11b3100000000220032d6-05,69d11b3100000000220032d6,unknown,Unclear,False,False,False,False,Unclear,Unclear,unclear,unknown,0.0,No component evidence available in current data.
GRP-XHS-69d11b3100000000220032d6-06,69d11b3100000000220032d6,unknown,Unclear,False,False,False,False,Unclear,Unclear,unclear,unknown,0.0,No component evidence available in current data.
GRP-XHS-69d11b3100000000220032d6-07,69d11b3100000000220032d6,unknown,Unclear,False,False,False,False,Unclear,Unclear,unclear,unknown,0.0,No component evidence available in current data.
GRP-XHS-69d11b3100000000220032d6-08,69d11b3100000000220032d6,unknown,Unclear,False,False,False,False,Unclear,Unclear,unclear,unknown,0.0,No component evidence available in current data.
GRP-XHS-69d11b3100000000220032d6-09,69d11b3100000000220032d6,unknown,Unclear,False,False,False,False,Unclear,Unclear,unclear,unknown,0.0,No component evidence available in current data.
GRP-XHS-69d11b3100000000220032d6-10,69d11b3100000000220032d6,unknown,Unclear,False,False,False,False,Unclear,Unclear,unclear,unknown,0.0,No component evidence available in current data.
GRP-XHS-69d11b3100000000220032d6-11,69d11b3100000000220032d6,unknown,Unclear,False,False,False,False,Unclear,Unclear,unclear,unknown,0.0,No component evidence available in current data.
GRP-XHS-6a0d2a7e00000000060310e8-01,6a0d2a7e00000000060310e8,unknown,Unclear,False,False,False,False,Unclear,Unclear,unclear,unknown,0.0,No component evidence available in current data.
GRP-XHS-6a0d2a7e00000000060310e8-02,6a0d2a7e00000000060310e8,unknown,Unclear,False,False,False,False,Unclear,Unclear,unclear,unknown,0.0,No component evidence available in current data.
GRP-XHS-6a0d2a7e00000000060310e8-03,6a0d2a7e00000000060310e8,unknown,Unclear,False,False,False,False,Unclear,Unclear,unclear,unknown,0.0,No component evidence available in current data.
GRP-XHS-6a0d2a7e00000000060310e8-04,6a0d2a7e00000000060310e8,unknown,Unclear,False,False,False,False,Unclear,Unclear,unclear,unknown,0.0,No component evidence available in current data.
GRP-XHS-6a0d2a7e00000000060310e8-05,6a0d2a7e00000000060310e8,unknown,Unclear,False,False,False,False,Unclear,Unclear,unclear,unknown,0.0,No component evidence available in current data.
GRP-XHS-6a0d2a7e00000000060310e8-06,6a0d2a7e00000000060310e8,unknown,Unclear,False,False,False,False,Unclear,Unclear,unclear,unknown,0.0,No component evidence available in current data.
GRP-XHS-6a0d2a7e00000000060310e8-07,6a0d2a7e00000000060310e8,unknown,Unclear,False,False,False,False,Unclear,Unclear,unclear,unknown,0.0,No component evidence available in current data.
GRP-XHS-6a0d2a7e00000000060310e8-08,6a0d2a7e00000000060310e8,unknown,Unclear,False,False,False,False,Unclear,Unclear,unclear,unknown,0.0,No component evidence available in current data.
GRP-XHS-6a0d2a7e00000000060310e8-09,6a0d2a7e00000000060310e8,unknown,Unclear,False,False,False,False,Unclear,Unclear,unclear,unknown,0.0,No component evidence available in current data.
GRP-XHS-6a0d2a7e00000000060310e8-10,6a0d2a7e00000000060310e8,unknown,Unclear,False,False,False,False,Unclear,Unclear,unclear,unknown,0.0,No component evidence available in current data.
GRP-XHS-6a0ed2bb000000000803cd34-01,6a0ed2bb000000000803cd34,unknown,Unclear,False,False,False,False,Unclear,Outdoor,unclear,text_heuristic,0.4,Component fields inferred from text evidence only.
GRP-XHS-6a0ed2bb000000000803cd34-02,6a0ed2bb000000000803cd34,unknown,Unclear,False,False,False,False,Unclear,Outdoor,unclear,text_heuristic,0.4,Component fields inferred from text evidence only.
GRP-XHS-6a0ed2bb000000000803cd34-03,6a0ed2bb000000000803cd34,unknown,Unclear,False,False,False,False,Unclear,Outdoor,unclear,text_heuristic,0.4,Component fields inferred from text evidence only.
GRP-XHS-6a0ed2bb000000000803cd34-04,6a0ed2bb000000000803cd34,unknown,Unclear,False,False,False,False,Unclear,Outdoor,unclear,text_heuristic,0.4,Component fields inferred from text evidence only.
GRP-XHS-6a0ed2bb000000000803cd34-05,6a0ed2bb000000000803cd34,unknown,Unclear,False,False,False,False,Unclear,Outdoor,unclear,text_heuristic,0.4,Component fields inferred from text evidence only.
GRP-XHS-6a0ed2bb000000000803cd34-07,6a0ed2bb000000000803cd34,unknown,Unclear,False,False,False,False,Unclear,Outdoor,unclear,text_heuristic,0.4,Component fields inferred from text evidence only.
GRP-XHS-6a0ed2bb000000000803cd34-08,6a0ed2bb000000000803cd34,unknown,Unclear,False,False,False,False,Unclear,Outdoor,unclear,text_heuristic,0.4,Component fields inferred from text evidence only.
GRP-XHS-6a0d34f40000000007022e4b-01,6a0d34f40000000007022e4b,unknown,Unclear,False,False,False,False,Unclear,Unclear,unclear,unknown,0.0,No component evidence available in current data.
GRP-XHS-6a0d34f40000000007022e4b-03,6a0d34f40000000007022e4b,unknown,Unclear,False,False,False,False,Unclear,Unclear,unclear,unknown,0.0,No component evidence available in current data.
GRP-XHS-6a0d34f40000000007022e4b-04,6a0d34f40000000007022e4b,unknown,Unclear,False,False,False,False,Unclear,Unclear,unclear,unknown,0.0,No component evidence available in current data.
GRP-XHS-6a0d34f40000000007022e4b-05,6a0d34f40000000007022e4b,unknown,Unclear,False,False,False,False,Unclear,Unclear,unclear,unknown,0.0,No component evidence available in current data.
GRP-XHS-6a0d34f40000000007022e4b-06,6a0d34f40000000007022e4b,unknown,Unclear,False,False,False,False,Unclear,Unclear,unclear,unknown,0.0,No component evidence available in current data.
GRP-XHS-6a0d34f40000000007022e4b-07,6a0d34f40000000007022e4b,unknown,Unclear,False,False,False,False,Unclear,Unclear,unclear,unknown,0.0,No component evidence available in current data.
GRP-XHS-6a0d34f40000000007022e4b-08,6a0d34f40000000007022e4b,unknown,Unclear,False,False,False,False,Unclear,Unclear,unclear,unknown,0.0,No component evidence available in current data.
GRP-XHS-6a03b44f000000003701e815-01,6a03b44f000000003701e815,unknown,Unclear,False,False,False,False,Unclear,Unclear,unclear,unknown,0.0,No component evidence available in current data.
GRP-XHS-69f08beb0000000035022b23-01,69f08beb0000000035022b23,unknown,Unclear,False,False,False,False,Unclear,Outdoor,unclear,text_heuristic,0.4,Component fields inferred from text evidence only.
GRP-XHS-6a0a56280000000008001c9d-01,6a0a56280000000008001c9d,unknown,Unclear,False,False,False,False,Unclear,Unclear,unclear,unknown,0.0,No component evidence available in current data.
GRP-XHS-69f1cf5200000000350389b9-01,69f1cf5200000000350389b9,unknown,Unclear,False,False,False,False,Unclear,Unclear,unclear,unknown,0.0,No component evidence available in current data.
GRP-XHS-69f1cf5200000000350389b9-02,69f1cf5200000000350389b9,unknown,Unclear,False,False,False,False,Unclear,Unclear,unclear,unknown,0.0,No component evidence available in current data.
GRP-XHS-69f1cf5200000000350389b9-03,69f1cf5200000000350389b9,unknown,Unclear,False,False,False,False,Unclear,Unclear,unclear,unknown,0.0,No component evidence available in current data.
GRP-XHS-69f1cf5200000000350389b9-04,69f1cf5200000000350389b9,unknown,Unclear,False,False,False,False,Unclear,Unclear,unclear,unknown,0.0,No component evidence available in current data.
GRP-XHS-69f1cf5200000000350389b9-05,69f1cf5200000000350389b9,unknown,Unclear,False,False,False,False,Unclear,Unclear,unclear,unknown,0.0,No component evidence available in current data.
GRP-XHS-69f1cf5200000000350389b9-06,69f1cf5200000000350389b9,unknown,Unclear,False,False,False,False,Unclear,Unclear,unclear,unknown,0.0,No component evidence available in current data.
GRP-XHS-69f1cf5200000000350389b9-07,69f1cf5200000000350389b9,unknown,Unclear,False,False,False,False,Unclear,Unclear,unclear,unknown,0.0,No component evidence available in current data.
GRP-XHS-69f1cf5200000000350389b9-08,69f1cf5200000000350389b9,unknown,Unclear,False,False,False,False,Unclear,Unclear,unclear,unknown,0.0,No component evidence available in current data.
GRP-XHS-684bf88e000000002102d871-01,684bf88e000000002102d871,unknown,Unclear,False,False,False,False,Unclear,Unclear,unclear,unknown,0.0,No component evidence available in current data.
GRP-XHS-68c37ba0000000001d02c498-01,68c37ba0000000001d02c498,unknown,Unclear,False,False,False,False,Unclear,Unclear,unclear,unknown,0.0,No component evidence available in current data.
GRP-XHS-68c37ba0000000001d02c498-02,68c37ba0000000001d02c498,unknown,Unclear,False,False,False,False,Unclear,Unclear,unclear,unknown,0.0,No component evidence available in current data.
GRP-XHS-68c37ba0000000001d02c498-03,68c37ba0000000001d02c498,unknown,Unclear,False,False,False,False,Unclear,Unclear,unclear,unknown,0.0,No component evidence available in current data.
GRP-XHS-68c37ba0000000001d02c498-04,68c37ba0000000001d02c498,unknown,Unclear,False,False,False,False,Unclear,Unclear,unclear,unknown,0.0,No component evidence available in current data.
GRP-XHS-6a0c5cb2000000003502e4b5-01,6a0c5cb2000000003502e4b5,unknown,Unclear,False,False,False,False,Unclear,Outdoor,unclear,text_heuristic,0.4,Component fields inferred from text evidence only.
GRP-XHS-6a0c5cb2000000003502e4b5-02,6a0c5cb2000000003502e4b5,unknown,Unclear,False,False,False,False,Unclear,Outdoor,unclear,text_heuristic,0.4,Component fields inferred from text evidence only.
GRP-XHS-6a0c5cb2000000003502e4b5-03,6a0c5cb2000000003502e4b5,unknown,Unclear,False,False,False,False,Unclear,Outdoor,unclear,text_heuristic,0.4,Component fields inferred from text evidence only.
GRP-XHS-6a0c5cb2000000003502e4b5-04,6a0c5cb2000000003502e4b5,unknown,Unclear,False,False,False,False,Unclear,Outdoor,unclear,text_heuristic,0.4,Component fields inferred from text evidence only.
GRP-XHS-6a0c5cb2000000003502e4b5-05,6a0c5cb2000000003502e4b5,unknown,Unclear,False,False,False,False,Unclear,Outdoor,unclear,text_heuristic,0.4,Component fields inferred from text evidence only.
GRP-XHS-6a0c5cb2000000003502e4b5-06,6a0c5cb2000000003502e4b5,unknown,Unclear,False,False,False,False,Unclear,Outdoor,unclear,text_heuristic,0.4,Component fields inferred from text evidence only.
GRP-XHS-6a0c5cb2000000003502e4b5-07,6a0c5cb2000000003502e4b5,unknown,Unclear,False,False,False,False,Unclear,Outdoor,unclear,text_heuristic,0.4,Component fields inferred from text evidence only.
GRP-XHS-6a0c5cb2000000003502e4b5-08,6a0c5cb2000000003502e4b5,unknown,Unclear,False,False,False,False,Unclear,Outdoor,unclear,text_heuristic,0.4,Component fields inferred from text evidence only.
GRP-XHS-6a0c5cb2000000003502e4b5-09,6a0c5cb2000000003502e4b5,unknown,Unclear,False,False,False,False,Unclear,Outdoor,unclear,text_heuristic,0.4,Component fields inferred from text evidence only.
GRP-XHS-6a0c5cb2000000003502e4b5-10,6a0c5cb2000000003502e4b5,unknown,Unclear,False,False,False,False,Unclear,Outdoor,unclear,text_heuristic,0.4,Component fields inferred from text evidence only.
GRP-XHS-6a05510b0000000036031cbe-01,6a05510b0000000036031cbe,unknown,Unclear,False,False,False,False,Unclear,Unclear,unclear,unknown,0.0,No component evidence available in current data.
GRP-XHS-6a05510b0000000036031cbe-02,6a05510b0000000036031cbe,unknown,Unclear,False,False,False,False,Unclear,Unclear,unclear,unknown,0.0,No component evidence available in current data.
GRP-XHS-6a05510b0000000036031cbe-03,6a05510b0000000036031cbe,unknown,Unclear,False,False,False,False,Unclear,Unclear,unclear,unknown,0.0,No component evidence available in current data.
GRP-XHS-6a05510b0000000036031cbe-04,6a05510b0000000036031cbe,unknown,Unclear,False,False,False,False,Unclear,Unclear,unclear,unknown,0.0,No component evidence available in current data.
GRP-XHS-6a0aa1b7000000003601ec65-01,6a0aa1b7000000003601ec65,unknown,Unclear,False,False,False,False,Unclear,Unclear,unclear,unknown,0.0,No component evidence available in current data.
GRP-XHS-6a07567c000000000800167d-01,6a07567c000000000800167d,unknown,Unclear,False,False,False,False,Unclear,Unclear,unclear,unknown,0.0,No component evidence available in current data.
GRP-XHS-687616360000000024008944-01,687616360000000024008944,unknown,Unclear,False,False,False,False,Unclear,Unclear,unclear,unknown,0.0,No component evidence available in current data.
GRP-XHS-69fc8174000000001f005fe7-01,69fc8174000000001f005fe7,unknown,Unclear,False,False,False,False,Unclear,Unclear,unclear,unknown,0.0,No component evidence available in current data.
GRP-XHS-69fc8174000000001f005fe7-02,69fc8174000000001f005fe7,unknown,Unclear,False,False,False,False,Unclear,Unclear,unclear,unknown,0.0,No component evidence available in current data.
GRP-XHS-69fc8174000000001f005fe7-03,69fc8174000000001f005fe7,unknown,Unclear,False,False,False,False,Unclear,Unclear,unclear,unknown,0.0,No component evidence available in current data.
GRP-XHS-69fc8174000000001f005fe7-05,69fc8174000000001f005fe7,unknown,Unclear,False,False,False,False,Unclear,Unclear,unclear,unknown,0.0,No component evidence available in current data.
GRP-XHS-69fd66fd000000003601d750-01,69fd66fd000000003601d750,unknown,Unclear,False,False,False,False,Unclear,Unclear,unclear,unknown,0.0,No component evidence available in current data.
GRP-XHS-69fd66fd000000003601d750-02,69fd66fd000000003601d750,unknown,Unclear,False,False,False,False,Unclear,Unclear,unclear,unknown,0.0,No component evidence available in current data.
GRP-XHS-69fd66fd000000003601d750-03,69fd66fd000000003601d750,unknown,Unclear,False,False,False,False,Unclear,Unclear,unclear,unknown,0.0,No component evidence available in current data.
GRP-XHS-69fd66fd000000003601d750-05,69fd66fd000000003601d750,unknown,Unclear,False,False,False,False,Unclear,Unclear,unclear,unknown,0.0,No component evidence available in current data.
GRP-XHS-69fd66fd000000003601d750-06,69fd66fd000000003601d750,unknown,Unclear,False,False,False,False,Unclear,Unclear,unclear,unknown,0.0,No component evidence available in current data.
GRP-XHS-69fd66fd000000003601d750-09,69fd66fd000000003601d750,unknown,Unclear,False,False,False,False,Unclear,Unclear,unclear,unknown,0.0,No component evidence available in current data.
GRP-XHS-6a0a63a4000000000803e2f7-01,6a0a63a4000000000803e2f7,unknown,Unclear,False,False,False,False,Unclear,Unclear,unclear,unknown,0.0,No component evidence available in current data.
GRP-XHS-6a0ee0480000000035039a6c-01,6a0ee0480000000035039a6c,unknown,Unclear,False,False,False,False,Unclear,Unclear,unclear,unknown,0.0,No component evidence available in current data.
GRP-XHS-698c2730000000001a029b8f-01,698c2730000000001a029b8f,unknown,Unclear,False,False,False,False,Unclear,Unclear,unclear,unknown,0.0,No component evidence available in current data.
GRP-XHS-69870ff70000000009039a7b-01,69870ff70000000009039a7b,unknown,Unclear,False,False,False,False,Unclear,Unclear,unclear,unknown,0.0,No component evidence available in current data.
GRP-XHS-69870ff70000000009039a7b-02,69870ff70000000009039a7b,unknown,Unclear,False,False,False,False,Unclear,Unclear,unclear,unknown,0.0,No component evidence available in current data.
GRP-XHS-69870ff70000000009039a7b-03,69870ff70000000009039a7b,unknown,Unclear,False,False,False,False,Unclear,Unclear,unclear,unknown,0.0,No component evidence available in current data.
GRP-XHS-69870ff70000000009039a7b-04,69870ff70000000009039a7b,unknown,Unclear,False,False,False,False,Unclear,Unclear,unclear,unknown,0.0,No component evidence available in current data.
GRP-XHS-69870ff70000000009039a7b-05,69870ff70000000009039a7b,unknown,Unclear,False,False,False,False,Unclear,Unclear,unclear,unknown,0.0,No component evidence available in current data.
GRP-XHS-69870ff70000000009039a7b-06,69870ff70000000009039a7b,unknown,Unclear,False,False,False,False,Unclear,Unclear,unclear,unknown,0.0,No component evidence available in current data.
GRP-XHS-69870ff70000000009039a7b-07,69870ff70000000009039a7b,unknown,Unclear,False,False,False,False,Unclear,Unclear,unclear,unknown,0.0,No component evidence available in current data.
GRP-XHS-69870ff70000000009039a7b-08,69870ff70000000009039a7b,unknown,Unclear,False,False,False,False,Unclear,Unclear,unclear,unknown,0.0,No component evidence available in current data.
GRP-XHS-69870ff70000000009039a7b-09,69870ff70000000009039a7b,unknown,Unclear,False,False,False,False,Unclear,Unclear,unclear,unknown,0.0,No component evidence available in current data.
GRP-XHS-6959103e000000001f00f209-01,6959103e000000001f00f209,unknown,Unclear,False,False,False,False,Unclear,Unclear,unclear,unknown,0.0,No component evidence available in current data.
GRP-XHS-6959103e000000001f00f209-02,6959103e000000001f00f209,unknown,Unclear,False,False,False,False,Unclear,Unclear,unclear,unknown,0.0,No component evidence available in current data.
GRP-XHS-6959103e000000001f00f209-03,6959103e000000001f00f209,unknown,Unclear,False,False,False,False,Unclear,Unclear,unclear,unknown,0.0,No component evidence available in current data.
GRP-XHS-698f2ffe000000000e00e50f-01,698f2ffe000000000e00e50f,unknown,Unclear,False,False,False,False,Unclear,Outdoor,unclear,text_heuristic,0.4,Component fields inferred from text evidence only.
GRP-XHS-698f2ffe000000000e00e50f-02,698f2ffe000000000e00e50f,unknown,Unclear,False,False,False,False,Unclear,Outdoor,unclear,text_heuristic,0.4,Component fields inferred from text evidence only.
GRP-XHS-698f2ffe000000000e00e50f-03,698f2ffe000000000e00e50f,unknown,Unclear,False,False,False,False,Unclear,Outdoor,unclear,text_heuristic,0.4,Component fields inferred from text evidence only.
GRP-XHS-698f2ffe000000000e00e50f-04,698f2ffe000000000e00e50f,unknown,Unclear,False,False,False,False,Unclear,Outdoor,unclear,text_heuristic,0.4,Component fields inferred from text evidence only.
GRP-XHS-698f2ffe000000000e00e50f-05,698f2ffe000000000e00e50f,unknown,Unclear,False,False,False,False,Unclear,Outdoor,unclear,text_heuristic,0.4,Component fields inferred from text evidence only.
GRP-XHS-698f2ffe000000000e00e50f-06,698f2ffe000000000e00e50f,unknown,Unclear,False,False,False,False,Unclear,Outdoor,unclear,text_heuristic,0.4,Component fields inferred from text evidence only.
GRP-XHS-698f2ffe000000000e00e50f-07,698f2ffe000000000e00e50f,unknown,Unclear,False,False,False,False,Unclear,Outdoor,unclear,text_heuristic,0.4,Component fields inferred from text evidence only.
GRP-XHS-69fb02180000000036030612-01,69fb02180000000036030612,unknown,Unclear,False,False,False,False,Unclear,Unclear,unclear,unknown,0.0,No component evidence available in current data.
GRP-XHS-69fb02180000000036030612-02,69fb02180000000036030612,unknown,Unclear,False,False,False,False,Unclear,Unclear,unclear,unknown,0.0,No component evidence available in current data.
GRP-XHS-69fb02180000000036030612-03,69fb02180000000036030612,unknown,Unclear,False,False,False,False,Unclear,Unclear,unclear,unknown,0.0,No component evidence available in current data.
GRP-XHS-69fb02180000000036030612-04,69fb02180000000036030612,unknown,Unclear,False,False,False,False,Unclear,Unclear,unclear,unknown,0.0,No component evidence available in current data.
GRP-XHS-6a094ab10000000036003739-01,6a094ab10000000036003739,unknown,Unclear,False,False,False,False,Unclear,Unclear,unclear,unknown,0.0,No component evidence available in current data.
GRP-XHS-6a0d911d000000003701c98a-01,6a0d911d000000003701c98a,unknown,Unclear,False,False,False,False,Unclear,Unclear,unclear,unknown,0.0,No component evidence available in current data.
GRP-XHS-6a0d911d000000003701c98a-02,6a0d911d000000003701c98a,unknown,Unclear,False,False,False,False,Unclear,Unclear,unclear,unknown,0.0,No component evidence available in current data.
GRP-XHS-6a0d911d000000003701c98a-03,6a0d911d000000003701c98a,unknown,Unclear,False,False,False,False,Unclear,Unclear,unclear,unknown,0.0,No component evidence available in current data.
GRP-XHS-6a0d911d000000003701c98a-04,6a0d911d000000003701c98a,unknown,Unclear,False,False,False,False,Unclear,Unclear,unclear,unknown,0.0,No component evidence available in current data.
GRP-XHS-6a0d911d000000003701c98a-07,6a0d911d000000003701c98a,unknown,Unclear,False,False,False,False,Unclear,Unclear,unclear,unknown,0.0,No component evidence available in current data.
GRP-XHS-6a0d911d000000003701c98a-10,6a0d911d000000003701c98a,unknown,Unclear,False,False,False,False,Unclear,Unclear,unclear,unknown,0.0,No component evidence available in current data.
GRP-XHS-6a0d911d000000003701c98a-11,6a0d911d000000003701c98a,unknown,Unclear,False,False,False,False,Unclear,Unclear,unclear,unknown,0.0,No component evidence available in current data.
GRP-XHS-6a0831bc000000003701f189-01,6a0831bc000000003701f189,unknown,Unclear,False,False,False,False,Unclear,Unclear,unclear,unknown,0.0,No component evidence available in current data.
GRP-XHS-69fd53090000000035032d07-01,69fd53090000000035032d07,unknown,Unclear,False,False,False,False,Unclear,Unclear,unclear,unknown,0.0,No component evidence available in current data.
GRP-XHS-69fd53090000000035032d07-02,69fd53090000000035032d07,unknown,Unclear,False,False,False,False,Unclear,Unclear,unclear,unknown,0.0,No component evidence available in current data.
GRP-XHS-69fd53090000000035032d07-03,69fd53090000000035032d07,unknown,Unclear,False,False,False,False,Unclear,Unclear,unclear,unknown,0.0,No component evidence available in current data.
GRP-XHS-69fd53090000000035032d07-04,69fd53090000000035032d07,unknown,Unclear,False,False,False,False,Unclear,Unclear,unclear,unknown,0.0,No component evidence available in current data.
GRP-XHS-69fd53090000000035032d07-05,69fd53090000000035032d07,unknown,Unclear,False,False,False,False,Unclear,Unclear,unclear,unknown,0.0,No component evidence available in current data.
GRP-XHS-69ba2963000000001f004781-01,69ba2963000000001f004781,unknown,Unclear,False,False,False,False,Unclear,Unclear,unclear,unknown,0.0,No component evidence available in current data.
GRP-XHS-69ba2963000000001f004781-02,69ba2963000000001f004781,unknown,Unclear,False,False,False,False,Unclear,Unclear,unclear,unknown,0.0,No component evidence available in current data.
GRP-XHS-6a0c506e0000000035027990-01,6a0c506e0000000035027990,unknown,Unclear,False,False,False,False,Unclear,Outdoor,unclear,text_heuristic,0.4,Component fields inferred from text evidence only.
GRP-XHS-69aa7efe00000000150301fb-01,69aa7efe00000000150301fb,unknown,Unclear,False,False,False,False,Unclear,Urban_Commute,unclear,text_heuristic,0.4,Component fields inferred from text evidence only.
GRP-XHS-69aa7efe00000000150301fb-02,69aa7efe00000000150301fb,unknown,Unclear,False,False,False,False,Unclear,Urban_Commute,unclear,text_heuristic,0.4,Component fields inferred from text evidence only.
GRP-XHS-69aa7efe00000000150301fb-03,69aa7efe00000000150301fb,unknown,Unclear,False,False,False,False,Unclear,Urban_Commute,unclear,text_heuristic,0.4,Component fields inferred from text evidence only.
GRP-XHS-69aa7efe00000000150301fb-04,69aa7efe00000000150301fb,unknown,Unclear,False,False,False,False,Unclear,Urban_Commute,unclear,text_heuristic,0.4,Component fields inferred from text evidence only.
GRP-XHS-68f62e630000000004016ee4-01,68f62e630000000004016ee4,unknown,Unclear,False,False,False,False,Unclear,Unclear,unclear,unknown,0.0,No component evidence available in current data.
GRP-XHS-68f62e630000000004016ee4-03,68f62e630000000004016ee4,unknown,Unclear,False,False,False,False,Unclear,Unclear,unclear,unknown,0.0,No component evidence available in current data.
GRP-XHS-68f62e630000000004016ee4-04,68f62e630000000004016ee4,unknown,Unclear,False,False,False,False,Unclear,Unclear,unclear,unknown,0.0,No component evidence available in current data.
GRP-XHS-69cf7fd0000000001f00721c-01,69cf7fd0000000001f00721c,unknown,Unclear,False,False,False,False,Unclear,Unclear,unclear,unknown,0.0,No component evidence available in current data.
GRP-XHS-69cf7fd0000000001f00721c-02,69cf7fd0000000001f00721c,unknown,Unclear,False,False,False,False,Unclear,Unclear,unclear,unknown,0.0,No component evidence available in current data.
GRP-XHS-69cf7fd0000000001f00721c-03,69cf7fd0000000001f00721c,unknown,Unclear,False,False,False,False,Unclear,Unclear,unclear,unknown,0.0,No component evidence available in current data.
GRP-XHS-68d10c96000000001203c996-01,68d10c96000000001203c996,unknown,Unclear,False,False,False,False,Unclear,Unclear,unclear,unknown,0.0,No component evidence available in current data.
GRP-XHS-68d10c96000000001203c996-02,68d10c96000000001203c996,unknown,Unclear,False,False,False,False,Unclear,Unclear,unclear,unknown,0.0,No component evidence available in current data.
GRP-XHS-68d10c96000000001203c996-03,68d10c96000000001203c996,unknown,Unclear,False,False,False,False,Unclear,Unclear,unclear,unknown,0.0,No component evidence available in current data.
GRP-XHS-685bd7dc000000000b02dc23-01,685bd7dc000000000b02dc23,unknown,Unclear,False,False,False,False,Unclear,Unclear,unclear,unknown,0.0,No component evidence available in current data.
