Image_ID,note_id,Source_ID,keyword,title_text,raw_text,publish_time_resolved,image_path,Primary_HEX,Secondary_HEX,Dominant_Color_Name,Color_Family,Pockets,Zipper_Type,Drawcord,Buckle,Reflective,Hood,Fit,Scenario,Visual_Weight,Text_Keywords,Text_Pain_Points,Text_Sentiment,Text_Sentiment_Score,Text_Color_Terms,Text_Material_Terms,Text_Function_Terms,Text_Scenario_Terms,Gorpcore_Relevance,Final_Confidence,Component_Source,Component_Confidence,Color_Extraction_Status
GRP-XHS-697b27ff000000002103cb21-01,697b27ff000000002103cb21,GRP-XHS-697b27ff000000002103cb21,#机能风穿搭,Oakley FW2026 机能户外风LOOK BOOK,Oakley FW2026 机能户外风LOOK BOOK,2026-01-29,Dataset/xhs/xiaohongshu_images/机能风穿搭/697b27ff000000002103cb21/image_01.webp,#A8AAAA,#898886,gray,gray,unknown,Unclear,False,False,False,False,Unclear,Outdoor,unclear,户外,,neutral,,,,,户外,,0.4,text_heuristic,0.4,ok
GRP-XHS-697b27ff000000002103cb21-02,697b27ff000000002103cb21,GRP-XHS-697b27ff000000002103cb21,#机能风穿搭,Oakley FW2026 机能户外风LOOK BOOK,Oakley FW2026 机能户外风LOOK BOOK,2026-01-29,Dataset/xhs/xiaohongshu_images/机能风穿搭/697b27ff000000002103cb21/image_02.webp,#C1C4C2,#85837E,gray,gray,unknown,Unclear,False,False,False,False,Unclear,Outdoor,unclear,户外,,neutral,,,,,户外,,0.4,text_heuristic,0.4,ok
GRP-XHS-697b27ff000000002103cb21-03,697b27ff000000002103cb21,GRP-XHS-697b27ff000000002103cb21,#机能风穿搭,Oakley FW2026 机能户外风LOOK BOOK,Oakley FW2026 机能户外风LOOK BOOK,2026-01-29,Dataset/xhs/xiaohongshu_images/机能风穿搭/697b27ff000000002103cb21/image_03.webp,#222120,#C1C2C3,black,black,unknown,Unclear,False,False,False,False,Unclear,Outdoor,unclear,户外,,neutral,,,,,户外,,0.4,text_heuristic,0.4,ok
GRP-XHS-697b27ff000000002103cb21-05,697b27ff000000002103cb21,GRP-XHS-697b27ff000000002103cb21,#机能风穿搭,Oakley FW2026 机能户外风LOOK BOOK,Oakley FW2026 机能户外风LOOK BOOK,2026-01-29,Dataset/xhs/xiaohongshu_images/机能风穿搭/697b27ff000000002103cb21/image_05.webp,#8B8C89,#A5A9A8,gray,gray,unknown,Unclear,False,False,False,False,Unclear,Outdoor,unclear,户外,,neutral,,,,,户外,,0.4,text_heuristic,0.4,ok
GRP-XHS-697b27ff000000002103cb21-06,697b27ff000000002103cb21,GRP-XHS-697b27ff000000002103cb21,#机能风穿搭,Oakley FW2026 机能户外风LOOK BOOK,Oakley FW2026 机能户外风LOOK BOOK,2026-01-29,Dataset/xhs/xiaohongshu_images/机能风穿搭/697b27ff000000002103cb21/image_06.webp,#C0C2C3,#544F41,gray,gray,unknown,Unclear,False,False,False,False,Unclear,Outdoor,unclear,户外,,neutral,,,,,户外,,0.4,text_heuristic,0.4,ok
GRP-XHS-697b27ff000000002103cb21-07,697b27ff000000002103cb21,GRP-XHS-697b27ff000000002103cb21,#机能风穿搭,Oakley FW2026 机能户外风LOOK BOOK,Oakley FW2026 机能户外风LOOK BOOK,2026-01-29,Dataset/xhs/xiaohongshu_images/机能风穿搭/697b27ff000000002103cb21/image_07.webp,#282622,#C3C5C6,black,black,unknown,Unclear,False,False,False,False,Unclear,Outdoor,unclear,户外,,neutral,,,,,户外,,0.4,text_heuristic,0.4,ok
GRP-XHS-697b27ff000000002103cb21-08,697b27ff000000002103cb21,GRP-XHS-697b27ff000000002103cb21,#机能风穿搭,Oakley FW2026 机能户外风LOOK BOOK,Oakley FW2026 机能户外风LOOK BOOK,2026-01-29,Dataset/xhs/xiaohongshu_images/机能风穿搭/697b27ff000000002103cb21/image_08.webp,#8C8B89,#BCBDBE,gray,gray,unknown,Unclear,False,False,False,False,Unclear,Outdoor,unclear,户外,,neutral,,,,,户外,,0.4,text_heuristic,0.4,ok
GRP-XHS-68b41359000000001c00e570-01,68b41359000000001c00e570,GRP-XHS-68b41359000000001c00e570,#机能风穿搭,就以机能风拽酷入秋🎱,就以机能风拽酷入秋🎱,2025-09-10,Dataset/xhs/xiaohongshu_images/机能风穿搭/68b41359000000001c00e570/image_01.webp,#CACFCA,#0D0E11,gray,gray,unknown,Unclear,False,False,False,False,Unclear,Unclear,unclear,机能风,,neutral,,,,,,,,unknown,0.0,ok
GRP-XHS-68b41359000000001c00e570-02,68b41359000000001c00e570,GRP-XHS-68b41359000000001c00e570,#机能风穿搭,就以机能风拽酷入秋🎱,就以机能风拽酷入秋🎱,2025-09-10,Dataset/xhs/xiaohongshu_images/机能风穿搭/68b41359000000001c00e570/image_02.webp,#EAEEEB,#C1C6BF,white,white,unknown,Unclear,False,False,False,False,Unclear,Unclear,unclear,机能风,,neutral,,,,,,,,unknown,0.0,ok
GRP-XHS-68b41359000000001c00e570-05,68b41359000000001c00e570,GRP-XHS-68b41359000000001c00e570,#机能风穿搭,就以机能风拽酷入秋🎱,就以机能风拽酷入秋🎱,2025-09-10,Dataset/xhs/xiaohongshu_images/机能风穿搭/68b41359000000001c00e570/image_05.webp,#F2F4EF,#414141,white,white,unknown,Unclear,False,False,False,False,Unclear,Unclear,unclear,机能风,,neutral,,,,,,,,unknown,0.0,ok
GRP-XHS-68b41359000000001c00e570-08,68b41359000000001c00e570,GRP-XHS-68b41359000000001c00e570,#机能风穿搭,就以机能风拽酷入秋🎱,就以机能风拽酷入秋🎱,2025-09-10,Dataset/xhs/xiaohongshu_images/机能风穿搭/68b41359000000001c00e570/image_08.webp,#F8FAFA,#CBD0CC,white,white,unknown,Unclear,False,False,False,False,Unclear,Unclear,unclear,机能风,,neutral,,,,,,,,unknown,0.0,ok
GRP-XHS-68b41359000000001c00e570-09,68b41359000000001c00e570,GRP-XHS-68b41359000000001c00e570,#机能风穿搭,就以机能风拽酷入秋🎱,就以机能风拽酷入秋🎱,2025-09-10,Dataset/xhs/xiaohongshu_images/机能风穿搭/68b41359000000001c00e570/image_09.webp,#87898B,#656769,gray,gray,unknown,Unclear,False,False,False,False,Unclear,Unclear,unclear,机能风,,neutral,,,,,,,,unknown,0.0,ok
GRP-XHS-68b41359000000001c00e570-10,68b41359000000001c00e570,GRP-XHS-68b41359000000001c00e570,#机能风穿搭,就以机能风拽酷入秋🎱,就以机能风拽酷入秋🎱,2025-09-10,Dataset/xhs/xiaohongshu_images/机能风穿搭/68b41359000000001c00e570/image_10.webp,#D0D5D0,#EDF1EE,white,white,unknown,Unclear,False,False,False,False,Unclear,Unclear,unclear,机能风,,neutral,,,,,,,,unknown,0.0,ok
GRP-XHS-68b41359000000001c00e570-11,68b41359000000001c00e570,GRP-XHS-68b41359000000001c00e570,#机能风穿搭,就以机能风拽酷入秋🎱,就以机能风拽酷入秋🎱,2025-09-10,Dataset/xhs/xiaohongshu_images/机能风穿搭/68b41359000000001c00e570/image_11.webp,#E9EDE9,#3D3D40,white,white,unknown,Unclear,False,False,False,False,Unclear,Unclear,unclear,机能风,,neutral,,,,,,,,unknown,0.0,ok
GRP-XHS-68b41359000000001c00e570-12,68b41359000000001c00e570,GRP-XHS-68b41359000000001c00e570,#机能风穿搭,就以机能风拽酷入秋🎱,就以机能风拽酷入秋🎱,2025-09-10,Dataset/xhs/xiaohongshu_images/机能风穿搭/68b41359000000001c00e570/image_12.webp,#F7F8F7,#76767A,white,white,unknown,Unclear,False,False,False,False,Unclear,Unclear,unclear,机能风,,neutral,,,,,,,,unknown,0.0,ok
GRP-XHS-68b41359000000001c00e570-14,68b41359000000001c00e570,GRP-XHS-68b41359000000001c00e570,#机能风穿搭,就以机能风拽酷入秋🎱,就以机能风拽酷入秋🎱,2025-09-10,Dataset/xhs/xiaohongshu_images/机能风穿搭/68b41359000000001c00e570/image_14.webp,#F7F9F5,#1C1E20,white,white,unknown,Unclear,False,False,False,False,Unclear,Unclear,unclear,机能风,,neutral,,,,,,,,unknown,0.0,ok
GRP-XHS-68b41359000000001c00e570-15,68b41359000000001c00e570,GRP-XHS-68b41359000000001c00e570,#机能风穿搭,就以机能风拽酷入秋🎱,就以机能风拽酷入秋🎱,2025-09-10,Dataset/xhs/xiaohongshu_images/机能风穿搭/68b41359000000001c00e570/image_15.webp,#F0F3EF,#3D3D3D,white,white,unknown,Unclear,False,False,False,False,Unclear,Unclear,unclear,机能风,,neutral,,,,,,,,unknown,0.0,ok
GRP-XHS-6974594d000000001a034f55-01,6974594d000000001a034f55,GRP-XHS-6974594d000000001a034f55,#机能风穿搭,早秋｜中性风穿搭合集,早秋｜中性风穿搭合集,2026-01-24,Dataset/xhs/xiaohongshu_images/机能风穿搭/6974594d000000001a034f55/image_01.webp,#16171B,#838280,black,black,unknown,Unclear,False,False,False,False,Unclear,Unclear,unclear,穿搭,,neutral,,,,,,,,unknown,0.0,ok
GRP-XHS-6974594d000000001a034f55-02,6974594d000000001a034f55,GRP-XHS-6974594d000000001a034f55,#机能风穿搭,早秋｜中性风穿搭合集,早秋｜中性风穿搭合集,2026-01-24,Dataset/xhs/xiaohongshu_images/机能风穿搭/6974594d000000001a034f55/image_02.webp,#DEE1DF,#858785,white,white,unknown,Unclear,False,False,False,False,Unclear,Unclear,unclear,穿搭,,neutral,,,,,,,,unknown,0.0,ok
GRP-XHS-6974594d000000001a034f55-03,6974594d000000001a034f55,GRP-XHS-6974594d000000001a034f55,#机能风穿搭,早秋｜中性风穿搭合集,早秋｜中性风穿搭合集,2026-01-24,Dataset/xhs/xiaohongshu_images/机能风穿搭/6974594d000000001a034f55/image_03.webp,#0E1013,#DBDEDD,black,black,unknown,Unclear,False,False,False,False,Unclear,Unclear,unclear,穿搭,,neutral,,,,,,,,unknown,0.0,ok
GRP-XHS-6974594d000000001a034f55-04,6974594d000000001a034f55,GRP-XHS-6974594d000000001a034f55,#机能风穿搭,早秋｜中性风穿搭合集,早秋｜中性风穿搭合集,2026-01-24,Dataset/xhs/xiaohongshu_images/机能风穿搭/6974594d000000001a034f55/image_04.webp,#121418,#D8D7D5,black,black,unknown,Unclear,False,False,False,False,Unclear,Unclear,unclear,穿搭,,neutral,,,,,,,,unknown,0.0,ok
GRP-XHS-6974594d000000001a034f55-05,6974594d000000001a034f55,GRP-XHS-6974594d000000001a034f55,#机能风穿搭,早秋｜中性风穿搭合集,早秋｜中性风穿搭合集,2026-01-24,Dataset/xhs/xiaohongshu_images/机能风穿搭/6974594d000000001a034f55/image_05.webp,#111317,#D9DBD9,black,black,unknown,Unclear,False,False,False,False,Unclear,Unclear,unclear,穿搭,,neutral,,,,,,,,unknown,0.0,ok
GRP-XHS-6974594d000000001a034f55-06,6974594d000000001a034f55,GRP-XHS-6974594d000000001a034f55,#机能风穿搭,早秋｜中性风穿搭合集,早秋｜中性风穿搭合集,2026-01-24,Dataset/xhs/xiaohongshu_images/机能风穿搭/6974594d000000001a034f55/image_06.webp,#D6D6D1,#0E1013,white,white,unknown,Unclear,False,False,False,False,Unclear,Unclear,unclear,穿搭,,neutral,,,,,,,,unknown,0.0,ok
GRP-XHS-6974594d000000001a034f55-07,6974594d000000001a034f55,GRP-XHS-6974594d000000001a034f55,#机能风穿搭,早秋｜中性风穿搭合集,早秋｜中性风穿搭合集,2026-01-24,Dataset/xhs/xiaohongshu_images/机能风穿搭/6974594d000000001a034f55/image_07.webp,#D6D9D6,#85847F,white,white,unknown,Unclear,False,False,False,False,Unclear,Unclear,unclear,穿搭,,neutral,,,,,,,,unknown,0.0,ok
GRP-XHS-6974594d000000001a034f55-08,6974594d000000001a034f55,GRP-XHS-6974594d000000001a034f55,#机能风穿搭,早秋｜中性风穿搭合集,早秋｜中性风穿搭合集,2026-01-24,Dataset/xhs/xiaohongshu_images/机能风穿搭/6974594d000000001a034f55/image_08.webp,#111317,#83827F,black,black,unknown,Unclear,False,False,False,False,Unclear,Unclear,unclear,穿搭,,neutral,,,,,,,,unknown,0.0,ok
GRP-XHS-6974594d000000001a034f55-09,6974594d000000001a034f55,GRP-XHS-6974594d000000001a034f55,#机能风穿搭,早秋｜中性风穿搭合集,早秋｜中性风穿搭合集,2026-01-24,Dataset/xhs/xiaohongshu_images/机能风穿搭/6974594d000000001a034f55/image_09.webp,#DBDFDF,#828282,white,white,unknown,Unclear,False,False,False,False,Unclear,Unclear,unclear,穿搭,,neutral,,,,,,,,unknown,0.0,ok
GRP-XHS-6974594d000000001a034f55-10,6974594d000000001a034f55,GRP-XHS-6974594d000000001a034f55,#机能风穿搭,早秋｜中性风穿搭合集,早秋｜中性风穿搭合集,2026-01-24,Dataset/xhs/xiaohongshu_images/机能风穿搭/6974594d000000001a034f55/image_10.webp,#D7DAD7,#B3B4B0,white,white,unknown,Unclear,False,False,False,False,Unclear,Unclear,unclear,穿搭,,neutral,,,,,,,,unknown,0.0,ok
GRP-XHS-6974594d000000001a034f55-11,6974594d000000001a034f55,GRP-XHS-6974594d000000001a034f55,#机能风穿搭,早秋｜中性风穿搭合集,早秋｜中性风穿搭合集,2026-01-24,Dataset/xhs/xiaohongshu_images/机能风穿搭/6974594d000000001a034f55/image_11.webp,#171619,#E0E0DC,black,black,unknown,Unclear,False,False,False,False,Unclear,Unclear,unclear,穿搭,,neutral,,,,,,,,unknown,0.0,ok
GRP-XHS-6974594d000000001a034f55-13,6974594d000000001a034f55,GRP-XHS-6974594d000000001a034f55,#机能风穿搭,早秋｜中性风穿搭合集,早秋｜中性风穿搭合集,2026-01-24,Dataset/xhs/xiaohongshu_images/机能风穿搭/6974594d000000001a034f55/image_13.webp,#D2D4D3,#787671,white,white,unknown,Unclear,False,False,False,False,Unclear,Unclear,unclear,穿搭,,neutral,,,,,,,,unknown,0.0,ok
GRP-XHS-6974594d000000001a034f55-14,6974594d000000001a034f55,GRP-XHS-6974594d000000001a034f55,#机能风穿搭,早秋｜中性风穿搭合集,早秋｜中性风穿搭合集,2026-01-24,Dataset/xhs/xiaohongshu_images/机能风穿搭/6974594d000000001a034f55/image_14.webp,#86847F,#D4D9DA,gray,gray,unknown,Unclear,False,False,False,False,Unclear,Unclear,unclear,穿搭,,neutral,,,,,,,,unknown,0.0,ok
GRP-XHS-6974594d000000001a034f55-15,6974594d000000001a034f55,GRP-XHS-6974594d000000001a034f55,#机能风穿搭,早秋｜中性风穿搭合集,早秋｜中性风穿搭合集,2026-01-24,Dataset/xhs/xiaohongshu_images/机能风穿搭/6974594d000000001a034f55/image_15.webp,#B6B7B6,#D9DDDD,gray,gray,unknown,Unclear,False,False,False,False,Unclear,Unclear,unclear,穿搭,,neutral,,,,,,,,unknown,0.0,ok
GRP-XHS-6974594d000000001a034f55-16,6974594d000000001a034f55,GRP-XHS-6974594d000000001a034f55,#机能风穿搭,早秋｜中性风穿搭合集,早秋｜中性风穿搭合集,2026-01-24,Dataset/xhs/xiaohongshu_images/机能风穿搭/6974594d000000001a034f55/image_16.webp,#D9DBD8,#0B0E12,white,white,unknown,Unclear,False,False,False,False,Unclear,Unclear,unclear,穿搭,,neutral,,,,,,,,unknown,0.0,ok
GRP-XHS-6974594d000000001a034f55-17,6974594d000000001a034f55,GRP-XHS-6974594d000000001a034f55,#机能风穿搭,早秋｜中性风穿搭合集,早秋｜中性风穿搭合集,2026-01-24,Dataset/xhs/xiaohongshu_images/机能风穿搭/6974594d000000001a034f55/image_17.webp,#565656,#898B89,gray,gray,unknown,Unclear,False,False,False,False,Unclear,Unclear,unclear,穿搭,,neutral,,,,,,,,unknown,0.0,ok
GRP-XHS-6974594d000000001a034f55-18,6974594d000000001a034f55,GRP-XHS-6974594d000000001a034f55,#机能风穿搭,早秋｜中性风穿搭合集,早秋｜中性风穿搭合集,2026-01-24,Dataset/xhs/xiaohongshu_images/机能风穿搭/6974594d000000001a034f55/image_18.webp,#101214,#DCDDD9,black,black,unknown,Unclear,False,False,False,False,Unclear,Unclear,unclear,穿搭,,neutral,,,,,,,,unknown,0.0,ok
GRP-XHS-69214da4000000001f00aa7a-01,69214da4000000001f00aa7a,GRP-XHS-69214da4000000001f00aa7a,#机能风穿搭,服装设计效果图分享,服装设计效果图分享,2025-11-22,Dataset/xhs/xiaohongshu_images/机能风穿搭/69214da4000000001f00aa7a/image_01.webp,#F6F8F6,#0C0D0D,white,white,unknown,Unclear,False,False,False,False,Unclear,Unclear,unclear,,,neutral,,,,,,,,unknown,0.0,ok
GRP-XHS-69214da4000000001f00aa7a-02,69214da4000000001f00aa7a,GRP-XHS-69214da4000000001f00aa7a,#机能风穿搭,服装设计效果图分享,服装设计效果图分享,2025-11-22,Dataset/xhs/xiaohongshu_images/机能风穿搭/69214da4000000001f00aa7a/image_02.webp,#F3F5F2,#0A0B0A,white,white,unknown,Unclear,False,False,False,False,Unclear,Unclear,unclear,,,neutral,,,,,,,,unknown,0.0,ok
GRP-XHS-69a1a6c0000000001a0290d9-01,69a1a6c0000000001a0290d9,GRP-XHS-69a1a6c0000000001a0290d9,#机能风穿搭,Techwear 天花板 | 这才是男生该有的未来感,Techwear 天花板 | 这才是男生该有的未来感,2026-02-27,Dataset/xhs/xiaohongshu_images/机能风穿搭/69a1a6c0000000001a0290d9/image_01.webp,#CCD0D0,#232528,gray,gray,unknown,Unclear,False,False,False,False,Unclear,Unclear,unclear,,,neutral,,,,,,,,unknown,0.0,ok
GRP-XHS-683ec114000000002300dde0-01,683ec114000000002300dde0,GRP-XHS-683ec114000000002300dde0,#机能风穿搭,夏日黑灰机能风｜OOTD,夏日黑灰机能风｜OOTD,2025-06-03,Dataset/xhs/xiaohongshu_images/机能风穿搭/683ec114000000002300dde0/image_01.webp,#868685,#676564,gray,gray,unknown,Unclear,False,False,False,False,Unclear,Unclear,unclear,机能风 | 灰 | 黑,,neutral,,灰 | 黑,,,,,,unknown,0.0,ok
GRP-XHS-683ec114000000002300dde0-02,683ec114000000002300dde0,GRP-XHS-683ec114000000002300dde0,#机能风穿搭,夏日黑灰机能风｜OOTD,夏日黑灰机能风｜OOTD,2025-06-03,Dataset/xhs/xiaohongshu_images/机能风穿搭/683ec114000000002300dde0/image_02.webp,#646463,#484848,gray,gray,unknown,Unclear,False,False,False,False,Unclear,Unclear,unclear,机能风 | 灰 | 黑,,neutral,,灰 | 黑,,,,,,unknown,0.0,ok
GRP-XHS-683ec114000000002300dde0-03,683ec114000000002300dde0,GRP-XHS-683ec114000000002300dde0,#机能风穿搭,夏日黑灰机能风｜OOTD,夏日黑灰机能风｜OOTD,2025-06-03,Dataset/xhs/xiaohongshu_images/机能风穿搭/683ec114000000002300dde0/image_03.webp,#DCDDDC,#C9C9C8,white,white,unknown,Unclear,False,False,False,False,Unclear,Unclear,unclear,机能风 | 灰 | 黑,,neutral,,灰 | 黑,,,,,,unknown,0.0,ok
GRP-XHS-683ec114000000002300dde0-05,683ec114000000002300dde0,GRP-XHS-683ec114000000002300dde0,#机能风穿搭,夏日黑灰机能风｜OOTD,夏日黑灰机能风｜OOTD,2025-06-03,Dataset/xhs/xiaohongshu_images/机能风穿搭/683ec114000000002300dde0/image_05.webp,#DADAD9,#B8B5B3,white,white,unknown,Unclear,False,False,False,False,Unclear,Unclear,unclear,机能风 | 灰 | 黑,,neutral,,灰 | 黑,,,,,,unknown,0.0,ok
GRP-XHS-683ec114000000002300dde0-07,683ec114000000002300dde0,GRP-XHS-683ec114000000002300dde0,#机能风穿搭,夏日黑灰机能风｜OOTD,夏日黑灰机能风｜OOTD,2025-06-03,Dataset/xhs/xiaohongshu_images/机能风穿搭/683ec114000000002300dde0/image_07.webp,#1B1E19,#454B42,black,black,unknown,Unclear,False,False,False,False,Unclear,Unclear,unclear,机能风 | 灰 | 黑,,neutral,,灰 | 黑,,,,,,unknown,0.0,ok
GRP-XHS-69c7b3450000000020039ccc-01,69c7b3450000000020039ccc,GRP-XHS-69c7b3450000000020039ccc,#机能风穿搭,“嘘，你听…”,“嘘，你听…”,2026-03-28,Dataset/xhs/xiaohongshu_images/机能风穿搭/69c7b3450000000020039ccc/image_01.webp,#D3D3D6,#C0C2C8,white,white,unknown,Unclear,False,False,False,False,Unclear,Unclear,unclear,,,neutral,,,,,,,,unknown,0.0,ok
GRP-XHS-68da4ee6000000001101da8b-01,68da4ee6000000001101da8b,GRP-XHS-68da4ee6000000001101da8b,#机能风穿搭,就穿复古未来感这样循环xg的新歌GALA｜OOTD,就穿复古未来感这样循环xg的新歌GALA｜OOTD,2025-10-09,Dataset/xhs/xiaohongshu_images/机能风穿搭/68da4ee6000000001101da8b/image_01.webp,#D3DEE8,#26272A,white,white,unknown,Unclear,False,False,False,False,Unclear,Unclear,unclear,,,neutral,,,,,,,,unknown,0.0,ok
GRP-XHS-68da4ee6000000001101da8b-02,68da4ee6000000001101da8b,GRP-XHS-68da4ee6000000001101da8b,#机能风穿搭,就穿复古未来感这样循环xg的新歌GALA｜OOTD,就穿复古未来感这样循环xg的新歌GALA｜OOTD,2025-10-09,Dataset/xhs/xiaohongshu_images/机能风穿搭/68da4ee6000000001101da8b/image_02.webp,#24262A,#DDE4E9,black,black,unknown,Unclear,False,False,False,False,Unclear,Unclear,unclear,,,neutral,,,,,,,,unknown,0.0,ok
GRP-XHS-68da4ee6000000001101da8b-03,68da4ee6000000001101da8b,GRP-XHS-68da4ee6000000001101da8b,#机能风穿搭,就穿复古未来感这样循环xg的新歌GALA｜OOTD,就穿复古未来感这样循环xg的新歌GALA｜OOTD,2025-10-09,Dataset/xhs/xiaohongshu_images/机能风穿搭/68da4ee6000000001101da8b/image_03.webp,#D4E1E9,#212125,white,white,unknown,Unclear,False,False,False,False,Unclear,Unclear,unclear,,,neutral,,,,,,,,unknown,0.0,ok
GRP-XHS-68da4ee6000000001101da8b-04,68da4ee6000000001101da8b,GRP-XHS-68da4ee6000000001101da8b,#机能风穿搭,就穿复古未来感这样循环xg的新歌GALA｜OOTD,就穿复古未来感这样循环xg的新歌GALA｜OOTD,2025-10-09,Dataset/xhs/xiaohongshu_images/机能风穿搭/68da4ee6000000001101da8b/image_04.webp,#C5D5E5,#94AACC,blue,blue,unknown,Unclear,False,False,False,False,Unclear,Unclear,unclear,,,neutral,,,,,,,,unknown,0.0,ok
GRP-XHS-68da4ee6000000001101da8b-05,68da4ee6000000001101da8b,GRP-XHS-68da4ee6000000001101da8b,#机能风穿搭,就穿复古未来感这样循环xg的新歌GALA｜OOTD,就穿复古未来感这样循环xg的新歌GALA｜OOTD,2025-10-09,Dataset/xhs/xiaohongshu_images/机能风穿搭/68da4ee6000000001101da8b/image_05.webp,#1D1B1D,#DAE4EB,black,black,unknown,Unclear,False,False,False,False,Unclear,Unclear,unclear,,,neutral,,,,,,,,unknown,0.0,ok
GRP-XHS-68da4ee6000000001101da8b-06,68da4ee6000000001101da8b,GRP-XHS-68da4ee6000000001101da8b,#机能风穿搭,就穿复古未来感这样循环xg的新歌GALA｜OOTD,就穿复古未来感这样循环xg的新歌GALA｜OOTD,2025-10-09,Dataset/xhs/xiaohongshu_images/机能风穿搭/68da4ee6000000001101da8b/image_06.webp,#E0E7EC,#26282A,white,white,unknown,Unclear,False,False,False,False,Unclear,Unclear,unclear,,,neutral,,,,,,,,unknown,0.0,ok
GRP-XHS-68da4ee6000000001101da8b-07,68da4ee6000000001101da8b,GRP-XHS-68da4ee6000000001101da8b,#机能风穿搭,就穿复古未来感这样循环xg的新歌GALA｜OOTD,就穿复古未来感这样循环xg的新歌GALA｜OOTD,2025-10-09,Dataset/xhs/xiaohongshu_images/机能风穿搭/68da4ee6000000001101da8b/image_07.webp,#D3DEE6,#27272A,white,white,unknown,Unclear,False,False,False,False,Unclear,Unclear,unclear,,,neutral,,,,,,,,unknown,0.0,ok
GRP-XHS-69d10431000000001b0025ee-01,69d10431000000001b0025ee,GRP-XHS-69d10431000000001b0025ee,#机能风穿搭,解构主义机能风：重新定义户外服装,解构主义机能风：重新定义户外服装,2026-04-04,Dataset/xhs/xiaohongshu_images/机能风穿搭/69d10431000000001b0025ee/image_01.webp,#1B1D1D,#C2C5C6,black,black,unknown,Unclear,False,False,False,False,Unclear,Outdoor,unclear,机能风 | 户外,,neutral,,,,,户外,,0.4,text_heuristic,0.4,ok
GRP-XHS-69d10431000000001b0025ee-02,69d10431000000001b0025ee,GRP-XHS-69d10431000000001b0025ee,#机能风穿搭,解构主义机能风：重新定义户外服装,解构主义机能风：重新定义户外服装,2026-04-04,Dataset/xhs/xiaohongshu_images/机能风穿搭/69d10431000000001b0025ee/image_02.webp,#A3977B,#CDD0CC,khaki,khaki_or_beige,unknown,Unclear,False,False,False,False,Unclear,Outdoor,unclear,机能风 | 户外,,neutral,,,,,户外,,0.4,text_heuristic,0.4,ok
GRP-XHS-69d10431000000001b0025ee-03,69d10431000000001b0025ee,GRP-XHS-69d10431000000001b0025ee,#机能风穿搭,解构主义机能风：重新定义户外服装,解构主义机能风：重新定义户外服装,2026-04-04,Dataset/xhs/xiaohongshu_images/机能风穿搭/69d10431000000001b0025ee/image_03.webp,#282727,#0F0E0E,black,black,unknown,Unclear,False,False,False,False,Unclear,Outdoor,unclear,机能风 | 户外,,neutral,,,,,户外,,0.4,text_heuristic,0.4,ok
GRP-XHS-69d10431000000001b0025ee-04,69d10431000000001b0025ee,GRP-XHS-69d10431000000001b0025ee,#机能风穿搭,解构主义机能风：重新定义户外服装,解构主义机能风：重新定义户外服装,2026-04-04,Dataset/xhs/xiaohongshu_images/机能风穿搭/69d10431000000001b0025ee/image_04.webp,#D7DBDF,#16171B,white,white,unknown,Unclear,False,False,False,False,Unclear,Outdoor,unclear,机能风 | 户外,,neutral,,,,,户外,,0.4,text_heuristic,0.4,ok
GRP-XHS-69d10431000000001b0025ee-05,69d10431000000001b0025ee,GRP-XHS-69d10431000000001b0025ee,#机能风穿搭,解构主义机能风：重新定义户外服装,解构主义机能风：重新定义户外服装,2026-04-04,Dataset/xhs/xiaohongshu_images/机能风穿搭/69d10431000000001b0025ee/image_05.webp,#111413,#212926,black,black,unknown,Unclear,False,False,False,False,Unclear,Outdoor,unclear,机能风 | 户外,,neutral,,,,,户外,,0.4,text_heuristic,0.4,ok
GRP-XHS-69d10431000000001b0025ee-06,69d10431000000001b0025ee,GRP-XHS-69d10431000000001b0025ee,#机能风穿搭,解构主义机能风：重新定义户外服装,解构主义机能风：重新定义户外服装,2026-04-04,Dataset/xhs/xiaohongshu_images/机能风穿搭/69d10431000000001b0025ee/image_06.webp,#B5B8BB,#141415,gray,gray,unknown,Unclear,False,False,False,False,Unclear,Outdoor,unclear,机能风 | 户外,,neutral,,,,,户外,,0.4,text_heuristic,0.4,ok
GRP-XHS-69d10431000000001b0025ee-07,69d10431000000001b0025ee,GRP-XHS-69d10431000000001b0025ee,#机能风穿搭,解构主义机能风：重新定义户外服装,解构主义机能风：重新定义户外服装,2026-04-04,Dataset/xhs/xiaohongshu_images/机能风穿搭/69d10431000000001b0025ee/image_07.webp,#FEFEFE,#7A8285,white,white,unknown,Unclear,False,False,False,False,Unclear,Outdoor,unclear,机能风 | 户外,,neutral,,,,,户外,,0.4,text_heuristic,0.4,ok
GRP-XHS-69d10431000000001b0025ee-08,69d10431000000001b0025ee,GRP-XHS-69d10431000000001b0025ee,#机能风穿搭,解构主义机能风：重新定义户外服装,解构主义机能风：重新定义户外服装,2026-04-04,Dataset/xhs/xiaohongshu_images/机能风穿搭/69d10431000000001b0025ee/image_08.webp,#D5D4D1,#28282A,white,white,unknown,Unclear,False,False,False,False,Unclear,Outdoor,unclear,机能风 | 户外,,neutral,,,,,户外,,0.4,text_heuristic,0.4,ok
GRP-XHS-69d10431000000001b0025ee-09,69d10431000000001b0025ee,GRP-XHS-69d10431000000001b0025ee,#机能风穿搭,解构主义机能风：重新定义户外服装,解构主义机能风：重新定义户外服装,2026-04-04,Dataset/xhs/xiaohongshu_images/机能风穿搭/69d10431000000001b0025ee/image_09.webp,#BBBDBD,#646064,gray,gray,unknown,Unclear,False,False,False,False,Unclear,Outdoor,unclear,机能风 | 户外,,neutral,,,,,户外,,0.4,text_heuristic,0.4,ok
GRP-XHS-69d10431000000001b0025ee-10,69d10431000000001b0025ee,GRP-XHS-69d10431000000001b0025ee,#机能风穿搭,解构主义机能风：重新定义户外服装,解构主义机能风：重新定义户外服装,2026-04-04,Dataset/xhs/xiaohongshu_images/机能风穿搭/69d10431000000001b0025ee/image_10.webp,#CCCFCF,#BBBFBD,gray,gray,unknown,Unclear,False,False,False,False,Unclear,Outdoor,unclear,机能风 | 户外,,neutral,,,,,户外,,0.4,text_heuristic,0.4,ok
GRP-XHS-69d10431000000001b0025ee-11,69d10431000000001b0025ee,GRP-XHS-69d10431000000001b0025ee,#机能风穿搭,解构主义机能风：重新定义户外服装,解构主义机能风：重新定义户外服装,2026-04-04,Dataset/xhs/xiaohongshu_images/机能风穿搭/69d10431000000001b0025ee/image_11.webp,#B3B5B9,#201F22,gray,gray,unknown,Unclear,False,False,False,False,Unclear,Outdoor,unclear,机能风 | 户外,,neutral,,,,,户外,,0.4,text_heuristic,0.4,ok
GRP-XHS-6964a74c000000002202c56c-01,6964a74c000000002202c56c,GRP-XHS-6964a74c000000002202c56c,#机能风穿搭,户外机能小帅｜藏着一身细节🤐,户外机能小帅｜藏着一身细节🤐,2026-01-13,Dataset/xhs/xiaohongshu_images/机能风穿搭/6964a74c000000002202c56c/image_01.webp,#BFBAAF,#DEE1DE,gray,gray,unknown,Unclear,False,False,False,False,Unclear,Outdoor,unclear,户外,,neutral,,,,,户外,,0.4,text_heuristic,0.4,ok
GRP-XHS-6964a74c000000002202c56c-06,6964a74c000000002202c56c,GRP-XHS-6964a74c000000002202c56c,#机能风穿搭,户外机能小帅｜藏着一身细节🤐,户外机能小帅｜藏着一身细节🤐,2026-01-13,Dataset/xhs/xiaohongshu_images/机能风穿搭/6964a74c000000002202c56c/image_06.webp,#251F1B,#0C0B0A,black,black,unknown,Unclear,False,False,False,False,Unclear,Outdoor,unclear,户外,,neutral,,,,,户外,,0.4,text_heuristic,0.4,ok
GRP-XHS-6964a74c000000002202c56c-07,6964a74c000000002202c56c,GRP-XHS-6964a74c000000002202c56c,#机能风穿搭,户外机能小帅｜藏着一身细节🤐,户外机能小帅｜藏着一身细节🤐,2026-01-13,Dataset/xhs/xiaohongshu_images/机能风穿搭/6964a74c000000002202c56c/image_07.webp,#342E29,#151311,orange,red_or_orange,unknown,Unclear,False,False,False,False,Unclear,Outdoor,unclear,户外,,neutral,,,,,户外,,0.4,text_heuristic,0.4,ok
GRP-XHS-6964a74c000000002202c56c-08,6964a74c000000002202c56c,GRP-XHS-6964a74c000000002202c56c,#机能风穿搭,户外机能小帅｜藏着一身细节🤐,户外机能小帅｜藏着一身细节🤐,2026-01-13,Dataset/xhs/xiaohongshu_images/机能风穿搭/6964a74c000000002202c56c/image_08.webp,#12110E,#2E2924,black,black,unknown,Unclear,False,False,False,False,Unclear,Outdoor,unclear,户外,,neutral,,,,,户外,,0.4,text_heuristic,0.4,ok
GRP-XHS-6964a74c000000002202c56c-09,6964a74c000000002202c56c,GRP-XHS-6964a74c000000002202c56c,#机能风穿搭,户外机能小帅｜藏着一身细节🤐,户外机能小帅｜藏着一身细节🤐,2026-01-13,Dataset/xhs/xiaohongshu_images/机能风穿搭/6964a74c000000002202c56c/image_09.webp,#17110E,#312F2D,black,black,unknown,Unclear,False,False,False,False,Unclear,Outdoor,unclear,户外,,neutral,,,,,户外,,0.4,text_heuristic,0.4,ok
GRP-XHS-6964a74c000000002202c56c-10,6964a74c000000002202c56c,GRP-XHS-6964a74c000000002202c56c,#机能风穿搭,户外机能小帅｜藏着一身细节🤐,户外机能小帅｜藏着一身细节🤐,2026-01-13,Dataset/xhs/xiaohongshu_images/机能风穿搭/6964a74c000000002202c56c/image_10.webp,#120E0B,#282623,black,black,unknown,Unclear,False,False,False,False,Unclear,Outdoor,unclear,户外,,neutral,,,,,户外,,0.4,text_heuristic,0.4,ok
GRP-XHS-6964a74c000000002202c56c-11,6964a74c000000002202c56c,GRP-XHS-6964a74c000000002202c56c,#机能风穿搭,户外机能小帅｜藏着一身细节🤐,户外机能小帅｜藏着一身细节🤐,2026-01-13,Dataset/xhs/xiaohongshu_images/机能风穿搭/6964a74c000000002202c56c/image_11.webp,#1C1B18,#54514D,black,black,unknown,Unclear,False,False,False,False,Unclear,Outdoor,unclear,户外,,neutral,,,,,户外,,0.4,text_heuristic,0.4,ok
GRP-XHS-6964a74c000000002202c56c-12,6964a74c000000002202c56c,GRP-XHS-6964a74c000000002202c56c,#机能风穿搭,户外机能小帅｜藏着一身细节🤐,户外机能小帅｜藏着一身细节🤐,2026-01-13,Dataset/xhs/xiaohongshu_images/机能风穿搭/6964a74c000000002202c56c/image_12.webp,#161617,#CCD1CF,black,black,unknown,Unclear,False,False,False,False,Unclear,Outdoor,unclear,户外,,neutral,,,,,户外,,0.4,text_heuristic,0.4,ok
GRP-XHS-6964a74c000000002202c56c-14,6964a74c000000002202c56c,GRP-XHS-6964a74c000000002202c56c,#机能风穿搭,户外机能小帅｜藏着一身细节🤐,户外机能小帅｜藏着一身细节🤐,2026-01-13,Dataset/xhs/xiaohongshu_images/机能风穿搭/6964a74c000000002202c56c/image_14.webp,#161412,#D2D2CC,black,black,unknown,Unclear,False,False,False,False,Unclear,Outdoor,unclear,户外,,neutral,,,,,户外,,0.4,text_heuristic,0.4,ok
GRP-XHS-68e8a98f000000000700d9b4-03,68e8a98f000000000700d9b4,GRP-XHS-68e8a98f000000000700d9b4,#机能风穿搭,户外人的山系风穿搭｜OOTD,户外人的山系风穿搭｜OOTD,2025-10-10,Dataset/xhs/xiaohongshu_images/机能风穿搭/68e8a98f000000000700d9b4/image_03.webp,#D9D9D9,#64676F,white,white,unknown,Unclear,False,False,False,False,Unclear,Outdoor,unclear,穿搭 | 山系 | 户外,,neutral,,,,,户外,,0.4,text_heuristic,0.4,ok
GRP-XHS-69b4ec21000000002200ed5b-01,69b4ec21000000002200ed5b,GRP-XHS-69b4ec21000000002200ed5b,#机能风穿搭,机能风还能再战500年,机能风还能再战500年,2026-03-14,Dataset/xhs/xiaohongshu_images/机能风穿搭/69b4ec21000000002200ed5b/image_01.webp,#17161A,#2B2B31,black,black,unknown,Unclear,False,False,False,False,Unclear,Unclear,unclear,机能风,,neutral,,,,,,,,unknown,0.0,ok
GRP-XHS-69b4ec21000000002200ed5b-02,69b4ec21000000002200ed5b,GRP-XHS-69b4ec21000000002200ed5b,#机能风穿搭,机能风还能再战500年,机能风还能再战500年,2026-03-14,Dataset/xhs/xiaohongshu_images/机能风穿搭/69b4ec21000000002200ed5b/image_02.webp,#1E1D21,#CFD3D7,black,black,unknown,Unclear,False,False,False,False,Unclear,Unclear,unclear,机能风,,neutral,,,,,,,,unknown,0.0,ok
GRP-XHS-69b4ec21000000002200ed5b-03,69b4ec21000000002200ed5b,GRP-XHS-69b4ec21000000002200ed5b,#机能风穿搭,机能风还能再战500年,机能风还能再战500年,2026-03-14,Dataset/xhs/xiaohongshu_images/机能风穿搭/69b4ec21000000002200ed5b/image_03.webp,#17171B,#686E74,black,black,unknown,Unclear,False,False,False,False,Unclear,Unclear,unclear,机能风,,neutral,,,,,,,,unknown,0.0,ok
GRP-XHS-69b4ec21000000002200ed5b-04,69b4ec21000000002200ed5b,GRP-XHS-69b4ec21000000002200ed5b,#机能风穿搭,机能风还能再战500年,机能风还能再战500年,2026-03-14,Dataset/xhs/xiaohongshu_images/机能风穿搭/69b4ec21000000002200ed5b/image_04.webp,#727980,#D5DADD,gray,gray,unknown,Unclear,False,False,False,False,Unclear,Unclear,unclear,机能风,,neutral,,,,,,,,unknown,0.0,ok
GRP-XHS-69b4ec21000000002200ed5b-05,69b4ec21000000002200ed5b,GRP-XHS-69b4ec21000000002200ed5b,#机能风穿搭,机能风还能再战500年,机能风还能再战500年,2026-03-14,Dataset/xhs/xiaohongshu_images/机能风穿搭/69b4ec21000000002200ed5b/image_05.webp,#575E65,#1B1C20,blue,blue,unknown,Unclear,False,False,False,False,Unclear,Unclear,unclear,机能风,,neutral,,,,,,,,unknown,0.0,ok
GRP-XHS-69b4ec21000000002200ed5b-06,69b4ec21000000002200ed5b,GRP-XHS-69b4ec21000000002200ed5b,#机能风穿搭,机能风还能再战500年,机能风还能再战500年,2026-03-14,Dataset/xhs/xiaohongshu_images/机能风穿搭/69b4ec21000000002200ed5b/image_06.webp,#767B7F,#53595F,gray,gray,unknown,Unclear,False,False,False,False,Unclear,Unclear,unclear,机能风,,neutral,,,,,,,,unknown,0.0,ok
GRP-XHS-69b4ec21000000002200ed5b-07,69b4ec21000000002200ed5b,GRP-XHS-69b4ec21000000002200ed5b,#机能风穿搭,机能风还能再战500年,机能风还能再战500年,2026-03-14,Dataset/xhs/xiaohongshu_images/机能风穿搭/69b4ec21000000002200ed5b/image_07.webp,#201E24,#6D7177,black,black,unknown,Unclear,False,False,False,False,Unclear,Unclear,unclear,机能风,,neutral,,,,,,,,unknown,0.0,ok
GRP-XHS-69b4ec21000000002200ed5b-08,69b4ec21000000002200ed5b,GRP-XHS-69b4ec21000000002200ed5b,#机能风穿搭,机能风还能再战500年,机能风还能再战500年,2026-03-14,Dataset/xhs/xiaohongshu_images/机能风穿搭/69b4ec21000000002200ed5b/image_08.webp,#1D1C21,#757679,black,black,unknown,Unclear,False,False,False,False,Unclear,Unclear,unclear,机能风,,neutral,,,,,,,,unknown,0.0,ok
GRP-XHS-69734679000000002202d5e2-01,69734679000000002202d5e2,GRP-XHS-69734679000000002202d5e2,#机能风穿搭,【绘画参考】〔机能风〕①服设,【绘画参考】〔机能风〕①服设,2026-02-05,Dataset/xhs/xiaohongshu_images/机能风穿搭/69734679000000002202d5e2/image_01.webp,#CECECE,#B4B4B2,gray,gray,unknown,Unclear,False,False,False,False,Unclear,Unclear,unclear,机能风,,neutral,,,,,,,,unknown,0.0,ok
GRP-XHS-69734679000000002202d5e2-02,69734679000000002202d5e2,GRP-XHS-69734679000000002202d5e2,#机能风穿搭,【绘画参考】〔机能风〕①服设,【绘画参考】〔机能风〕①服设,2026-02-05,Dataset/xhs/xiaohongshu_images/机能风穿搭/69734679000000002202d5e2/image_02.webp,#C3C3C3,#3F3F3F,gray,gray,unknown,Unclear,False,False,False,False,Unclear,Unclear,unclear,机能风,,neutral,,,,,,,,unknown,0.0,ok
GRP-XHS-69734679000000002202d5e2-03,69734679000000002202d5e2,GRP-XHS-69734679000000002202d5e2,#机能风穿搭,【绘画参考】〔机能风〕①服设,【绘画参考】〔机能风〕①服设,2026-02-05,Dataset/xhs/xiaohongshu_images/机能风穿搭/69734679000000002202d5e2/image_03.webp,#DADFE4,#080608,white,white,unknown,Unclear,False,False,False,False,Unclear,Unclear,unclear,机能风,,neutral,,,,,,,,unknown,0.0,ok
GRP-XHS-69734679000000002202d5e2-04,69734679000000002202d5e2,GRP-XHS-69734679000000002202d5e2,#机能风穿搭,【绘画参考】〔机能风〕①服设,【绘画参考】〔机能风〕①服设,2026-02-05,Dataset/xhs/xiaohongshu_images/机能风穿搭/69734679000000002202d5e2/image_04.webp,#888B87,#747673,gray,gray,unknown,Unclear,False,False,False,False,Unclear,Unclear,unclear,机能风,,neutral,,,,,,,,unknown,0.0,ok
GRP-XHS-69734679000000002202d5e2-05,69734679000000002202d5e2,GRP-XHS-69734679000000002202d5e2,#机能风穿搭,【绘画参考】〔机能风〕①服设,【绘画参考】〔机能风〕①服设,2026-02-05,Dataset/xhs/xiaohongshu_images/机能风穿搭/69734679000000002202d5e2/image_05.webp,#F8F8F8,#D9DAD5,white,white,unknown,Unclear,False,False,False,False,Unclear,Unclear,unclear,机能风,,neutral,,,,,,,,unknown,0.0,ok
GRP-XHS-69cdbae90000000021013a1d-01,69cdbae90000000021013a1d,GRP-XHS-69cdbae90000000021013a1d,#机能风穿搭,hamcus SS26 机能户外穿搭型录,hamcus SS26 机能户外穿搭型录,2026-04-02,Dataset/xhs/xiaohongshu_images/机能风穿搭/69cdbae90000000021013a1d/image_01.webp,#4F2B25,#873623,red,red_or_orange,unknown,Unclear,False,False,False,False,Unclear,Outdoor,unclear,穿搭 | 户外,,neutral,,,,,户外,,0.4,text_heuristic,0.4,ok
GRP-XHS-69cdbae90000000021013a1d-02,69cdbae90000000021013a1d,GRP-XHS-69cdbae90000000021013a1d,#机能风穿搭,hamcus SS26 机能户外穿搭型录,hamcus SS26 机能户外穿搭型录,2026-04-02,Dataset/xhs/xiaohongshu_images/机能风穿搭/69cdbae90000000021013a1d/image_02.webp,#4D2B26,#883724,red,red_or_orange,unknown,Unclear,False,False,False,False,Unclear,Outdoor,unclear,穿搭 | 户外,,neutral,,,,,户外,,0.4,text_heuristic,0.4,ok
GRP-XHS-69cdbae90000000021013a1d-03,69cdbae90000000021013a1d,GRP-XHS-69cdbae90000000021013a1d,#机能风穿搭,hamcus SS26 机能户外穿搭型录,hamcus SS26 机能户外穿搭型录,2026-04-02,Dataset/xhs/xiaohongshu_images/机能风穿搭/69cdbae90000000021013a1d/image_03.webp,#7E3120,#4F2A24,red,red_or_orange,unknown,Unclear,False,False,False,False,Unclear,Outdoor,unclear,穿搭 | 户外,,neutral,,,,,户外,,0.4,text_heuristic,0.4,ok
GRP-XHS-69cdbae90000000021013a1d-04,69cdbae90000000021013a1d,GRP-XHS-69cdbae90000000021013a1d,#机能风穿搭,hamcus SS26 机能户外穿搭型录,hamcus SS26 机能户外穿搭型录,2026-04-02,Dataset/xhs/xiaohongshu_images/机能风穿搭/69cdbae90000000021013a1d/image_04.webp,#402320,#742D1E,red,red_or_orange,unknown,Unclear,False,False,False,False,Unclear,Outdoor,unclear,穿搭 | 户外,,neutral,,,,,户外,,0.4,text_heuristic,0.4,ok
GRP-XHS-69cdbae90000000021013a1d-05,69cdbae90000000021013a1d,GRP-XHS-69cdbae90000000021013a1d,#机能风穿搭,hamcus SS26 机能户外穿搭型录,hamcus SS26 机能户外穿搭型录,2026-04-02,Dataset/xhs/xiaohongshu_images/机能风穿搭/69cdbae90000000021013a1d/image_05.webp,#482924,#762E1F,red,red_or_orange,unknown,Unclear,False,False,False,False,Unclear,Outdoor,unclear,穿搭 | 户外,,neutral,,,,,户外,,0.4,text_heuristic,0.4,ok
GRP-XHS-6a0423830000000036033a57-01,6a0423830000000036033a57,GRP-XHS-6a0423830000000036033a57,#机能风穿搭,8套夏日街头美式防晒衣分享！,8套夏日街头美式防晒衣分享！,2026-05-13,Dataset/xhs/xiaohongshu_images/机能风穿搭/6a0423830000000036033a57/image_01.webp,#666562,#444544,gray,gray,unknown,Unclear,False,False,False,False,Unclear,Unclear,unclear,,,neutral,,,,,,,,unknown,0.0,ok
GRP-XHS-6a0423830000000036033a57-02,6a0423830000000036033a57,GRP-XHS-6a0423830000000036033a57,#机能风穿搭,8套夏日街头美式防晒衣分享！,8套夏日街头美式防晒衣分享！,2026-05-13,Dataset/xhs/xiaohongshu_images/机能风穿搭/6a0423830000000036033a57/image_02.webp,#4D4C49,#373735,gray,gray,unknown,Unclear,False,False,False,False,Unclear,Unclear,unclear,,,neutral,,,,,,,,unknown,0.0,ok
GRP-XHS-6a0423830000000036033a57-03,6a0423830000000036033a57,GRP-XHS-6a0423830000000036033a57,#机能风穿搭,8套夏日街头美式防晒衣分享！,8套夏日街头美式防晒衣分享！,2026-05-13,Dataset/xhs/xiaohongshu_images/机能风穿搭/6a0423830000000036033a57/image_03.webp,#7B7973,#565552,gray,gray,unknown,Unclear,False,False,False,False,Unclear,Unclear,unclear,,,neutral,,,,,,,,unknown,0.0,ok
GRP-XHS-6a0423830000000036033a57-04,6a0423830000000036033a57,GRP-XHS-6a0423830000000036033a57,#机能风穿搭,8套夏日街头美式防晒衣分享！,8套夏日街头美式防晒衣分享！,2026-05-13,Dataset/xhs/xiaohongshu_images/机能风穿搭/6a0423830000000036033a57/image_04.webp,#61615E,#6F716D,gray,gray,unknown,Unclear,False,False,False,False,Unclear,Unclear,unclear,,,neutral,,,,,,,,unknown,0.0,ok
GRP-XHS-6a0423830000000036033a57-05,6a0423830000000036033a57,GRP-XHS-6a0423830000000036033a57,#机能风穿搭,8套夏日街头美式防晒衣分享！,8套夏日街头美式防晒衣分享！,2026-05-13,Dataset/xhs/xiaohongshu_images/机能风穿搭/6a0423830000000036033a57/image_05.webp,#71706D,#5A5A5A,gray,gray,unknown,Unclear,False,False,False,False,Unclear,Unclear,unclear,,,neutral,,,,,,,,unknown,0.0,ok
GRP-XHS-6a0423830000000036033a57-06,6a0423830000000036033a57,GRP-XHS-6a0423830000000036033a57,#机能风穿搭,8套夏日街头美式防晒衣分享！,8套夏日街头美式防晒衣分享！,2026-05-13,Dataset/xhs/xiaohongshu_images/机能风穿搭/6a0423830000000036033a57/image_06.webp,#666562,#4B4C4B,gray,gray,unknown,Unclear,False,False,False,False,Unclear,Unclear,unclear,,,neutral,,,,,,,,unknown,0.0,ok
GRP-XHS-6a0423830000000036033a57-07,6a0423830000000036033a57,GRP-XHS-6a0423830000000036033a57,#机能风穿搭,8套夏日街头美式防晒衣分享！,8套夏日街头美式防晒衣分享！,2026-05-13,Dataset/xhs/xiaohongshu_images/机能风穿搭/6a0423830000000036033a57/image_07.webp,#63625E,#494948,gray,gray,unknown,Unclear,False,False,False,False,Unclear,Unclear,unclear,,,neutral,,,,,,,,unknown,0.0,ok
GRP-XHS-6a0423830000000036033a57-08,6a0423830000000036033a57,GRP-XHS-6a0423830000000036033a57,#机能风穿搭,8套夏日街头美式防晒衣分享！,8套夏日街头美式防晒衣分享！,2026-05-13,Dataset/xhs/xiaohongshu_images/机能风穿搭/6a0423830000000036033a57/image_08.webp,#61605C,#72716E,gray,gray,unknown,Unclear,False,False,False,False,Unclear,Unclear,unclear,,,neutral,,,,,,,,unknown,0.0,ok
GRP-XHS-6a0423830000000036033a57-09,6a0423830000000036033a57,GRP-XHS-6a0423830000000036033a57,#机能风穿搭,8套夏日街头美式防晒衣分享！,8套夏日街头美式防晒衣分享！,2026-05-13,Dataset/xhs/xiaohongshu_images/机能风穿搭/6a0423830000000036033a57/image_09.webp,#585854,#6B6A65,gray,gray,unknown,Unclear,False,False,False,False,Unclear,Unclear,unclear,,,neutral,,,,,,,,unknown,0.0,ok
GRP-XHS-69169e58000000000703ab3b-01,69169e58000000000703ab3b,GRP-XHS-69169e58000000000703ab3b,#机能风穿搭,,你在多大程度上会推荐他人使用网页版小红书？,2025-11-14,Dataset/xhs/xiaohongshu_images/机能风穿搭/69169e58000000000703ab3b/image_01.webp,#ABA6A2,#8C8479,gray,gray,unknown,Unclear,False,False,False,False,Unclear,Unclear,unclear,红,,positive,1.0,红,,,,,,unknown,0.0,ok
GRP-XHS-694be601000000001f00792e-01,694be601000000001f00792e,GRP-XHS-694be601000000001f00792e,#机能风穿搭,我永远喜欢机能风,我永远喜欢机能风,2025-12-24,Dataset/xhs/xiaohongshu_images/机能风穿搭/694be601000000001f00792e/image_01.webp,#CED2DF,#363F44,white,white,unknown,Unclear,False,False,False,False,Unclear,Unclear,unclear,机能风,,positive,1.0,,,,,,,unknown,0.0,ok
GRP-XHS-694be601000000001f00792e-02,694be601000000001f00792e,GRP-XHS-694be601000000001f00792e,#机能风穿搭,我永远喜欢机能风,我永远喜欢机能风,2025-12-24,Dataset/xhs/xiaohongshu_images/机能风穿搭/694be601000000001f00792e/image_02.webp,#292A2E,#DDE3E3,black,black,unknown,Unclear,False,False,False,False,Unclear,Unclear,unclear,机能风,,positive,1.0,,,,,,,unknown,0.0,ok
GRP-XHS-694be601000000001f00792e-03,694be601000000001f00792e,GRP-XHS-694be601000000001f00792e,#机能风穿搭,我永远喜欢机能风,我永远喜欢机能风,2025-12-24,Dataset/xhs/xiaohongshu_images/机能风穿搭/694be601000000001f00792e/image_03.webp,#D5DAD6,#1B2024,white,white,unknown,Unclear,False,False,False,False,Unclear,Unclear,unclear,机能风,,positive,1.0,,,,,,,unknown,0.0,ok
GRP-XHS-688223c8000000001203365b-01,688223c8000000001203365b,GRP-XHS-688223c8000000001203365b,#机能风穿搭,服了 机能风怎么这么帅啊‼️,服了 机能风怎么这么帅啊‼️,2025-07-24,Dataset/xhs/xiaohongshu_images/机能风穿搭/688223c8000000001203365b/image_01.webp,#D1CBC7,#0E0D11,gray,gray,unknown,Unclear,False,False,False,False,Unclear,Unclear,unclear,机能风,,neutral,,,,,,,,unknown,0.0,ok
GRP-XHS-684be38f000000002202869a-01,684be38f000000002202869a,GRP-XHS-684be38f000000002202869a,#机能风穿搭,今日OOTD｜经典黑灰配色一键get✅,今日OOTD｜经典黑灰配色一键get✅,2025-06-13,Dataset/xhs/xiaohongshu_images/机能风穿搭/684be38f000000002202869a/image_01.webp,#E7E7E6,#FEFEFE,white,white,unknown,Unclear,False,False,False,False,Unclear,Unclear,unclear,灰 | 黑,,neutral,,灰 | 黑,,,,,,unknown,0.0,ok
GRP-XHS-684be38f000000002202869a-02,684be38f000000002202869a,GRP-XHS-684be38f000000002202869a,#机能风穿搭,今日OOTD｜经典黑灰配色一键get✅,今日OOTD｜经典黑灰配色一键get✅,2025-06-13,Dataset/xhs/xiaohongshu_images/机能风穿搭/684be38f000000002202869a/image_02.webp,#E7E6E6,#FFFFFF,white,white,unknown,Unclear,False,False,False,False,Unclear,Unclear,unclear,灰 | 黑,,neutral,,灰 | 黑,,,,,,unknown,0.0,ok
GRP-XHS-684be38f000000002202869a-03,684be38f000000002202869a,GRP-XHS-684be38f000000002202869a,#机能风穿搭,今日OOTD｜经典黑灰配色一键get✅,今日OOTD｜经典黑灰配色一键get✅,2025-06-13,Dataset/xhs/xiaohongshu_images/机能风穿搭/684be38f000000002202869a/image_03.webp,#E6E6E6,#FFFFFF,white,white,unknown,Unclear,False,False,False,False,Unclear,Unclear,unclear,灰 | 黑,,neutral,,灰 | 黑,,,,,,unknown,0.0,ok
GRP-XHS-684be38f000000002202869a-04,684be38f000000002202869a,GRP-XHS-684be38f000000002202869a,#机能风穿搭,今日OOTD｜经典黑灰配色一键get✅,今日OOTD｜经典黑灰配色一键get✅,2025-06-13,Dataset/xhs/xiaohongshu_images/机能风穿搭/684be38f000000002202869a/image_04.webp,#E6E6E6,#FFFFFF,white,white,unknown,Unclear,False,False,False,False,Unclear,Unclear,unclear,灰 | 黑,,neutral,,灰 | 黑,,,,,,unknown,0.0,ok
GRP-XHS-684be38f000000002202869a-05,684be38f000000002202869a,GRP-XHS-684be38f000000002202869a,#机能风穿搭,今日OOTD｜经典黑灰配色一键get✅,今日OOTD｜经典黑灰配色一键get✅,2025-06-13,Dataset/xhs/xiaohongshu_images/机能风穿搭/684be38f000000002202869a/image_05.webp,#E8E7E6,#FFFEFE,white,white,unknown,Unclear,False,False,False,False,Unclear,Unclear,unclear,灰 | 黑,,neutral,,灰 | 黑,,,,,,unknown,0.0,ok
GRP-XHS-684be38f000000002202869a-06,684be38f000000002202869a,GRP-XHS-684be38f000000002202869a,#机能风穿搭,今日OOTD｜经典黑灰配色一键get✅,今日OOTD｜经典黑灰配色一键get✅,2025-06-13,Dataset/xhs/xiaohongshu_images/机能风穿搭/684be38f000000002202869a/image_06.webp,#E6E6E6,#FEFEFE,white,white,unknown,Unclear,False,False,False,False,Unclear,Unclear,unclear,灰 | 黑,,neutral,,灰 | 黑,,,,,,unknown,0.0,ok
GRP-XHS-684be38f000000002202869a-07,684be38f000000002202869a,GRP-XHS-684be38f000000002202869a,#机能风穿搭,今日OOTD｜经典黑灰配色一键get✅,今日OOTD｜经典黑灰配色一键get✅,2025-06-13,Dataset/xhs/xiaohongshu_images/机能风穿搭/684be38f000000002202869a/image_07.webp,#E7E7E8,#FFFEFE,white,white,unknown,Unclear,False,False,False,False,Unclear,Unclear,unclear,灰 | 黑,,neutral,,灰 | 黑,,,,,,unknown,0.0,ok
GRP-XHS-684be38f000000002202869a-08,684be38f000000002202869a,GRP-XHS-684be38f000000002202869a,#机能风穿搭,今日OOTD｜经典黑灰配色一键get✅,今日OOTD｜经典黑灰配色一键get✅,2025-06-13,Dataset/xhs/xiaohongshu_images/机能风穿搭/684be38f000000002202869a/image_08.webp,#E8E7E7,#FFFEFE,white,white,unknown,Unclear,False,False,False,False,Unclear,Unclear,unclear,灰 | 黑,,neutral,,灰 | 黑,,,,,,unknown,0.0,ok
GRP-XHS-68e99da2000000000700a15f-01,68e99da2000000000700a15f,GRP-XHS-68e99da2000000000700a15f,#机能风穿搭,街头潮流与功能性兼备的战甲～,街头潮流与功能性兼备的战甲～,2025-10-11,Dataset/xhs/xiaohongshu_images/机能风穿搭/68e99da2000000000700a15f/image_01.webp,#D2D3D6,#3A3838,white,white,unknown,Unclear,False,False,False,False,Unclear,Unclear,unclear,,,neutral,,,,,,,,unknown,0.0,ok
GRP-XHS-68e99da2000000000700a15f-03,68e99da2000000000700a15f,GRP-XHS-68e99da2000000000700a15f,#机能风穿搭,街头潮流与功能性兼备的战甲～,街头潮流与功能性兼备的战甲～,2025-10-11,Dataset/xhs/xiaohongshu_images/机能风穿搭/68e99da2000000000700a15f/image_03.webp,#2C3233,#838382,blue,blue,unknown,Unclear,False,False,False,False,Unclear,Unclear,unclear,,,neutral,,,,,,,,unknown,0.0,ok
GRP-XHS-68e99da2000000000700a15f-04,68e99da2000000000700a15f,GRP-XHS-68e99da2000000000700a15f,#机能风穿搭,街头潮流与功能性兼备的战甲～,街头潮流与功能性兼备的战甲～,2025-10-11,Dataset/xhs/xiaohongshu_images/机能风穿搭/68e99da2000000000700a15f/image_04.webp,#0B0C0F,#302E2C,black,black,unknown,Unclear,False,False,False,False,Unclear,Unclear,unclear,,,neutral,,,,,,,,unknown,0.0,ok
GRP-XHS-68e99da2000000000700a15f-05,68e99da2000000000700a15f,GRP-XHS-68e99da2000000000700a15f,#机能风穿搭,街头潮流与功能性兼备的战甲～,街头潮流与功能性兼备的战甲～,2025-10-11,Dataset/xhs/xiaohongshu_images/机能风穿搭/68e99da2000000000700a15f/image_05.webp,#161616,#6B6A6F,black,black,unknown,Unclear,False,False,False,False,Unclear,Unclear,unclear,,,neutral,,,,,,,,unknown,0.0,ok
GRP-XHS-68e99da2000000000700a15f-06,68e99da2000000000700a15f,GRP-XHS-68e99da2000000000700a15f,#机能风穿搭,街头潮流与功能性兼备的战甲～,街头潮流与功能性兼备的战甲～,2025-10-11,Dataset/xhs/xiaohongshu_images/机能风穿搭/68e99da2000000000700a15f/image_06.webp,#DBDBD7,#13110E,white,white,unknown,Unclear,False,False,False,False,Unclear,Unclear,unclear,,,neutral,,,,,,,,unknown,0.0,ok
GRP-XHS-68e99da2000000000700a15f-07,68e99da2000000000700a15f,GRP-XHS-68e99da2000000000700a15f,#机能风穿搭,街头潮流与功能性兼备的战甲～,街头潮流与功能性兼备的战甲～,2025-10-11,Dataset/xhs/xiaohongshu_images/机能风穿搭/68e99da2000000000700a15f/image_07.webp,#BCBCC5,#DEDFE5,gray,gray,unknown,Unclear,False,False,False,False,Unclear,Unclear,unclear,,,neutral,,,,,,,,unknown,0.0,ok
GRP-XHS-68e99da2000000000700a15f-08,68e99da2000000000700a15f,GRP-XHS-68e99da2000000000700a15f,#机能风穿搭,街头潮流与功能性兼备的战甲～,街头潮流与功能性兼备的战甲～,2025-10-11,Dataset/xhs/xiaohongshu_images/机能风穿搭/68e99da2000000000700a15f/image_08.webp,#E3E5E6,#503E33,white,white,unknown,Unclear,False,False,False,False,Unclear,Unclear,unclear,,,neutral,,,,,,,,unknown,0.0,ok
GRP-XHS-68e99da2000000000700a15f-09,68e99da2000000000700a15f,GRP-XHS-68e99da2000000000700a15f,#机能风穿搭,街头潮流与功能性兼备的战甲～,街头潮流与功能性兼备的战甲～,2025-10-11,Dataset/xhs/xiaohongshu_images/机能风穿搭/68e99da2000000000700a15f/image_09.webp,#FCFCFC,#404043,white,white,unknown,Unclear,False,False,False,False,Unclear,Unclear,unclear,,,neutral,,,,,,,,unknown,0.0,ok
GRP-XHS-68e99da2000000000700a15f-10,68e99da2000000000700a15f,GRP-XHS-68e99da2000000000700a15f,#机能风穿搭,街头潮流与功能性兼备的战甲～,街头潮流与功能性兼备的战甲～,2025-10-11,Dataset/xhs/xiaohongshu_images/机能风穿搭/68e99da2000000000700a15f/image_10.webp,#B3B2B6,#D4D3D8,gray,gray,unknown,Unclear,False,False,False,False,Unclear,Unclear,unclear,,,neutral,,,,,,,,unknown,0.0,ok
GRP-XHS-68e99da2000000000700a15f-11,68e99da2000000000700a15f,GRP-XHS-68e99da2000000000700a15f,#机能风穿搭,街头潮流与功能性兼备的战甲～,街头潮流与功能性兼备的战甲～,2025-10-11,Dataset/xhs/xiaohongshu_images/机能风穿搭/68e99da2000000000700a15f/image_11.webp,#DDDDE2,#ACAFB5,white,white,unknown,Unclear,False,False,False,False,Unclear,Unclear,unclear,,,neutral,,,,,,,,unknown,0.0,ok
GRP-XHS-68e99da2000000000700a15f-12,68e99da2000000000700a15f,GRP-XHS-68e99da2000000000700a15f,#机能风穿搭,街头潮流与功能性兼备的战甲～,街头潮流与功能性兼备的战甲～,2025-10-11,Dataset/xhs/xiaohongshu_images/机能风穿搭/68e99da2000000000700a15f/image_12.webp,#B5B1B3,#A49A93,gray,gray,unknown,Unclear,False,False,False,False,Unclear,Unclear,unclear,,,neutral,,,,,,,,unknown,0.0,ok
GRP-XHS-69ee2200000000001a035186-02,69ee2200000000001a035186,GRP-XHS-69ee2200000000001a035186,#机能风穿搭,城市户外机能风呀,城市户外机能风呀,2026-04-26,Dataset/xhs/xiaohongshu_images/机能风穿搭/69ee2200000000001a035186/image_02.webp,#B1B2B6,#161615,gray,gray,unknown,Unclear,False,False,False,False,Unclear,Urban_Commute,unclear,机能风 | 户外 | 城市,,neutral,,,,,城市 | 户外,,0.4,text_heuristic,0.4,ok
GRP-XHS-69ee2200000000001a035186-03,69ee2200000000001a035186,GRP-XHS-69ee2200000000001a035186,#机能风穿搭,城市户外机能风呀,城市户外机能风呀,2026-04-26,Dataset/xhs/xiaohongshu_images/机能风穿搭/69ee2200000000001a035186/image_03.webp,#DBCEBD,#171716,orange,red_or_orange,unknown,Unclear,False,False,False,False,Unclear,Urban_Commute,unclear,机能风 | 户外 | 城市,,neutral,,,,,城市 | 户外,,0.4,text_heuristic,0.4,ok
GRP-XHS-69ee2200000000001a035186-04,69ee2200000000001a035186,GRP-XHS-69ee2200000000001a035186,#机能风穿搭,城市户外机能风呀,城市户外机能风呀,2026-04-26,Dataset/xhs/xiaohongshu_images/机能风穿搭/69ee2200000000001a035186/image_04.webp,#171717,#A48A6D,black,black,unknown,Unclear,False,False,False,False,Unclear,Urban_Commute,unclear,机能风 | 户外 | 城市,,neutral,,,,,城市 | 户外,,0.4,text_heuristic,0.4,ok
GRP-XHS-69ee2200000000001a035186-05,69ee2200000000001a035186,GRP-XHS-69ee2200000000001a035186,#机能风穿搭,城市户外机能风呀,城市户外机能风呀,2026-04-26,Dataset/xhs/xiaohongshu_images/机能风穿搭/69ee2200000000001a035186/image_05.webp,#CDBEB4,#0E0D0C,orange,red_or_orange,unknown,Unclear,False,False,False,False,Unclear,Urban_Commute,unclear,机能风 | 户外 | 城市,,neutral,,,,,城市 | 户外,,0.4,text_heuristic,0.4,ok
GRP-XHS-69ee2200000000001a035186-06,69ee2200000000001a035186,GRP-XHS-69ee2200000000001a035186,#机能风穿搭,城市户外机能风呀,城市户外机能风呀,2026-04-26,Dataset/xhs/xiaohongshu_images/机能风穿搭/69ee2200000000001a035186/image_06.webp,#CEC0AD,#988B78,orange,red_or_orange,unknown,Unclear,False,False,False,False,Unclear,Urban_Commute,unclear,机能风 | 户外 | 城市,,neutral,,,,,城市 | 户外,,0.4,text_heuristic,0.4,ok
GRP-XHS-69f1a2c3000000002003bd4e-01,69f1a2c3000000002003bd4e,GRP-XHS-69f1a2c3000000002003bd4e,#机能风穿搭,男生Y2K穿搭，赶紧收藏,男生Y2K穿搭，赶紧收藏,2026-04-30,Dataset/xhs/xiaohongshu_images/机能风穿搭/69f1a2c3000000002003bd4e/image_01.webp,#060607,#2C2D33,black,black,unknown,Unclear,False,False,False,False,Unclear,Unclear,unclear,穿搭,,neutral,,,,,,,,unknown,0.0,ok
GRP-XHS-69f1a2c3000000002003bd4e-02,69f1a2c3000000002003bd4e,GRP-XHS-69f1a2c3000000002003bd4e,#机能风穿搭,男生Y2K穿搭，赶紧收藏,男生Y2K穿搭，赶紧收藏,2026-04-30,Dataset/xhs/xiaohongshu_images/机能风穿搭/69f1a2c3000000002003bd4e/image_02.webp,#F3F0ED,#C2B9B5,white,white,unknown,Unclear,False,False,False,False,Unclear,Unclear,unclear,穿搭,,neutral,,,,,,,,unknown,0.0,ok
GRP-XHS-69f1a2c3000000002003bd4e-03,69f1a2c3000000002003bd4e,GRP-XHS-69f1a2c3000000002003bd4e,#机能风穿搭,男生Y2K穿搭，赶紧收藏,男生Y2K穿搭，赶紧收藏,2026-04-30,Dataset/xhs/xiaohongshu_images/机能风穿搭/69f1a2c3000000002003bd4e/image_03.webp,#F7F4F0,#E4E0DC,white,white,unknown,Unclear,False,False,False,False,Unclear,Unclear,unclear,穿搭,,neutral,,,,,,,,unknown,0.0,ok
GRP-XHS-69f1a2c3000000002003bd4e-04,69f1a2c3000000002003bd4e,GRP-XHS-69f1a2c3000000002003bd4e,#机能风穿搭,男生Y2K穿搭，赶紧收藏,男生Y2K穿搭，赶紧收藏,2026-04-30,Dataset/xhs/xiaohongshu_images/机能风穿搭/69f1a2c3000000002003bd4e/image_04.webp,#F2F0ED,#C7BEBA,white,white,unknown,Unclear,False,False,False,False,Unclear,Unclear,unclear,穿搭,,neutral,,,,,,,,unknown,0.0,ok
GRP-XHS-69f1a2c3000000002003bd4e-05,69f1a2c3000000002003bd4e,GRP-XHS-69f1a2c3000000002003bd4e,#机能风穿搭,男生Y2K穿搭，赶紧收藏,男生Y2K穿搭，赶紧收藏,2026-04-30,Dataset/xhs/xiaohongshu_images/机能风穿搭/69f1a2c3000000002003bd4e/image_05.webp,#EDEEF0,#C3C3C5,white,white,unknown,Unclear,False,False,False,False,Unclear,Unclear,unclear,穿搭,,neutral,,,,,,,,unknown,0.0,ok
GRP-XHS-69f1a2c3000000002003bd4e-06,69f1a2c3000000002003bd4e,GRP-XHS-69f1a2c3000000002003bd4e,#机能风穿搭,男生Y2K穿搭，赶紧收藏,男生Y2K穿搭，赶紧收藏,2026-04-30,Dataset/xhs/xiaohongshu_images/机能风穿搭/69f1a2c3000000002003bd4e/image_06.webp,#F1EDEA,#C5BDB9,white,white,unknown,Unclear,False,False,False,False,Unclear,Unclear,unclear,穿搭,,neutral,,,,,,,,unknown,0.0,ok
GRP-XHS-69f1a2c3000000002003bd4e-07,69f1a2c3000000002003bd4e,GRP-XHS-69f1a2c3000000002003bd4e,#机能风穿搭,男生Y2K穿搭，赶紧收藏,男生Y2K穿搭，赶紧收藏,2026-04-30,Dataset/xhs/xiaohongshu_images/机能风穿搭/69f1a2c3000000002003bd4e/image_07.webp,#F4F2F0,#C7C0BD,white,white,unknown,Unclear,False,False,False,False,Unclear,Unclear,unclear,穿搭,,neutral,,,,,,,,unknown,0.0,ok
GRP-XHS-69f1a2c3000000002003bd4e-08,69f1a2c3000000002003bd4e,GRP-XHS-69f1a2c3000000002003bd4e,#机能风穿搭,男生Y2K穿搭，赶紧收藏,男生Y2K穿搭，赶紧收藏,2026-04-30,Dataset/xhs/xiaohongshu_images/机能风穿搭/69f1a2c3000000002003bd4e/image_08.webp,#F2EFEB,#242527,white,white,unknown,Unclear,False,False,False,False,Unclear,Unclear,unclear,穿搭,,neutral,,,,,,,,unknown,0.0,ok
GRP-XHS-69f1a2c3000000002003bd4e-09,69f1a2c3000000002003bd4e,GRP-XHS-69f1a2c3000000002003bd4e,#机能风穿搭,男生Y2K穿搭，赶紧收藏,男生Y2K穿搭，赶紧收藏,2026-04-30,Dataset/xhs/xiaohongshu_images/机能风穿搭/69f1a2c3000000002003bd4e/image_09.webp,#F5F2EF,#CDC7C3,white,white,unknown,Unclear,False,False,False,False,Unclear,Unclear,unclear,穿搭,,neutral,,,,,,,,unknown,0.0,ok
GRP-XHS-69f1a2c3000000002003bd4e-10,69f1a2c3000000002003bd4e,GRP-XHS-69f1a2c3000000002003bd4e,#机能风穿搭,男生Y2K穿搭，赶紧收藏,男生Y2K穿搭，赶紧收藏,2026-04-30,Dataset/xhs/xiaohongshu_images/机能风穿搭/69f1a2c3000000002003bd4e/image_10.webp,#F1EEEB,#323232,white,white,unknown,Unclear,False,False,False,False,Unclear,Unclear,unclear,穿搭,,neutral,,,,,,,,unknown,0.0,ok
GRP-XHS-6840e849000000000f031564-01,6840e849000000000f031564,GRP-XHS-6840e849000000000f031564,#机能风穿搭,hamcus机能怀旧户外风穿搭,hamcus机能怀旧户外风穿搭,2025-06-05,Dataset/xhs/xiaohongshu_images/机能风穿搭/6840e849000000000f031564/image_01.webp,#DADADE,#CACCD0,white,white,unknown,Unclear,False,False,False,False,Unclear,Outdoor,unclear,穿搭 | 户外,,neutral,,,,,户外,,0.4,text_heuristic,0.4,ok
GRP-XHS-6840e849000000000f031564-02,6840e849000000000f031564,GRP-XHS-6840e849000000000f031564,#机能风穿搭,hamcus机能怀旧户外风穿搭,hamcus机能怀旧户外风穿搭,2025-06-05,Dataset/xhs/xiaohongshu_images/机能风穿搭/6840e849000000000f031564/image_02.webp,#D9D9DD,#C8CBCF,white,white,unknown,Unclear,False,False,False,False,Unclear,Outdoor,unclear,穿搭 | 户外,,neutral,,,,,户外,,0.4,text_heuristic,0.4,ok
GRP-XHS-6a02f9f4000000003501da73-01,6a02f9f4000000003501da73,GRP-XHS-6a02f9f4000000003501da73,#机能风穿搭,爽吃八件,爽吃八件,2026-05-12,Dataset/xhs/xiaohongshu_images/机能风穿搭/6a02f9f4000000003501da73/image_01.webp,#FDFDFD,#D6D2D1,white,white,unknown,Unclear,False,False,False,False,Unclear,Unclear,unclear,,,neutral,,,,,,,,unknown,0.0,ok
GRP-XHS-6a02f9f4000000003501da73-02,6a02f9f4000000003501da73,GRP-XHS-6a02f9f4000000003501da73,#机能风穿搭,爽吃八件,爽吃八件,2026-05-12,Dataset/xhs/xiaohongshu_images/机能风穿搭/6a02f9f4000000003501da73/image_02.webp,#FEFEFE,#A190A1,white,white,unknown,Unclear,False,False,False,False,Unclear,Unclear,unclear,,,neutral,,,,,,,,unknown,0.0,ok
GRP-XHS-6a02f9f4000000003501da73-04,6a02f9f4000000003501da73,GRP-XHS-6a02f9f4000000003501da73,#机能风穿搭,爽吃八件,爽吃八件,2026-05-12,Dataset/xhs/xiaohongshu_images/机能风穿搭/6a02f9f4000000003501da73/image_04.webp,#FFFEFE,#352626,white,white,unknown,Unclear,False,False,False,False,Unclear,Unclear,unclear,,,neutral,,,,,,,,unknown,0.0,ok
GRP-XHS-6a02f9f4000000003501da73-05,6a02f9f4000000003501da73,GRP-XHS-6a02f9f4000000003501da73,#机能风穿搭,爽吃八件,爽吃八件,2026-05-12,Dataset/xhs/xiaohongshu_images/机能风穿搭/6a02f9f4000000003501da73/image_05.webp,#FEFEFE,#D6D9D4,white,white,unknown,Unclear,False,False,False,False,Unclear,Unclear,unclear,,,neutral,,,,,,,,unknown,0.0,ok
GRP-XHS-6a02f9f4000000003501da73-06,6a02f9f4000000003501da73,GRP-XHS-6a02f9f4000000003501da73,#机能风穿搭,爽吃八件,爽吃八件,2026-05-12,Dataset/xhs/xiaohongshu_images/机能风穿搭/6a02f9f4000000003501da73/image_06.webp,#FEFEFE,#C3D0DD,white,white,unknown,Unclear,False,False,False,False,Unclear,Unclear,unclear,,,neutral,,,,,,,,unknown,0.0,ok
GRP-XHS-6a02f9f4000000003501da73-07,6a02f9f4000000003501da73,GRP-XHS-6a02f9f4000000003501da73,#机能风穿搭,爽吃八件,爽吃八件,2026-05-12,Dataset/xhs/xiaohongshu_images/机能风穿搭/6a02f9f4000000003501da73/image_07.webp,#FEFEFE,#A7A0B2,white,white,unknown,Unclear,False,False,False,False,Unclear,Unclear,unclear,,,neutral,,,,,,,,unknown,0.0,ok
GRP-XHS-6a02f9f4000000003501da73-08,6a02f9f4000000003501da73,GRP-XHS-6a02f9f4000000003501da73,#机能风穿搭,爽吃八件,爽吃八件,2026-05-12,Dataset/xhs/xiaohongshu_images/机能风穿搭/6a02f9f4000000003501da73/image_08.webp,#FEFEFD,#2C2B2B,white,white,unknown,Unclear,False,False,False,False,Unclear,Unclear,unclear,,,neutral,,,,,,,,unknown,0.0,ok
GRP-XHS-6a0c6070000000000803cef0-01,6a0c6070000000000803cef0,GRP-XHS-6a0c6070000000000803cef0,#机能风穿搭,all black⚫️夏日暗黑机能风穿搭🥷,all black⚫️夏日暗黑机能风穿搭🥷,2026-05-20,Dataset/xhs/xiaohongshu_images/机能风穿搭/6a0c6070000000000803cef0/image_01.webp,#050505,#302E30,black,black,unknown,Unclear,False,False,False,False,Unclear,Unclear,unclear,机能风 | 穿搭 | 黑,,neutral,,黑,,,,,,unknown,0.0,ok
GRP-XHS-698c2408000000000b010188-01,698c2408000000000b010188,GRP-XHS-698c2408000000000b010188,#机能风穿搭,男团穿搭的统一美学,男团穿搭的统一美学,2026-02-11,Dataset/xhs/xiaohongshu_images/机能风穿搭/698c2408000000000b010188/image_01.webp,#363839,#CED2C9,gray,gray,unknown,Unclear,False,False,False,False,Unclear,Unclear,unclear,穿搭,,neutral,,,,,,,,unknown,0.0,ok
GRP-XHS-68a303ed000000001d02c3c5-01,68a303ed000000001d02c3c5,GRP-XHS-68a303ed000000001d02c3c5,#机能风穿搭,论粥批怎么穿能在地铁上被同类一眼认出？,论粥批怎么穿能在地铁上被同类一眼认出？,2025-08-18,Dataset/xhs/xiaohongshu_images/机能风穿搭/68a303ed000000001d02c3c5/image_01.webp,#1E1615,#75462C,black,black,unknown,Unclear,False,False,False,False,Unclear,Unclear,unclear,,,neutral,,,,,,,,unknown,0.0,ok
GRP-XHS-68a303ed000000001d02c3c5-02,68a303ed000000001d02c3c5,GRP-XHS-68a303ed000000001d02c3c5,#机能风穿搭,论粥批怎么穿能在地铁上被同类一眼认出？,论粥批怎么穿能在地铁上被同类一眼认出？,2025-08-18,Dataset/xhs/xiaohongshu_images/机能风穿搭/68a303ed000000001d02c3c5/image_02.webp,#18120E,#3D2E25,black,black,unknown,Unclear,False,False,False,False,Unclear,Unclear,unclear,,,neutral,,,,,,,,unknown,0.0,ok
GRP-XHS-68a303ed000000001d02c3c5-03,68a303ed000000001d02c3c5,GRP-XHS-68a303ed000000001d02c3c5,#机能风穿搭,论粥批怎么穿能在地铁上被同类一眼认出？,论粥批怎么穿能在地铁上被同类一眼认出？,2025-08-18,Dataset/xhs/xiaohongshu_images/机能风穿搭/68a303ed000000001d02c3c5/image_03.webp,#3A2820,#5E4B41,orange,red_or_orange,unknown,Unclear,False,False,False,False,Unclear,Unclear,unclear,,,neutral,,,,,,,,unknown,0.0,ok
GRP-XHS-68a303ed000000001d02c3c5-04,68a303ed000000001d02c3c5,GRP-XHS-68a303ed000000001d02c3c5,#机能风穿搭,论粥批怎么穿能在地铁上被同类一眼认出？,论粥批怎么穿能在地铁上被同类一眼认出？,2025-08-18,Dataset/xhs/xiaohongshu_images/机能风穿搭/68a303ed000000001d02c3c5/image_04.webp,#241813,#51372B,black,black,unknown,Unclear,False,False,False,False,Unclear,Unclear,unclear,,,neutral,,,,,,,,unknown,0.0,ok
GRP-XHS-68a303ed000000001d02c3c5-05,68a303ed000000001d02c3c5,GRP-XHS-68a303ed000000001d02c3c5,#机能风穿搭,论粥批怎么穿能在地铁上被同类一眼认出？,论粥批怎么穿能在地铁上被同类一眼认出？,2025-08-18,Dataset/xhs/xiaohongshu_images/机能风穿搭/68a303ed000000001d02c3c5/image_05.webp,#19110A,#433731,black,black,unknown,Unclear,False,False,False,False,Unclear,Unclear,unclear,,,neutral,,,,,,,,unknown,0.0,ok
GRP-XHS-68a303ed000000001d02c3c5-06,68a303ed000000001d02c3c5,GRP-XHS-68a303ed000000001d02c3c5,#机能风穿搭,论粥批怎么穿能在地铁上被同类一眼认出？,论粥批怎么穿能在地铁上被同类一眼认出？,2025-08-18,Dataset/xhs/xiaohongshu_images/机能风穿搭/68a303ed000000001d02c3c5/image_06.webp,#291913,#6A3920,black,black,unknown,Unclear,False,False,False,False,Unclear,Unclear,unclear,,,neutral,,,,,,,,unknown,0.0,ok
GRP-XHS-68a303ed000000001d02c3c5-07,68a303ed000000001d02c3c5,GRP-XHS-68a303ed000000001d02c3c5,#机能风穿搭,论粥批怎么穿能在地铁上被同类一眼认出？,论粥批怎么穿能在地铁上被同类一眼认出？,2025-08-18,Dataset/xhs/xiaohongshu_images/机能风穿搭/68a303ed000000001d02c3c5/image_07.webp,#1D130D,#303138,black,black,unknown,Unclear,False,False,False,False,Unclear,Unclear,unclear,,,neutral,,,,,,,,unknown,0.0,ok
GRP-XHS-68f236ae00000000050023e3-01,68f236ae00000000050023e3,GRP-XHS-68f236ae00000000050023e3,#机能风穿搭,当你下班后想起  Y2K女神说喜欢户外机能风·,当你下班后想起  Y2K女神说喜欢户外机能风·,2025-10-17,Dataset/xhs/xiaohongshu_images/机能风穿搭/68f236ae00000000050023e3/image_01.webp,#534F51,#2A272A,gray,gray,unknown,Unclear,False,False,False,False,Unclear,Outdoor,unclear,机能风 | 户外,,positive,1.0,,,,户外,,0.4,text_heuristic,0.4,ok
GRP-XHS-6a030f4b0000000007029560-01,6a030f4b0000000007029560,GRP-XHS-6a030f4b0000000007029560,#机能风穿搭,OOTD｜黑系轻机能风夏季穿搭分享,OOTD｜黑系轻机能风夏季穿搭分享,2026-05-12,Dataset/xhs/xiaohongshu_images/机能风穿搭/6a030f4b0000000007029560/image_01.webp,#747360,#505339,olive,olive_or_green,unknown,Unclear,False,False,False,False,Unclear,Unclear,unclear,机能风 | 穿搭 | 黑 | 夏季,,neutral,,黑,,,夏季,,,unknown,0.0,ok
GRP-XHS-6a030f4b0000000007029560-02,6a030f4b0000000007029560,GRP-XHS-6a030f4b0000000007029560,#机能风穿搭,OOTD｜黑系轻机能风夏季穿搭分享,OOTD｜黑系轻机能风夏季穿搭分享,2026-05-12,Dataset/xhs/xiaohongshu_images/机能风穿搭/6a030f4b0000000007029560/image_02.webp,#89896D,#B0AD94,olive,olive_or_green,unknown,Unclear,False,False,False,False,Unclear,Unclear,unclear,机能风 | 穿搭 | 黑 | 夏季,,neutral,,黑,,,夏季,,,unknown,0.0,ok
GRP-XHS-6a030f4b0000000007029560-04,6a030f4b0000000007029560,GRP-XHS-6a030f4b0000000007029560,#机能风穿搭,OOTD｜黑系轻机能风夏季穿搭分享,OOTD｜黑系轻机能风夏季穿搭分享,2026-05-12,Dataset/xhs/xiaohongshu_images/机能风穿搭/6a030f4b0000000007029560/image_04.webp,#747461,#505139,olive,olive_or_green,unknown,Unclear,False,False,False,False,Unclear,Unclear,unclear,机能风 | 穿搭 | 黑 | 夏季,,neutral,,黑,,,夏季,,,unknown,0.0,ok
GRP-XHS-6a030f4b0000000007029560-05,6a030f4b0000000007029560,GRP-XHS-6a030f4b0000000007029560,#机能风穿搭,OOTD｜黑系轻机能风夏季穿搭分享,OOTD｜黑系轻机能风夏季穿搭分享,2026-05-12,Dataset/xhs/xiaohongshu_images/机能风穿搭/6a030f4b0000000007029560/image_05.webp,#7D7D73,#676E45,gray,gray,unknown,Unclear,False,False,False,False,Unclear,Unclear,unclear,机能风 | 穿搭 | 黑 | 夏季,,neutral,,黑,,,夏季,,,unknown,0.0,ok
GRP-XHS-6a030f4b0000000007029560-06,6a030f4b0000000007029560,GRP-XHS-6a030f4b0000000007029560,#机能风穿搭,OOTD｜黑系轻机能风夏季穿搭分享,OOTD｜黑系轻机能风夏季穿搭分享,2026-05-12,Dataset/xhs/xiaohongshu_images/机能风穿搭/6a030f4b0000000007029560/image_06.webp,#404246,#AEA69F,gray,gray,unknown,Unclear,False,False,False,False,Unclear,Unclear,unclear,机能风 | 穿搭 | 黑 | 夏季,,neutral,,黑,,,夏季,,,unknown,0.0,ok
GRP-XHS-69abcb250000000015030d20-01,69abcb250000000015030d20,GRP-XHS-69abcb250000000015030d20,#机能风穿搭,12种顶男穿搭风格 | 男生干货必看‼️,12种顶男穿搭风格 | 男生干货必看‼️,2026-03-12,Dataset/xhs/xiaohongshu_images/机能风穿搭/69abcb250000000015030d20/image_01.webp,#E1E1E0,#202123,white,white,unknown,Unclear,False,False,False,False,Unclear,Unclear,unclear,穿搭,,neutral,,,,,,,,unknown,0.0,ok
GRP-XHS-69abcb250000000015030d20-02,69abcb250000000015030d20,GRP-XHS-69abcb250000000015030d20,#机能风穿搭,12种顶男穿搭风格 | 男生干货必看‼️,12种顶男穿搭风格 | 男生干货必看‼️,2026-03-12,Dataset/xhs/xiaohongshu_images/机能风穿搭/69abcb250000000015030d20/image_02.webp,#E2E1E0,#445249,white,white,unknown,Unclear,False,False,False,False,Unclear,Unclear,unclear,穿搭,,neutral,,,,,,,,unknown,0.0,ok
GRP-XHS-69abcb250000000015030d20-03,69abcb250000000015030d20,GRP-XHS-69abcb250000000015030d20,#机能风穿搭,12种顶男穿搭风格 | 男生干货必看‼️,12种顶男穿搭风格 | 男生干货必看‼️,2026-03-12,Dataset/xhs/xiaohongshu_images/机能风穿搭/69abcb250000000015030d20/image_03.webp,#E1E1E1,#49584B,white,white,unknown,Unclear,False,False,False,False,Unclear,Unclear,unclear,穿搭,,neutral,,,,,,,,unknown,0.0,ok
GRP-XHS-69abcb250000000015030d20-04,69abcb250000000015030d20,GRP-XHS-69abcb250000000015030d20,#机能风穿搭,12种顶男穿搭风格 | 男生干货必看‼️,12种顶男穿搭风格 | 男生干货必看‼️,2026-03-12,Dataset/xhs/xiaohongshu_images/机能风穿搭/69abcb250000000015030d20/image_04.webp,#E5E5E5,#D8D8D7,white,white,unknown,Unclear,False,False,False,False,Unclear,Unclear,unclear,穿搭,,neutral,,,,,,,,unknown,0.0,ok
GRP-XHS-69abcb250000000015030d20-05,69abcb250000000015030d20,GRP-XHS-69abcb250000000015030d20,#机能风穿搭,12种顶男穿搭风格 | 男生干货必看‼️,12种顶男穿搭风格 | 男生干货必看‼️,2026-03-12,Dataset/xhs/xiaohongshu_images/机能风穿搭/69abcb250000000015030d20/image_05.webp,#E0E0E0,#1F1C1A,white,white,unknown,Unclear,False,False,False,False,Unclear,Unclear,unclear,穿搭,,neutral,,,,,,,,unknown,0.0,ok
GRP-XHS-69abcb250000000015030d20-06,69abcb250000000015030d20,GRP-XHS-69abcb250000000015030d20,#机能风穿搭,12种顶男穿搭风格 | 男生干货必看‼️,12种顶男穿搭风格 | 男生干货必看‼️,2026-03-12,Dataset/xhs/xiaohongshu_images/机能风穿搭/69abcb250000000015030d20/image_06.webp,#E1E1E1,#222327,white,white,unknown,Unclear,False,False,False,False,Unclear,Unclear,unclear,穿搭,,neutral,,,,,,,,unknown,0.0,ok
GRP-XHS-69abcb250000000015030d20-07,69abcb250000000015030d20,GRP-XHS-69abcb250000000015030d20,#机能风穿搭,12种顶男穿搭风格 | 男生干货必看‼️,12种顶男穿搭风格 | 男生干货必看‼️,2026-03-12,Dataset/xhs/xiaohongshu_images/机能风穿搭/69abcb250000000015030d20/image_07.webp,#E1E1E0,#171B1B,white,white,unknown,Unclear,False,False,False,False,Unclear,Unclear,unclear,穿搭,,neutral,,,,,,,,unknown,0.0,ok
GRP-XHS-69abcb250000000015030d20-08,69abcb250000000015030d20,GRP-XHS-69abcb250000000015030d20,#机能风穿搭,12种顶男穿搭风格 | 男生干货必看‼️,12种顶男穿搭风格 | 男生干货必看‼️,2026-03-12,Dataset/xhs/xiaohongshu_images/机能风穿搭/69abcb250000000015030d20/image_08.webp,#E1E1E1,#434D4C,white,white,unknown,Unclear,False,False,False,False,Unclear,Unclear,unclear,穿搭,,neutral,,,,,,,,unknown,0.0,ok
GRP-XHS-69abcb250000000015030d20-09,69abcb250000000015030d20,GRP-XHS-69abcb250000000015030d20,#机能风穿搭,12种顶男穿搭风格 | 男生干货必看‼️,12种顶男穿搭风格 | 男生干货必看‼️,2026-03-12,Dataset/xhs/xiaohongshu_images/机能风穿搭/69abcb250000000015030d20/image_09.webp,#E1E1E1,#6C6A56,white,white,unknown,Unclear,False,False,False,False,Unclear,Unclear,unclear,穿搭,,neutral,,,,,,,,unknown,0.0,ok
GRP-XHS-69abcb250000000015030d20-10,69abcb250000000015030d20,GRP-XHS-69abcb250000000015030d20,#机能风穿搭,12种顶男穿搭风格 | 男生干货必看‼️,12种顶男穿搭风格 | 男生干货必看‼️,2026-03-12,Dataset/xhs/xiaohongshu_images/机能风穿搭/69abcb250000000015030d20/image_10.webp,#E1E1E1,#21242E,white,white,unknown,Unclear,False,False,False,False,Unclear,Unclear,unclear,穿搭,,neutral,,,,,,,,unknown,0.0,ok
GRP-XHS-69abcb250000000015030d20-11,69abcb250000000015030d20,GRP-XHS-69abcb250000000015030d20,#机能风穿搭,12种顶男穿搭风格 | 男生干货必看‼️,12种顶男穿搭风格 | 男生干货必看‼️,2026-03-12,Dataset/xhs/xiaohongshu_images/机能风穿搭/69abcb250000000015030d20/image_11.webp,#E3E3E3,#D1D0CE,white,white,unknown,Unclear,False,False,False,False,Unclear,Unclear,unclear,穿搭,,neutral,,,,,,,,unknown,0.0,ok
GRP-XHS-69abcb250000000015030d20-12,69abcb250000000015030d20,GRP-XHS-69abcb250000000015030d20,#机能风穿搭,12种顶男穿搭风格 | 男生干货必看‼️,12种顶男穿搭风格 | 男生干货必看‼️,2026-03-12,Dataset/xhs/xiaohongshu_images/机能风穿搭/69abcb250000000015030d20/image_12.webp,#E5E5E5,#D8D8D8,white,white,unknown,Unclear,False,False,False,False,Unclear,Unclear,unclear,穿搭,,neutral,,,,,,,,unknown,0.0,ok
GRP-XHS-69abcb250000000015030d20-13,69abcb250000000015030d20,GRP-XHS-69abcb250000000015030d20,#机能风穿搭,12种顶男穿搭风格 | 男生干货必看‼️,12种顶男穿搭风格 | 男生干货必看‼️,2026-03-12,Dataset/xhs/xiaohongshu_images/机能风穿搭/69abcb250000000015030d20/image_13.webp,#E3E3E3,#D4D3D0,white,white,unknown,Unclear,False,False,False,False,Unclear,Unclear,unclear,穿搭,,neutral,,,,,,,,unknown,0.0,ok
GRP-XHS-684788cd0000000023016507-01,684788cd0000000023016507,GRP-XHS-684788cd0000000023016507,#机能风穿搭,有没有人会喜欢这种工装风格？,有没有人会喜欢这种工装风格？,2025-06-10,Dataset/xhs/xiaohongshu_images/机能风穿搭/684788cd0000000023016507/image_01.webp,#202025,#EBEBEA,black,black,unknown,Unclear,False,False,False,False,Unclear,Unclear,unclear,工装,,positive,1.0,,,,,,,unknown,0.0,ok
GRP-XHS-684788cd0000000023016507-02,684788cd0000000023016507,GRP-XHS-684788cd0000000023016507,#机能风穿搭,有没有人会喜欢这种工装风格？,有没有人会喜欢这种工装风格？,2025-06-10,Dataset/xhs/xiaohongshu_images/机能风穿搭/684788cd0000000023016507/image_02.webp,#ECECED,#1E1E23,white,white,unknown,Unclear,False,False,False,False,Unclear,Unclear,unclear,工装,,positive,1.0,,,,,,,unknown,0.0,ok
GRP-XHS-684788cd0000000023016507-03,684788cd0000000023016507,GRP-XHS-684788cd0000000023016507,#机能风穿搭,有没有人会喜欢这种工装风格？,有没有人会喜欢这种工装风格？,2025-06-10,Dataset/xhs/xiaohongshu_images/机能风穿搭/684788cd0000000023016507/image_03.webp,#E7E6E5,#1F1F23,white,white,unknown,Unclear,False,False,False,False,Unclear,Unclear,unclear,工装,,positive,1.0,,,,,,,unknown,0.0,ok
GRP-XHS-684788cd0000000023016507-04,684788cd0000000023016507,GRP-XHS-684788cd0000000023016507,#机能风穿搭,有没有人会喜欢这种工装风格？,有没有人会喜欢这种工装风格？,2025-06-10,Dataset/xhs/xiaohongshu_images/机能风穿搭/684788cd0000000023016507/image_04.webp,#F0F3F1,#191419,white,white,unknown,Unclear,False,False,False,False,Unclear,Unclear,unclear,工装,,positive,1.0,,,,,,,unknown,0.0,ok
GRP-XHS-686ba63900000000170307da-01,686ba63900000000170307da,GRP-XHS-686ba63900000000170307da,#机能风穿搭,一不小心就帅成街头潮男！🔥,一不小心就帅成街头潮男！🔥,2025-07-07,Dataset/xhs/xiaohongshu_images/机能风穿搭/686ba63900000000170307da/image_01.webp,#C9C9C9,#908C8F,gray,gray,unknown,Unclear,False,False,False,False,Unclear,Unclear,unclear,,,neutral,,,,,,,,unknown,0.0,ok
GRP-XHS-686ba63900000000170307da-04,686ba63900000000170307da,GRP-XHS-686ba63900000000170307da,#机能风穿搭,一不小心就帅成街头潮男！🔥,一不小心就帅成街头潮男！🔥,2025-07-07,Dataset/xhs/xiaohongshu_images/机能风穿搭/686ba63900000000170307da/image_04.webp,#C8C7C8,#26262D,gray,gray,unknown,Unclear,False,False,False,False,Unclear,Unclear,unclear,,,neutral,,,,,,,,unknown,0.0,ok
GRP-XHS-685bc77e00000000170363c7-01,685bc77e00000000170363c7,GRP-XHS-685bc77e00000000170363c7,#机能风穿搭,hamcus机能风套装穿搭LOOK,hamcus机能风套装穿搭LOOK,2025-06-25,Dataset/xhs/xiaohongshu_images/机能风穿搭/685bc77e00000000170363c7/image_01.webp,#D9D9DD,#C6C7CB,white,white,unknown,Unclear,False,False,False,False,Unclear,Unclear,unclear,机能风 | 穿搭,,neutral,,,,,,,,unknown,0.0,ok
GRP-XHS-685bc77e00000000170363c7-02,685bc77e00000000170363c7,GRP-XHS-685bc77e00000000170363c7,#机能风穿搭,hamcus机能风套装穿搭LOOK,hamcus机能风套装穿搭LOOK,2025-06-25,Dataset/xhs/xiaohongshu_images/机能风穿搭/685bc77e00000000170363c7/image_02.webp,#D5D5D9,#C2C4C7,white,white,unknown,Unclear,False,False,False,False,Unclear,Unclear,unclear,机能风 | 穿搭,,neutral,,,,,,,,unknown,0.0,ok
GRP-XHS-685bc77e00000000170363c7-03,685bc77e00000000170363c7,GRP-XHS-685bc77e00000000170363c7,#机能风穿搭,hamcus机能风套装穿搭LOOK,hamcus机能风套装穿搭LOOK,2025-06-25,Dataset/xhs/xiaohongshu_images/机能风穿搭/685bc77e00000000170363c7/image_03.webp,#DBDBDF,#B1B1B0,white,white,unknown,Unclear,False,False,False,False,Unclear,Unclear,unclear,机能风 | 穿搭,,neutral,,,,,,,,unknown,0.0,ok
GRP-XHS-685bc77e00000000170363c7-04,685bc77e00000000170363c7,GRP-XHS-685bc77e00000000170363c7,#机能风穿搭,hamcus机能风套装穿搭LOOK,hamcus机能风套装穿搭LOOK,2025-06-25,Dataset/xhs/xiaohongshu_images/机能风穿搭/685bc77e00000000170363c7/image_04.webp,#D4D3D8,#949592,white,white,unknown,Unclear,False,False,False,False,Unclear,Unclear,unclear,机能风 | 穿搭,,neutral,,,,,,,,unknown,0.0,ok
GRP-XHS-685bc77e00000000170363c7-05,685bc77e00000000170363c7,GRP-XHS-685bc77e00000000170363c7,#机能风穿搭,hamcus机能风套装穿搭LOOK,hamcus机能风套装穿搭LOOK,2025-06-25,Dataset/xhs/xiaohongshu_images/机能风穿搭/685bc77e00000000170363c7/image_05.webp,#D5D4D9,#72726B,white,white,unknown,Unclear,False,False,False,False,Unclear,Unclear,unclear,机能风 | 穿搭,,neutral,,,,,,,,unknown,0.0,ok
GRP-XHS-685bc77e00000000170363c7-06,685bc77e00000000170363c7,GRP-XHS-685bc77e00000000170363c7,#机能风穿搭,hamcus机能风套装穿搭LOOK,hamcus机能风套装穿搭LOOK,2025-06-25,Dataset/xhs/xiaohongshu_images/机能风穿搭/685bc77e00000000170363c7/image_06.webp,#D3D2D7,#BFC0C4,white,white,unknown,Unclear,False,False,False,False,Unclear,Unclear,unclear,机能风 | 穿搭,,neutral,,,,,,,,unknown,0.0,ok
GRP-XHS-685bc77e00000000170363c7-07,685bc77e00000000170363c7,GRP-XHS-685bc77e00000000170363c7,#机能风穿搭,hamcus机能风套装穿搭LOOK,hamcus机能风套装穿搭LOOK,2025-06-25,Dataset/xhs/xiaohongshu_images/机能风穿搭/685bc77e00000000170363c7/image_07.webp,#DADADE,#C9CBCF,white,white,unknown,Unclear,False,False,False,False,Unclear,Unclear,unclear,机能风 | 穿搭,,neutral,,,,,,,,unknown,0.0,ok
GRP-XHS-685bc77e00000000170363c7-08,685bc77e00000000170363c7,GRP-XHS-685bc77e00000000170363c7,#机能风穿搭,hamcus机能风套装穿搭LOOK,hamcus机能风套装穿搭LOOK,2025-06-25,Dataset/xhs/xiaohongshu_images/机能风穿搭/685bc77e00000000170363c7/image_08.webp,#DBDBDF,#CCCED2,white,white,unknown,Unclear,False,False,False,False,Unclear,Unclear,unclear,机能风 | 穿搭,,neutral,,,,,,,,unknown,0.0,ok
GRP-XHS-685bc77e00000000170363c7-11,685bc77e00000000170363c7,GRP-XHS-685bc77e00000000170363c7,#机能风穿搭,hamcus机能风套装穿搭LOOK,hamcus机能风套装穿搭LOOK,2025-06-25,Dataset/xhs/xiaohongshu_images/机能风穿搭/685bc77e00000000170363c7/image_11.webp,#D9D9DD,#C9CBCF,white,white,unknown,Unclear,False,False,False,False,Unclear,Unclear,unclear,机能风 | 穿搭,,neutral,,,,,,,,unknown,0.0,ok
GRP-XHS-68bc2cca000000001d019e1a-01,68bc2cca000000001d019e1a,GRP-XHS-68bc2cca000000001d019e1a,#机能风穿搭,入秋最拿得出手的几套顶男fitcheck😈,入秋最拿得出手的几套顶男fitcheck😈,2025-09-06,Dataset/xhs/xiaohongshu_images/机能风穿搭/68bc2cca000000001d019e1a/image_01.webp,#AEB1A6,#82857A,gray,gray,unknown,Unclear,False,False,False,False,Unclear,Unclear,unclear,,,neutral,,,,,,,,unknown,0.0,ok
GRP-XHS-68bc2cca000000001d019e1a-02,68bc2cca000000001d019e1a,GRP-XHS-68bc2cca000000001d019e1a,#机能风穿搭,入秋最拿得出手的几套顶男fitcheck😈,入秋最拿得出手的几套顶男fitcheck😈,2025-09-06,Dataset/xhs/xiaohongshu_images/机能风穿搭/68bc2cca000000001d019e1a/image_02.webp,#D9DBD4,#777D73,white,white,unknown,Unclear,False,False,False,False,Unclear,Unclear,unclear,,,neutral,,,,,,,,unknown,0.0,ok
GRP-XHS-68bc2cca000000001d019e1a-03,68bc2cca000000001d019e1a,GRP-XHS-68bc2cca000000001d019e1a,#机能风穿搭,入秋最拿得出手的几套顶男fitcheck😈,入秋最拿得出手的几套顶男fitcheck😈,2025-09-06,Dataset/xhs/xiaohongshu_images/机能风穿搭/68bc2cca000000001d019e1a/image_03.webp,#81857B,#BABBB0,gray,gray,unknown,Unclear,False,False,False,False,Unclear,Unclear,unclear,,,neutral,,,,,,,,unknown,0.0,ok
GRP-XHS-68bc2cca000000001d019e1a-04,68bc2cca000000001d019e1a,GRP-XHS-68bc2cca000000001d019e1a,#机能风穿搭,入秋最拿得出手的几套顶男fitcheck😈,入秋最拿得出手的几套顶男fitcheck😈,2025-09-06,Dataset/xhs/xiaohongshu_images/机能风穿搭/68bc2cca000000001d019e1a/image_04.webp,#C0C4BD,#90948C,gray,gray,unknown,Unclear,False,False,False,False,Unclear,Unclear,unclear,,,neutral,,,,,,,,unknown,0.0,ok
GRP-XHS-68bc2cca000000001d019e1a-05,68bc2cca000000001d019e1a,GRP-XHS-68bc2cca000000001d019e1a,#机能风穿搭,入秋最拿得出手的几套顶男fitcheck😈,入秋最拿得出手的几套顶男fitcheck😈,2025-09-06,Dataset/xhs/xiaohongshu_images/机能风穿搭/68bc2cca000000001d019e1a/image_05.webp,#AEB2AB,#818379,gray,gray,unknown,Unclear,False,False,False,False,Unclear,Unclear,unclear,,,neutral,,,,,,,,unknown,0.0,ok
GRP-XHS-68bc2cca000000001d019e1a-06,68bc2cca000000001d019e1a,GRP-XHS-68bc2cca000000001d019e1a,#机能风穿搭,入秋最拿得出手的几套顶男fitcheck😈,入秋最拿得出手的几套顶男fitcheck😈,2025-09-06,Dataset/xhs/xiaohongshu_images/机能风穿搭/68bc2cca000000001d019e1a/image_06.webp,#878C87,#ACB2AA,gray,gray,unknown,Unclear,False,False,False,False,Unclear,Unclear,unclear,,,neutral,,,,,,,,unknown,0.0,ok
GRP-XHS-68bc2cca000000001d019e1a-07,68bc2cca000000001d019e1a,GRP-XHS-68bc2cca000000001d019e1a,#机能风穿搭,入秋最拿得出手的几套顶男fitcheck😈,入秋最拿得出手的几套顶男fitcheck😈,2025-09-06,Dataset/xhs/xiaohongshu_images/机能风穿搭/68bc2cca000000001d019e1a/image_07.webp,#6F746C,#A5A9A1,gray,gray,unknown,Unclear,False,False,False,False,Unclear,Unclear,unclear,,,neutral,,,,,,,,unknown,0.0,ok
GRP-XHS-68bc2cca000000001d019e1a-08,68bc2cca000000001d019e1a,GRP-XHS-68bc2cca000000001d019e1a,#机能风穿搭,入秋最拿得出手的几套顶男fitcheck😈,入秋最拿得出手的几套顶男fitcheck😈,2025-09-06,Dataset/xhs/xiaohongshu_images/机能风穿搭/68bc2cca000000001d019e1a/image_08.webp,#CED4D2,#ADB1AA,white,white,unknown,Unclear,False,False,False,False,Unclear,Unclear,unclear,,,neutral,,,,,,,,unknown,0.0,ok
GRP-XHS-68bc2cca000000001d019e1a-09,68bc2cca000000001d019e1a,GRP-XHS-68bc2cca000000001d019e1a,#机能风穿搭,入秋最拿得出手的几套顶男fitcheck😈,入秋最拿得出手的几套顶男fitcheck😈,2025-09-06,Dataset/xhs/xiaohongshu_images/机能风穿搭/68bc2cca000000001d019e1a/image_09.webp,#CFD3CE,#82877E,white,white,unknown,Unclear,False,False,False,False,Unclear,Unclear,unclear,,,neutral,,,,,,,,unknown,0.0,ok
GRP-XHS-68fb6cfb000000000702108e-01,68fb6cfb000000000702108e,GRP-XHS-68fb6cfb000000000702108e,#机能风穿搭,暗黑机能风/Frustration Garden,暗黑机能风/Frustration Garden,2025-10-24,Dataset/xhs/xiaohongshu_images/机能风穿搭/68fb6cfb000000000702108e/image_01.webp,#8A8D95,#A4A6B1,gray,gray,unknown,Unclear,False,False,False,False,Unclear,Unclear,unclear,机能风 | 黑,,neutral,,黑,,,,,,unknown,0.0,ok
GRP-XHS-68fb6cfb000000000702108e-03,68fb6cfb000000000702108e,GRP-XHS-68fb6cfb000000000702108e,#机能风穿搭,暗黑机能风/Frustration Garden,暗黑机能风/Frustration Garden,2025-10-24,Dataset/xhs/xiaohongshu_images/机能风穿搭/68fb6cfb000000000702108e/image_03.webp,#8D94A1,#ACAFBC,blue,blue,unknown,Unclear,False,False,False,False,Unclear,Unclear,unclear,机能风 | 黑,,neutral,,黑,,,,,,unknown,0.0,ok
GRP-XHS-68fb6cfb000000000702108e-04,68fb6cfb000000000702108e,GRP-XHS-68fb6cfb000000000702108e,#机能风穿搭,暗黑机能风/Frustration Garden,暗黑机能风/Frustration Garden,2025-10-24,Dataset/xhs/xiaohongshu_images/机能风穿搭/68fb6cfb000000000702108e/image_04.webp,#9EA3AE,#E2E6EC,gray,gray,unknown,Unclear,False,False,False,False,Unclear,Unclear,unclear,机能风 | 黑,,neutral,,黑,,,,,,unknown,0.0,ok
GRP-XHS-697744de000000002103eb17-01,697744de000000002103eb17,GRP-XHS-697744de000000002103eb17,#机能风穿搭,不卡建模的男生穿搭合集✨,不卡建模的男生穿搭合集✨,2026-01-26,Dataset/xhs/xiaohongshu_images/机能风穿搭/697744de000000002103eb17/image_01.webp,#807E7A,#4E4F4F,gray,gray,unknown,Unclear,False,False,False,False,Unclear,Unclear,unclear,穿搭,,neutral,,,,,,,,unknown,0.0,ok
GRP-XHS-697744de000000002103eb17-02,697744de000000002103eb17,GRP-XHS-697744de000000002103eb17,#机能风穿搭,不卡建模的男生穿搭合集✨,不卡建模的男生穿搭合集✨,2026-01-26,Dataset/xhs/xiaohongshu_images/机能风穿搭/697744de000000002103eb17/image_02.webp,#353436,#CCC5B5,gray,gray,unknown,Unclear,False,False,False,False,Unclear,Unclear,unclear,穿搭,,neutral,,,,,,,,unknown,0.0,ok
GRP-XHS-697744de000000002103eb17-03,697744de000000002103eb17,GRP-XHS-697744de000000002103eb17,#机能风穿搭,不卡建模的男生穿搭合集✨,不卡建模的男生穿搭合集✨,2026-01-26,Dataset/xhs/xiaohongshu_images/机能风穿搭/697744de000000002103eb17/image_03.webp,#211F1B,#524A3E,black,black,unknown,Unclear,False,False,False,False,Unclear,Unclear,unclear,穿搭,,neutral,,,,,,,,unknown,0.0,ok
GRP-XHS-697744de000000002103eb17-04,697744de000000002103eb17,GRP-XHS-697744de000000002103eb17,#机能风穿搭,不卡建模的男生穿搭合集✨,不卡建模的男生穿搭合集✨,2026-01-26,Dataset/xhs/xiaohongshu_images/机能风穿搭/697744de000000002103eb17/image_04.webp,#484D55,#9B9A96,blue,blue,unknown,Unclear,False,False,False,False,Unclear,Unclear,unclear,穿搭,,neutral,,,,,,,,unknown,0.0,ok
GRP-XHS-697744de000000002103eb17-05,697744de000000002103eb17,GRP-XHS-697744de000000002103eb17,#机能风穿搭,不卡建模的男生穿搭合集✨,不卡建模的男生穿搭合集✨,2026-01-26,Dataset/xhs/xiaohongshu_images/机能风穿搭/697744de000000002103eb17/image_05.webp,#414748,#171716,gray,gray,unknown,Unclear,False,False,False,False,Unclear,Unclear,unclear,穿搭,,neutral,,,,,,,,unknown,0.0,ok
GRP-XHS-697744de000000002103eb17-06,697744de000000002103eb17,GRP-XHS-697744de000000002103eb17,#机能风穿搭,不卡建模的男生穿搭合集✨,不卡建模的男生穿搭合集✨,2026-01-26,Dataset/xhs/xiaohongshu_images/机能风穿搭/697744de000000002103eb17/image_06.webp,#635F5D,#373739,gray,gray,unknown,Unclear,False,False,False,False,Unclear,Unclear,unclear,穿搭,,neutral,,,,,,,,unknown,0.0,ok
GRP-XHS-697744de000000002103eb17-07,697744de000000002103eb17,GRP-XHS-697744de000000002103eb17,#机能风穿搭,不卡建模的男生穿搭合集✨,不卡建模的男生穿搭合集✨,2026-01-26,Dataset/xhs/xiaohongshu_images/机能风穿搭/697744de000000002103eb17/image_07.webp,#727274,#505052,gray,gray,unknown,Unclear,False,False,False,False,Unclear,Unclear,unclear,穿搭,,neutral,,,,,,,,unknown,0.0,ok
GRP-XHS-6863e5b5000000001202f410-01,6863e5b5000000001202f410,GRP-XHS-6863e5b5000000001202f410,#机能风穿搭,户外帅一下,户外帅一下,2025-07-01,Dataset/xhs/xiaohongshu_images/机能风穿搭/6863e5b5000000001202f410/image_01.webp,#668230,#C8D4E0,yellow green,olive_or_green,unknown,Unclear,False,False,False,False,Unclear,Outdoor,unclear,户外,,neutral,,,,,户外,,0.4,text_heuristic,0.4,ok
GRP-XHS-6863e5b5000000001202f410-01,6863e5b5000000001202f410,GRP-XHS-6863e5b5000000001202f410,#Gorpcore,户外帅一下,户外帅一下,2025-07-01,Dataset/xhs/xiaohongshu_images/Gorpcore/6863e5b5000000001202f410/image_01.webp,#668230,#C8D4E0,yellow green,olive_or_green,unknown,Unclear,False,False,False,False,Unclear,Outdoor,unclear,户外,,neutral,,,,,户外,,0.4,text_heuristic,0.4,ok
GRP-XHS-6863e5b5000000001202f410-02,6863e5b5000000001202f410,GRP-XHS-6863e5b5000000001202f410,#机能风穿搭,户外帅一下,户外帅一下,2025-07-01,Dataset/xhs/xiaohongshu_images/机能风穿搭/6863e5b5000000001202f410/image_02.webp,#709034,#1E2B1D,yellow green,olive_or_green,unknown,Unclear,False,False,False,False,Unclear,Outdoor,unclear,户外,,neutral,,,,,户外,,0.4,text_heuristic,0.4,ok
GRP-XHS-6863e5b5000000001202f410-02,6863e5b5000000001202f410,GRP-XHS-6863e5b5000000001202f410,#Gorpcore,户外帅一下,户外帅一下,2025-07-01,Dataset/xhs/xiaohongshu_images/Gorpcore/6863e5b5000000001202f410/image_02.webp,#709034,#1E2B1D,yellow green,olive_or_green,unknown,Unclear,False,False,False,False,Unclear,Outdoor,unclear,户外,,neutral,,,,,户外,,0.4,text_heuristic,0.4,ok
GRP-XHS-6863e5b5000000001202f410-04,6863e5b5000000001202f410,GRP-XHS-6863e5b5000000001202f410,#机能风穿搭,户外帅一下,户外帅一下,2025-07-01,Dataset/xhs/xiaohongshu_images/机能风穿搭/6863e5b5000000001202f410/image_04.webp,#889F4F,#384436,yellow green,olive_or_green,unknown,Unclear,False,False,False,False,Unclear,Outdoor,unclear,户外,,neutral,,,,,户外,,0.4,text_heuristic,0.4,ok
GRP-XHS-6863e5b5000000001202f410-04,6863e5b5000000001202f410,GRP-XHS-6863e5b5000000001202f410,#Gorpcore,户外帅一下,户外帅一下,2025-07-01,Dataset/xhs/xiaohongshu_images/Gorpcore/6863e5b5000000001202f410/image_04.webp,#889F4F,#384436,yellow green,olive_or_green,unknown,Unclear,False,False,False,False,Unclear,Outdoor,unclear,户外,,neutral,,,,,户外,,0.4,text_heuristic,0.4,ok
GRP-XHS-6863e5b5000000001202f410-05,6863e5b5000000001202f410,GRP-XHS-6863e5b5000000001202f410,#机能风穿搭,户外帅一下,户外帅一下,2025-07-01,Dataset/xhs/xiaohongshu_images/机能风穿搭/6863e5b5000000001202f410/image_05.webp,#819F41,#2F3935,yellow green,olive_or_green,unknown,Unclear,False,False,False,False,Unclear,Outdoor,unclear,户外,,neutral,,,,,户外,,0.4,text_heuristic,0.4,ok
GRP-XHS-6863e5b5000000001202f410-05,6863e5b5000000001202f410,GRP-XHS-6863e5b5000000001202f410,#Gorpcore,户外帅一下,户外帅一下,2025-07-01,Dataset/xhs/xiaohongshu_images/Gorpcore/6863e5b5000000001202f410/image_05.webp,#819F41,#2F3935,yellow green,olive_or_green,unknown,Unclear,False,False,False,False,Unclear,Outdoor,unclear,户外,,neutral,,,,,户外,,0.4,text_heuristic,0.4,ok
GRP-XHS-6863e5b5000000001202f410-06,6863e5b5000000001202f410,GRP-XHS-6863e5b5000000001202f410,#机能风穿搭,户外帅一下,户外帅一下,2025-07-01,Dataset/xhs/xiaohongshu_images/机能风穿搭/6863e5b5000000001202f410/image_06.webp,#506920,#718B34,yellow green,olive_or_green,unknown,Unclear,False,False,False,False,Unclear,Outdoor,unclear,户外,,neutral,,,,,户外,,0.4,text_heuristic,0.4,ok
GRP-XHS-6863e5b5000000001202f410-06,6863e5b5000000001202f410,GRP-XHS-6863e5b5000000001202f410,#Gorpcore,户外帅一下,户外帅一下,2025-07-01,Dataset/xhs/xiaohongshu_images/Gorpcore/6863e5b5000000001202f410/image_06.webp,#506920,#718B34,yellow green,olive_or_green,unknown,Unclear,False,False,False,False,Unclear,Outdoor,unclear,户外,,neutral,,,,,户外,,0.4,text_heuristic,0.4,ok
GRP-XHS-6863e5b5000000001202f410-07,6863e5b5000000001202f410,GRP-XHS-6863e5b5000000001202f410,#机能风穿搭,户外帅一下,户外帅一下,2025-07-01,Dataset/xhs/xiaohongshu_images/机能风穿搭/6863e5b5000000001202f410/image_07.webp,#84A547,#202D27,yellow green,olive_or_green,unknown,Unclear,False,False,False,False,Unclear,Outdoor,unclear,户外,,neutral,,,,,户外,,0.4,text_heuristic,0.4,ok
GRP-XHS-6863e5b5000000001202f410-07,6863e5b5000000001202f410,GRP-XHS-6863e5b5000000001202f410,#Gorpcore,户外帅一下,户外帅一下,2025-07-01,Dataset/xhs/xiaohongshu_images/Gorpcore/6863e5b5000000001202f410/image_07.webp,#84A547,#202D27,yellow green,olive_or_green,unknown,Unclear,False,False,False,False,Unclear,Outdoor,unclear,户外,,neutral,,,,,户外,,0.4,text_heuristic,0.4,ok
GRP-XHS-6863e5b5000000001202f410-08,6863e5b5000000001202f410,GRP-XHS-6863e5b5000000001202f410,#机能风穿搭,户外帅一下,户外帅一下,2025-07-01,Dataset/xhs/xiaohongshu_images/机能风穿搭/6863e5b5000000001202f410/image_08.webp,#1C2817,#84AA35,black,black,unknown,Unclear,False,False,False,False,Unclear,Outdoor,unclear,户外,,neutral,,,,,户外,,0.4,text_heuristic,0.4,ok
GRP-XHS-6863e5b5000000001202f410-08,6863e5b5000000001202f410,GRP-XHS-6863e5b5000000001202f410,#Gorpcore,户外帅一下,户外帅一下,2025-07-01,Dataset/xhs/xiaohongshu_images/Gorpcore/6863e5b5000000001202f410/image_08.webp,#1C2817,#84AA35,black,black,unknown,Unclear,False,False,False,False,Unclear,Outdoor,unclear,户外,,neutral,,,,,户外,,0.4,text_heuristic,0.4,ok
GRP-XHS-6863e5b5000000001202f410-09,6863e5b5000000001202f410,GRP-XHS-6863e5b5000000001202f410,#机能风穿搭,户外帅一下,户外帅一下,2025-07-01,Dataset/xhs/xiaohongshu_images/机能风穿搭/6863e5b5000000001202f410/image_09.webp,#647628,#808F3A,yellow green,olive_or_green,unknown,Unclear,False,False,False,False,Unclear,Outdoor,unclear,户外,,neutral,,,,,户外,,0.4,text_heuristic,0.4,ok
GRP-XHS-6863e5b5000000001202f410-09,6863e5b5000000001202f410,GRP-XHS-6863e5b5000000001202f410,#Gorpcore,户外帅一下,户外帅一下,2025-07-01,Dataset/xhs/xiaohongshu_images/Gorpcore/6863e5b5000000001202f410/image_09.webp,#647628,#808F3A,yellow green,olive_or_green,unknown,Unclear,False,False,False,False,Unclear,Outdoor,unclear,户外,,neutral,,,,,户外,,0.4,text_heuristic,0.4,ok
GRP-XHS-69fd4d5b000000002300483c-01,69fd4d5b000000002300483c,GRP-XHS-69fd4d5b000000002300483c,#机能风穿搭,所有人来感受舟服设的功能性,所有人来感受舟服设的功能性,2026-05-08,Dataset/xhs/xiaohongshu_images/机能风穿搭/69fd4d5b000000002300483c/image_01.webp,#FEFEFE,#242829,white,white,unknown,Unclear,False,False,False,False,Unclear,Unclear,unclear,,,neutral,,,,,,,,unknown,0.0,ok
GRP-XHS-69fd4d5b000000002300483c-02,69fd4d5b000000002300483c,GRP-XHS-69fd4d5b000000002300483c,#机能风穿搭,所有人来感受舟服设的功能性,所有人来感受舟服设的功能性,2026-05-08,Dataset/xhs/xiaohongshu_images/机能风穿搭/69fd4d5b000000002300483c/image_02.webp,#FFFFFF,#161B1C,white,white,unknown,Unclear,False,False,False,False,Unclear,Unclear,unclear,,,neutral,,,,,,,,unknown,0.0,ok
GRP-XHS-69fd4d5b000000002300483c-03,69fd4d5b000000002300483c,GRP-XHS-69fd4d5b000000002300483c,#机能风穿搭,所有人来感受舟服设的功能性,所有人来感受舟服设的功能性,2026-05-08,Dataset/xhs/xiaohongshu_images/机能风穿搭/69fd4d5b000000002300483c/image_03.webp,#FFFFFF,#161A1E,white,white,unknown,Unclear,False,False,False,False,Unclear,Unclear,unclear,,,neutral,,,,,,,,unknown,0.0,ok
GRP-XHS-68fdcb200000000004004f3d-01,68fdcb200000000004004f3d,GRP-XHS-68fdcb200000000004004f3d,#机能风穿搭,OOTD｜机能乞丐,OOTD｜机能乞丐,2025-10-26,Dataset/xhs/xiaohongshu_images/机能风穿搭/68fdcb200000000004004f3d/image_01.webp,#FFFFFF,#191C21,white,white,unknown,Unclear,False,False,False,False,Unclear,Unclear,unclear,,,neutral,,,,,,,,unknown,0.0,ok
GRP-XHS-68fdcb200000000004004f3d-02,68fdcb200000000004004f3d,GRP-XHS-68fdcb200000000004004f3d,#机能风穿搭,OOTD｜机能乞丐,OOTD｜机能乞丐,2025-10-26,Dataset/xhs/xiaohongshu_images/机能风穿搭/68fdcb200000000004004f3d/image_02.webp,#FEFEFE,#1B1E25,white,white,unknown,Unclear,False,False,False,False,Unclear,Unclear,unclear,,,neutral,,,,,,,,unknown,0.0,ok
GRP-XHS-69fe30280000000036019935-01,69fe30280000000036019935,GRP-XHS-69fe30280000000036019935,#机能风穿搭,,你在多大程度上会推荐他人使用网页版小红书？,2026-05-09,Dataset/xhs/xiaohongshu_images/机能风穿搭/69fe30280000000036019935/image_01.webp,#F8F8F8,#EBEAEB,white,white,unknown,Unclear,False,False,False,False,Unclear,Unclear,unclear,红,,positive,1.0,红,,,,,,unknown,0.0,ok
GRP-XHS-69fe30280000000036019935-02,69fe30280000000036019935,GRP-XHS-69fe30280000000036019935,#机能风穿搭,,你在多大程度上会推荐他人使用网页版小红书？,2026-05-09,Dataset/xhs/xiaohongshu_images/机能风穿搭/69fe30280000000036019935/image_02.webp,#FAF9FA,#060608,white,white,unknown,Unclear,False,False,False,False,Unclear,Unclear,unclear,红,,positive,1.0,红,,,,,,unknown,0.0,ok
GRP-XHS-685413a90000000012016c9b-01,685413a90000000012016c9b,GRP-XHS-685413a90000000012016c9b,#机能风穿搭,实穿又耐看！一篇看懂工装全解析与穿搭灵感,实穿又耐看！一篇看懂工装全解析与穿搭灵感,2025-06-19,Dataset/xhs/xiaohongshu_images/机能风穿搭/685413a90000000012016c9b/image_01.webp,#060404,#2F2A28,black,black,unknown,Unclear,False,False,False,False,Unclear,Unclear,unclear,穿搭 | 工装,,neutral,,,,,,,,unknown,0.0,ok
GRP-XHS-68ccce0f0000000013007a4b-01,68ccce0f0000000013007a4b,GRP-XHS-68ccce0f0000000013007a4b,#机能风穿搭,「每日审美提升」原宿魔女的y2k幻想,「每日审美提升」原宿魔女的y2k幻想,2025-09-19,Dataset/xhs/xiaohongshu_images/机能风穿搭/68ccce0f0000000013007a4b/image_01.webp,#F2F1F0,#423D3E,white,white,unknown,Unclear,False,False,False,False,Unclear,Unclear,unclear,,,neutral,,,,,,,,unknown,0.0,ok
GRP-XHS-68ccce0f0000000013007a4b-02,68ccce0f0000000013007a4b,GRP-XHS-68ccce0f0000000013007a4b,#机能风穿搭,「每日审美提升」原宿魔女的y2k幻想,「每日审美提升」原宿魔女的y2k幻想,2025-09-19,Dataset/xhs/xiaohongshu_images/机能风穿搭/68ccce0f0000000013007a4b/image_02.webp,#F6F6F6,#9E8B77,white,white,unknown,Unclear,False,False,False,False,Unclear,Unclear,unclear,,,neutral,,,,,,,,unknown,0.0,ok
GRP-XHS-68ccce0f0000000013007a4b-03,68ccce0f0000000013007a4b,GRP-XHS-68ccce0f0000000013007a4b,#机能风穿搭,「每日审美提升」原宿魔女的y2k幻想,「每日审美提升」原宿魔女的y2k幻想,2025-09-19,Dataset/xhs/xiaohongshu_images/机能风穿搭/68ccce0f0000000013007a4b/image_03.webp,#F3F3F2,#C9C4BE,white,white,unknown,Unclear,False,False,False,False,Unclear,Unclear,unclear,,,neutral,,,,,,,,unknown,0.0,ok
GRP-XHS-68ccce0f0000000013007a4b-04,68ccce0f0000000013007a4b,GRP-XHS-68ccce0f0000000013007a4b,#机能风穿搭,「每日审美提升」原宿魔女的y2k幻想,「每日审美提升」原宿魔女的y2k幻想,2025-09-19,Dataset/xhs/xiaohongshu_images/机能风穿搭/68ccce0f0000000013007a4b/image_04.webp,#F4F3F2,#D6CBC1,white,white,unknown,Unclear,False,False,False,False,Unclear,Unclear,unclear,,,neutral,,,,,,,,unknown,0.0,ok
GRP-XHS-68ccce0f0000000013007a4b-05,68ccce0f0000000013007a4b,GRP-XHS-68ccce0f0000000013007a4b,#机能风穿搭,「每日审美提升」原宿魔女的y2k幻想,「每日审美提升」原宿魔女的y2k幻想,2025-09-19,Dataset/xhs/xiaohongshu_images/机能风穿搭/68ccce0f0000000013007a4b/image_05.webp,#FFFFFE,#17191C,white,white,unknown,Unclear,False,False,False,False,Unclear,Unclear,unclear,,,neutral,,,,,,,,unknown,0.0,ok
GRP-XHS-68ccce0f0000000013007a4b-07,68ccce0f0000000013007a4b,GRP-XHS-68ccce0f0000000013007a4b,#机能风穿搭,「每日审美提升」原宿魔女的y2k幻想,「每日审美提升」原宿魔女的y2k幻想,2025-09-19,Dataset/xhs/xiaohongshu_images/机能风穿搭/68ccce0f0000000013007a4b/image_07.webp,#EFEFEF,#CAC3BF,white,white,unknown,Unclear,False,False,False,False,Unclear,Unclear,unclear,,,neutral,,,,,,,,unknown,0.0,ok
GRP-XHS-69f84380000000003501ef4f-01,69f84380000000003501ef4f,GRP-XHS-69f84380000000003501ef4f,#机能风穿搭,舟味穿搭仅需一个13.5的战术腰包☝🏻,舟味穿搭仅需一个13.5的战术腰包☝🏻,2026-05-04,Dataset/xhs/xiaohongshu_images/机能风穿搭/69f84380000000003501ef4f/image_01.webp,#1B1A1B,#E2EAE8,black,black,unknown,Unclear,False,False,False,False,Unclear,Unclear,unclear,穿搭,,neutral,,,,,,,,unknown,0.0,ok
GRP-XHS-69f84380000000003501ef4f-02,69f84380000000003501ef4f,GRP-XHS-69f84380000000003501ef4f,#机能风穿搭,舟味穿搭仅需一个13.5的战术腰包☝🏻,舟味穿搭仅需一个13.5的战术腰包☝🏻,2026-05-04,Dataset/xhs/xiaohongshu_images/机能风穿搭/69f84380000000003501ef4f/image_02.webp,#131314,#414147,black,black,unknown,Unclear,False,False,False,False,Unclear,Unclear,unclear,穿搭,,neutral,,,,,,,,unknown,0.0,ok
GRP-XHS-69f84380000000003501ef4f-03,69f84380000000003501ef4f,GRP-XHS-69f84380000000003501ef4f,#机能风穿搭,舟味穿搭仅需一个13.5的战术腰包☝🏻,舟味穿搭仅需一个13.5的战术腰包☝🏻,2026-05-04,Dataset/xhs/xiaohongshu_images/机能风穿搭/69f84380000000003501ef4f/image_03.webp,#141820,#877870,black,black,unknown,Unclear,False,False,False,False,Unclear,Unclear,unclear,穿搭,,neutral,,,,,,,,unknown,0.0,ok
GRP-XHS-684bd329000000002100aac3-01,684bd329000000002100aac3,GRP-XHS-684bd329000000002100aac3,#机能风穿搭,周末轻户外穿搭｜舒适与潮流兼具✨,周末轻户外穿搭｜舒适与潮流兼具✨,2025-06-13,Dataset/xhs/xiaohongshu_images/机能风穿搭/684bd329000000002100aac3/image_01.webp,#FCFCFD,#2C2E36,white,white,unknown,Unclear,False,False,False,False,Unclear,Outdoor,unclear,穿搭 | 户外,,positive,1.0,,,,户外,,0.4,text_heuristic,0.4,ok
GRP-XHS-684bd329000000002100aac3-02,684bd329000000002100aac3,GRP-XHS-684bd329000000002100aac3,#机能风穿搭,周末轻户外穿搭｜舒适与潮流兼具✨,周末轻户外穿搭｜舒适与潮流兼具✨,2025-06-13,Dataset/xhs/xiaohongshu_images/机能风穿搭/684bd329000000002100aac3/image_02.webp,#FEFDFD,#292625,white,white,unknown,Unclear,False,False,False,False,Unclear,Outdoor,unclear,穿搭 | 户外,,positive,1.0,,,,户外,,0.4,text_heuristic,0.4,ok
GRP-XHS-684bd329000000002100aac3-03,684bd329000000002100aac3,GRP-XHS-684bd329000000002100aac3,#机能风穿搭,周末轻户外穿搭｜舒适与潮流兼具✨,周末轻户外穿搭｜舒适与潮流兼具✨,2025-06-13,Dataset/xhs/xiaohongshu_images/机能风穿搭/684bd329000000002100aac3/image_03.webp,#FDFEFE,#D6DADC,white,white,unknown,Unclear,False,False,False,False,Unclear,Outdoor,unclear,穿搭 | 户外,,positive,1.0,,,,户外,,0.4,text_heuristic,0.4,ok
GRP-XHS-684bd329000000002100aac3-04,684bd329000000002100aac3,GRP-XHS-684bd329000000002100aac3,#机能风穿搭,周末轻户外穿搭｜舒适与潮流兼具✨,周末轻户外穿搭｜舒适与潮流兼具✨,2025-06-13,Dataset/xhs/xiaohongshu_images/机能风穿搭/684bd329000000002100aac3/image_04.webp,#FEFEFD,#D0C9C5,white,white,unknown,Unclear,False,False,False,False,Unclear,Outdoor,unclear,穿搭 | 户外,,positive,1.0,,,,户外,,0.4,text_heuristic,0.4,ok
GRP-XHS-684bd329000000002100aac3-05,684bd329000000002100aac3,GRP-XHS-684bd329000000002100aac3,#机能风穿搭,周末轻户外穿搭｜舒适与潮流兼具✨,周末轻户外穿搭｜舒适与潮流兼具✨,2025-06-13,Dataset/xhs/xiaohongshu_images/机能风穿搭/684bd329000000002100aac3/image_05.webp,#D4CEC4,#FEFEFE,white,white,unknown,Unclear,False,False,False,False,Unclear,Outdoor,unclear,穿搭 | 户外,,positive,1.0,,,,户外,,0.4,text_heuristic,0.4,ok
GRP-XHS-693ff373000000001e011f3e-01,693ff373000000001e011f3e,GRP-XHS-693ff373000000001e011f3e,#机能风穿搭,3*outfits冲锋衣穿搭公式-☆,3*outfits冲锋衣穿搭公式-☆,2025-12-15,Dataset/xhs/xiaohongshu_images/机能风穿搭/693ff373000000001e011f3e/image_01.webp,#343138,#B3AEAA,purple,purple,unknown,Unclear,False,False,False,False,Unclear,Unclear,unclear,冲锋衣 | 穿搭,,neutral,,,,,,,,unknown,0.0,ok
GRP-XHS-69130db200000000030388ad-01,69130db200000000030388ad,GRP-XHS-69130db200000000030388ad,#机能风穿搭,头晕晕的感觉缺点你的亲亲(ᐡ ɞ̴̶̷ . ɞ̴̶̷ ᐡ,头晕晕的感觉缺点你的亲亲(ᐡ ɞ̴̶̷ . ɞ̴̶̷ ᐡ,2025-11-11,Dataset/xhs/xiaohongshu_images/机能风穿搭/69130db200000000030388ad/image_01.webp,#E2E4E9,#DDDFE1,white,white,unknown,Unclear,False,False,False,False,Unclear,Unclear,unclear,,,neutral,,,,,,,,unknown,0.0,ok
GRP-XHS-69130db200000000030388ad-02,69130db200000000030388ad,GRP-XHS-69130db200000000030388ad,#机能风穿搭,头晕晕的感觉缺点你的亲亲(ᐡ ɞ̴̶̷ . ɞ̴̶̷ ᐡ,头晕晕的感觉缺点你的亲亲(ᐡ ɞ̴̶̷ . ɞ̴̶̷ ᐡ,2025-11-11,Dataset/xhs/xiaohongshu_images/机能风穿搭/69130db200000000030388ad/image_02.webp,#E3E5EA,#CACDD9,white,white,unknown,Unclear,False,False,False,False,Unclear,Unclear,unclear,,,neutral,,,,,,,,unknown,0.0,ok
GRP-XHS-69130db200000000030388ad-03,69130db200000000030388ad,GRP-XHS-69130db200000000030388ad,#机能风穿搭,头晕晕的感觉缺点你的亲亲(ᐡ ɞ̴̶̷ . ɞ̴̶̷ ᐡ,头晕晕的感觉缺点你的亲亲(ᐡ ɞ̴̶̷ . ɞ̴̶̷ ᐡ,2025-11-11,Dataset/xhs/xiaohongshu_images/机能风穿搭/69130db200000000030388ad/image_03.webp,#E6E8EC,#E0E2E5,white,white,unknown,Unclear,False,False,False,False,Unclear,Unclear,unclear,,,neutral,,,,,,,,unknown,0.0,ok
GRP-XHS-69130db200000000030388ad-04,69130db200000000030388ad,GRP-XHS-69130db200000000030388ad,#机能风穿搭,头晕晕的感觉缺点你的亲亲(ᐡ ɞ̴̶̷ . ɞ̴̶̷ ᐡ,头晕晕的感觉缺点你的亲亲(ᐡ ɞ̴̶̷ . ɞ̴̶̷ ᐡ,2025-11-11,Dataset/xhs/xiaohongshu_images/机能风穿搭/69130db200000000030388ad/image_04.webp,#E1E3E7,#CCCCD4,white,white,unknown,Unclear,False,False,False,False,Unclear,Unclear,unclear,,,neutral,,,,,,,,unknown,0.0,ok
GRP-XHS-69130db200000000030388ad-05,69130db200000000030388ad,GRP-XHS-69130db200000000030388ad,#机能风穿搭,头晕晕的感觉缺点你的亲亲(ᐡ ɞ̴̶̷ . ɞ̴̶̷ ᐡ,头晕晕的感觉缺点你的亲亲(ᐡ ɞ̴̶̷ . ɞ̴̶̷ ᐡ,2025-11-11,Dataset/xhs/xiaohongshu_images/机能风穿搭/69130db200000000030388ad/image_05.webp,#DEE1E5,#EBEEF0,white,white,unknown,Unclear,False,False,False,False,Unclear,Unclear,unclear,,,neutral,,,,,,,,unknown,0.0,ok
GRP-XHS-69130db200000000030388ad-06,69130db200000000030388ad,GRP-XHS-69130db200000000030388ad,#机能风穿搭,头晕晕的感觉缺点你的亲亲(ᐡ ɞ̴̶̷ . ɞ̴̶̷ ᐡ,头晕晕的感觉缺点你的亲亲(ᐡ ɞ̴̶̷ . ɞ̴̶̷ ᐡ,2025-11-11,Dataset/xhs/xiaohongshu_images/机能风穿搭/69130db200000000030388ad/image_06.webp,#E3E5E8,#D7DADF,white,white,unknown,Unclear,False,False,False,False,Unclear,Unclear,unclear,,,neutral,,,,,,,,unknown,0.0,ok
GRP-XHS-6a0dc98300000000070133ba-01,6a0dc98300000000070133ba,GRP-XHS-6a0dc98300000000070133ba,#机能风穿搭,暗黑高街｜男生穿搭的五种终极帅法⚫️,暗黑高街｜男生穿搭的五种终极帅法⚫️,2026-05-21,Dataset/xhs/xiaohongshu_images/机能风穿搭/6a0dc98300000000070133ba/image_01.webp,#0B0E12,#384654,black,black,unknown,Unclear,False,False,False,False,Unclear,Unclear,unclear,穿搭 | 黑,,neutral,,黑,,,,,,unknown,0.0,ok
GRP-XHS-6a0dc98300000000070133ba-02,6a0dc98300000000070133ba,GRP-XHS-6a0dc98300000000070133ba,#机能风穿搭,暗黑高街｜男生穿搭的五种终极帅法⚫️,暗黑高街｜男生穿搭的五种终极帅法⚫️,2026-05-21,Dataset/xhs/xiaohongshu_images/机能风穿搭/6a0dc98300000000070133ba/image_02.webp,#070A0D,#202F3B,black,black,unknown,Unclear,False,False,False,False,Unclear,Unclear,unclear,穿搭 | 黑,,neutral,,黑,,,,,,unknown,0.0,ok
GRP-XHS-6a0dc98300000000070133ba-03,6a0dc98300000000070133ba,GRP-XHS-6a0dc98300000000070133ba,#机能风穿搭,暗黑高街｜男生穿搭的五种终极帅法⚫️,暗黑高街｜男生穿搭的五种终极帅法⚫️,2026-05-21,Dataset/xhs/xiaohongshu_images/机能风穿搭/6a0dc98300000000070133ba/image_03.webp,#090E12,#3F4C56,black,black,unknown,Unclear,False,False,False,False,Unclear,Unclear,unclear,穿搭 | 黑,,neutral,,黑,,,,,,unknown,0.0,ok
GRP-XHS-6a0dc98300000000070133ba-05,6a0dc98300000000070133ba,GRP-XHS-6a0dc98300000000070133ba,#机能风穿搭,暗黑高街｜男生穿搭的五种终极帅法⚫️,暗黑高街｜男生穿搭的五种终极帅法⚫️,2026-05-21,Dataset/xhs/xiaohongshu_images/机能风穿搭/6a0dc98300000000070133ba/image_05.webp,#080A0D,#252C32,black,black,unknown,Unclear,False,False,False,False,Unclear,Unclear,unclear,穿搭 | 黑,,neutral,,黑,,,,,,unknown,0.0,ok
GRP-XHS-6917141b0000000004000ab4-01,6917141b0000000004000ab4,GRP-XHS-6917141b0000000004000ab4,#机能风穿搭,赛博朋克风拉满，舞台上的氛围感战神,赛博朋克风拉满，舞台上的氛围感战神,2025-11-14,Dataset/xhs/xiaohongshu_images/机能风穿搭/6917141b0000000004000ab4/image_01.webp,#13182B,#182E5B,black,black,unknown,Unclear,False,False,False,False,Unclear,Unclear,unclear,,,neutral,,,,,,,,unknown,0.0,ok
GRP-XHS-6917141b0000000004000ab4-02,6917141b0000000004000ab4,GRP-XHS-6917141b0000000004000ab4,#机能风穿搭,赛博朋克风拉满，舞台上的氛围感战神,赛博朋克风拉满，舞台上的氛围感战神,2025-11-14,Dataset/xhs/xiaohongshu_images/机能风穿搭/6917141b0000000004000ab4/image_02.webp,#06141E,#102638,black,black,unknown,Unclear,False,False,False,False,Unclear,Unclear,unclear,,,neutral,,,,,,,,unknown,0.0,ok
GRP-XHS-68a328a7000000001c004504-01,68a328a7000000001c004504,GRP-XHS-68a328a7000000001c004504,#机能风穿搭,🔪战术少女Outfit【武力值100突破！！】,🔪战术少女Outfit【武力值100突破！！】,2025-08-18,Dataset/xhs/xiaohongshu_images/机能风穿搭/68a328a7000000001c004504/image_01.webp,#1E1F23,#D9DAD9,black,black,unknown,Unclear,False,False,False,False,Unclear,Unclear,unclear,,,neutral,,,,,,,,unknown,0.0,ok
GRP-XHS-69f054a8000000001f0002b0-01,69f054a8000000001f0002b0,GRP-XHS-69f054a8000000001f0002b0,#机能风穿搭,甜酷机能感* 不费力clean fit一下,甜酷机能感* 不费力clean fit一下,2026-04-28,Dataset/xhs/xiaohongshu_images/机能风穿搭/69f054a8000000001f0002b0/image_01.webp,#D3D2CA,#B7B1A6,white,white,unknown,Unclear,False,False,False,False,Unclear,Unclear,unclear,,,neutral,,,,,,,,unknown,0.0,ok
GRP-XHS-69f054a8000000001f0002b0-02,69f054a8000000001f0002b0,GRP-XHS-69f054a8000000001f0002b0,#机能风穿搭,甜酷机能感* 不费力clean fit一下,甜酷机能感* 不费力clean fit一下,2026-04-28,Dataset/xhs/xiaohongshu_images/机能风穿搭/69f054a8000000001f0002b0/image_02.webp,#A28268,#C0A48E,orange,red_or_orange,unknown,Unclear,False,False,False,False,Unclear,Unclear,unclear,,,neutral,,,,,,,,unknown,0.0,ok
GRP-XHS-69f054a8000000001f0002b0-03,69f054a8000000001f0002b0,GRP-XHS-69f054a8000000001f0002b0,#机能风穿搭,甜酷机能感* 不费力clean fit一下,甜酷机能感* 不费力clean fit一下,2026-04-28,Dataset/xhs/xiaohongshu_images/机能风穿搭/69f054a8000000001f0002b0/image_03.webp,#C5BEB2,#958779,gray,gray,unknown,Unclear,False,False,False,False,Unclear,Unclear,unclear,,,neutral,,,,,,,,unknown,0.0,ok
GRP-XHS-69f054a8000000001f0002b0-04,69f054a8000000001f0002b0,GRP-XHS-69f054a8000000001f0002b0,#机能风穿搭,甜酷机能感* 不费力clean fit一下,甜酷机能感* 不费力clean fit一下,2026-04-28,Dataset/xhs/xiaohongshu_images/机能风穿搭/69f054a8000000001f0002b0/image_04.webp,#D5B9A0,#A9866B,orange,red_or_orange,unknown,Unclear,False,False,False,False,Unclear,Unclear,unclear,,,neutral,,,,,,,,unknown,0.0,ok
GRP-XHS-69f054a8000000001f0002b0-06,69f054a8000000001f0002b0,GRP-XHS-69f054a8000000001f0002b0,#机能风穿搭,甜酷机能感* 不费力clean fit一下,甜酷机能感* 不费力clean fit一下,2026-04-28,Dataset/xhs/xiaohongshu_images/机能风穿搭/69f054a8000000001f0002b0/image_06.webp,#D2B499,#AA927E,orange,red_or_orange,unknown,Unclear,False,False,False,False,Unclear,Unclear,unclear,,,neutral,,,,,,,,unknown,0.0,ok
GRP-XHS-69f054a8000000001f0002b0-07,69f054a8000000001f0002b0,GRP-XHS-69f054a8000000001f0002b0,#机能风穿搭,甜酷机能感* 不费力clean fit一下,甜酷机能感* 不费力clean fit一下,2026-04-28,Dataset/xhs/xiaohongshu_images/机能风穿搭/69f054a8000000001f0002b0/image_07.webp,#D8D6CF,#BAB2A6,white,white,unknown,Unclear,False,False,False,False,Unclear,Unclear,unclear,,,neutral,,,,,,,,unknown,0.0,ok
GRP-XHS-69f054a8000000001f0002b0-08,69f054a8000000001f0002b0,GRP-XHS-69f054a8000000001f0002b0,#机能风穿搭,甜酷机能感* 不费力clean fit一下,甜酷机能感* 不费力clean fit一下,2026-04-28,Dataset/xhs/xiaohongshu_images/机能风穿搭/69f054a8000000001f0002b0/image_08.webp,#A5866C,#CEAF93,orange,red_or_orange,unknown,Unclear,False,False,False,False,Unclear,Unclear,unclear,,,neutral,,,,,,,,unknown,0.0,ok
GRP-XHS-69f054a8000000001f0002b0-10,69f054a8000000001f0002b0,GRP-XHS-69f054a8000000001f0002b0,#机能风穿搭,甜酷机能感* 不费力clean fit一下,甜酷机能感* 不费力clean fit一下,2026-04-28,Dataset/xhs/xiaohongshu_images/机能风穿搭/69f054a8000000001f0002b0/image_10.webp,#786051,#554032,orange,red_or_orange,unknown,Unclear,False,False,False,False,Unclear,Unclear,unclear,,,neutral,,,,,,,,unknown,0.0,ok
GRP-XHS-69aa29ee0000000023039968-01,69aa29ee0000000023039968,GRP-XHS-69aa29ee0000000023039968,#机能风穿搭,破次元！当二次元机能少女走进现实 ⚡️,破次元！当二次元机能少女走进现实 ⚡️,2026-03-18,Dataset/xhs/xiaohongshu_images/机能风穿搭/69aa29ee0000000023039968/image_01.webp,#B2B0AA,#CED1D3,gray,gray,unknown,Unclear,False,False,False,False,Unclear,Unclear,unclear,,,neutral,,,,,,,,unknown,0.0,ok
GRP-XHS-69aa29ee0000000023039968-02,69aa29ee0000000023039968,GRP-XHS-69aa29ee0000000023039968,#机能风穿搭,破次元！当二次元机能少女走进现实 ⚡️,破次元！当二次元机能少女走进现实 ⚡️,2026-03-18,Dataset/xhs/xiaohongshu_images/机能风穿搭/69aa29ee0000000023039968/image_02.webp,#BDBAB4,#A4A59D,gray,gray,unknown,Unclear,False,False,False,False,Unclear,Unclear,unclear,,,neutral,,,,,,,,unknown,0.0,ok
GRP-XHS-69aa29ee0000000023039968-03,69aa29ee0000000023039968,GRP-XHS-69aa29ee0000000023039968,#机能风穿搭,破次元！当二次元机能少女走进现实 ⚡️,破次元！当二次元机能少女走进现实 ⚡️,2026-03-18,Dataset/xhs/xiaohongshu_images/机能风穿搭/69aa29ee0000000023039968/image_03.webp,#BFC3C7,#D6DADF,gray,gray,unknown,Unclear,False,False,False,False,Unclear,Unclear,unclear,,,neutral,,,,,,,,unknown,0.0,ok
GRP-XHS-693a84ad000000001e00c2bf-01,693a84ad000000001e00c2bf,GRP-XHS-693a84ad000000001e00c2bf,#机能风穿搭,亚文化穿搭/WSW无身物,亚文化穿搭/WSW无身物,2025-12-11,Dataset/xhs/xiaohongshu_images/机能风穿搭/693a84ad000000001e00c2bf/image_01.webp,#AEB6BE,#8D959B,gray,gray,unknown,Unclear,False,False,False,False,Unclear,Unclear,unclear,穿搭,,neutral,,,,,,,,unknown,0.0,ok
GRP-XHS-693a84ad000000001e00c2bf-03,693a84ad000000001e00c2bf,GRP-XHS-693a84ad000000001e00c2bf,#机能风穿搭,亚文化穿搭/WSW无身物,亚文化穿搭/WSW无身物,2025-12-11,Dataset/xhs/xiaohongshu_images/机能风穿搭/693a84ad000000001e00c2bf/image_03.webp,#E5E6E6,#C4BFB3,white,white,unknown,Unclear,False,False,False,False,Unclear,Unclear,unclear,穿搭,,neutral,,,,,,,,unknown,0.0,ok
GRP-XHS-693a84ad000000001e00c2bf-04,693a84ad000000001e00c2bf,GRP-XHS-693a84ad000000001e00c2bf,#机能风穿搭,亚文化穿搭/WSW无身物,亚文化穿搭/WSW无身物,2025-12-11,Dataset/xhs/xiaohongshu_images/机能风穿搭/693a84ad000000001e00c2bf/image_04.webp,#CBCED9,#AEB0BC,white,white,unknown,Unclear,False,False,False,False,Unclear,Unclear,unclear,穿搭,,neutral,,,,,,,,unknown,0.0,ok
GRP-XHS-693a84ad000000001e00c2bf-05,693a84ad000000001e00c2bf,GRP-XHS-693a84ad000000001e00c2bf,#机能风穿搭,亚文化穿搭/WSW无身物,亚文化穿搭/WSW无身物,2025-12-11,Dataset/xhs/xiaohongshu_images/机能风穿搭/693a84ad000000001e00c2bf/image_05.webp,#83919A,#A3AAB1,blue,blue,unknown,Unclear,False,False,False,False,Unclear,Unclear,unclear,穿搭,,neutral,,,,,,,,unknown,0.0,ok
GRP-XHS-693a84ad000000001e00c2bf-06,693a84ad000000001e00c2bf,GRP-XHS-693a84ad000000001e00c2bf,#机能风穿搭,亚文化穿搭/WSW无身物,亚文化穿搭/WSW无身物,2025-12-11,Dataset/xhs/xiaohongshu_images/机能风穿搭/693a84ad000000001e00c2bf/image_06.webp,#9FA9B3,#B8C0C6,gray,gray,unknown,Unclear,False,False,False,False,Unclear,Unclear,unclear,穿搭,,neutral,,,,,,,,unknown,0.0,ok
GRP-XHS-693a84ad000000001e00c2bf-07,693a84ad000000001e00c2bf,GRP-XHS-693a84ad000000001e00c2bf,#机能风穿搭,亚文化穿搭/WSW无身物,亚文化穿搭/WSW无身物,2025-12-11,Dataset/xhs/xiaohongshu_images/机能风穿搭/693a84ad000000001e00c2bf/image_07.webp,#98A7B2,#B7BFC6,blue,blue,unknown,Unclear,False,False,False,False,Unclear,Unclear,unclear,穿搭,,neutral,,,,,,,,unknown,0.0,ok
GRP-XHS-68c19517000000001d03874b-01,68c19517000000001d03874b,GRP-XHS-68c19517000000001d03874b,#机能风穿搭,小帅一下,小帅一下,2025-09-10,Dataset/xhs/xiaohongshu_images/机能风穿搭/68c19517000000001d03874b/image_01.webp,#1E1B1B,#CDD4D7,black,black,unknown,Unclear,False,False,False,False,Unclear,Unclear,unclear,,,neutral,,,,,,,,unknown,0.0,ok
GRP-XHS-6a05825d000000000702b197-01,6a05825d000000000702b197,GRP-XHS-6a05825d000000000702b197,#机能风穿搭,超飒！城市拽酷机车少女提示词分享🏍️,超飒！城市拽酷机车少女提示词分享🏍️,2026-05-14,Dataset/xhs/xiaohongshu_images/机能风穿搭/6a05825d000000000702b197/image_01.webp,#D3D3DB,#F8F7FA,white,white,unknown,Unclear,False,False,False,False,Unclear,Urban_Commute,unclear,城市,,neutral,,,,,城市,,0.4,text_heuristic,0.4,ok
GRP-XHS-6a05825d000000000702b197-02,6a05825d000000000702b197,GRP-XHS-6a05825d000000000702b197,#机能风穿搭,超飒！城市拽酷机车少女提示词分享🏍️,超飒！城市拽酷机车少女提示词分享🏍️,2026-05-14,Dataset/xhs/xiaohongshu_images/机能风穿搭/6a05825d000000000702b197/image_02.webp,#D4D6DF,#C6C8D1,white,white,unknown,Unclear,False,False,False,False,Unclear,Urban_Commute,unclear,城市,,neutral,,,,,城市,,0.4,text_heuristic,0.4,ok
GRP-XHS-6a05825d000000000702b197-03,6a05825d000000000702b197,GRP-XHS-6a05825d000000000702b197,#机能风穿搭,超飒！城市拽酷机车少女提示词分享🏍️,超飒！城市拽酷机车少女提示词分享🏍️,2026-05-14,Dataset/xhs/xiaohongshu_images/机能风穿搭/6a05825d000000000702b197/image_03.webp,#FDFDFD,#1F1E25,white,white,unknown,Unclear,False,False,False,False,Unclear,Urban_Commute,unclear,城市,,neutral,,,,,城市,,0.4,text_heuristic,0.4,ok
GRP-XHS-6a05825d000000000702b197-04,6a05825d000000000702b197,GRP-XHS-6a05825d000000000702b197,#机能风穿搭,超飒！城市拽酷机车少女提示词分享🏍️,超飒！城市拽酷机车少女提示词分享🏍️,2026-05-14,Dataset/xhs/xiaohongshu_images/机能风穿搭/6a05825d000000000702b197/image_04.webp,#F7F6F9,#1B1B25,white,white,unknown,Unclear,False,False,False,False,Unclear,Urban_Commute,unclear,城市,,neutral,,,,,城市,,0.4,text_heuristic,0.4,ok
GRP-XHS-6a00ae370000000006021063-01,6a00ae370000000006021063,GRP-XHS-6a00ae370000000006021063,#机能风穿搭,《古墓丽影》｜现实版❗️女矿工是一种感觉,《古墓丽影》｜现实版❗️女矿工是一种感觉,2026-05-11,Dataset/xhs/xiaohongshu_images/机能风穿搭/6a00ae370000000006021063/image_01.webp,#F0E3CE,#8F7B65,khaki,khaki_or_beige,unknown,Unclear,False,False,False,False,Unclear,Unclear,unclear,,,neutral,,,,,,,,unknown,0.0,ok
GRP-XHS-6a0b15450000000038037235-01,6a0b15450000000038037235,GRP-XHS-6a0b15450000000038037235,#机能风穿搭,,你在多大程度上会推荐他人使用网页版小红书？,2026-05-19,Dataset/xhs/xiaohongshu_images/机能风穿搭/6a0b15450000000038037235/image_01.webp,#64543F,#9F7D55,brown,brown,unknown,Unclear,False,False,False,False,Unclear,Unclear,unclear,红,,positive,1.0,红,,,,,,unknown,0.0,ok
GRP-XHS-6a0b15450000000038037235-02,6a0b15450000000038037235,GRP-XHS-6a0b15450000000038037235,#机能风穿搭,,你在多大程度上会推荐他人使用网页版小红书？,2026-05-19,Dataset/xhs/xiaohongshu_images/机能风穿搭/6a0b15450000000038037235/image_02.webp,#3C445A,#6D6E75,blue,blue,unknown,Unclear,False,False,False,False,Unclear,Unclear,unclear,红,,positive,1.0,红,,,,,,unknown,0.0,ok
GRP-XHS-6a0b15450000000038037235-03,6a0b15450000000038037235,GRP-XHS-6a0b15450000000038037235,#机能风穿搭,,你在多大程度上会推荐他人使用网页版小红书？,2026-05-19,Dataset/xhs/xiaohongshu_images/机能风穿搭/6a0b15450000000038037235/image_03.webp,#A4917E,#454C5B,orange,red_or_orange,unknown,Unclear,False,False,False,False,Unclear,Unclear,unclear,红,,positive,1.0,红,,,,,,unknown,0.0,ok
GRP-XHS-68bea965000000001d03b803-01,68bea965000000001d03b803,GRP-XHS-68bea965000000001d03b803,#机能风穿搭,168/108斤 入秋冲锋衣穿搭 citywalk走起,168/108斤 入秋冲锋衣穿搭 citywalk走起,2025-09-08,Dataset/xhs/xiaohongshu_images/机能风穿搭/68bea965000000001d03b803/image_01.webp,#968C7D,#5F5B59,khaki,khaki_or_beige,unknown,Unclear,False,False,False,False,Unclear,Unclear,unclear,冲锋衣 | 穿搭,,neutral,,,,,,,,unknown,0.0,ok
GRP-XHS-68bea965000000001d03b803-02,68bea965000000001d03b803,GRP-XHS-68bea965000000001d03b803,#机能风穿搭,168/108斤 入秋冲锋衣穿搭 citywalk走起,168/108斤 入秋冲锋衣穿搭 citywalk走起,2025-09-08,Dataset/xhs/xiaohongshu_images/机能风穿搭/68bea965000000001d03b803/image_02.webp,#948774,#6C5F52,khaki,khaki_or_beige,unknown,Unclear,False,False,False,False,Unclear,Unclear,unclear,冲锋衣 | 穿搭,,neutral,,,,,,,,unknown,0.0,ok
GRP-XHS-6a104136000000003601bfaf-01,6a104136000000003601bfaf,GRP-XHS-6a104136000000003601bfaf,#机能风穿搭,Fit check｜灰色系工业风穿搭🦾,Fit check｜灰色系工业风穿搭🦾,2026-05-23 04:00,Dataset/xhs/xiaohongshu_images/机能风穿搭/6a104136000000003601bfaf/image_01.webp,#CAC0B7,#A59F9A,gray,gray,unknown,Unclear,False,False,False,False,Unclear,Unclear,unclear,穿搭 | 灰,,neutral,,灰,,,,,,unknown,0.0,ok
GRP-XHS-6a104136000000003601bfaf-02,6a104136000000003601bfaf,GRP-XHS-6a104136000000003601bfaf,#机能风穿搭,Fit check｜灰色系工业风穿搭🦾,Fit check｜灰色系工业风穿搭🦾,2026-05-23 04:00,Dataset/xhs/xiaohongshu_images/机能风穿搭/6a104136000000003601bfaf/image_02.webp,#79845F,#424F3E,olive,olive_or_green,unknown,Unclear,False,False,False,False,Unclear,Unclear,unclear,穿搭 | 灰,,neutral,,灰,,,,,,unknown,0.0,ok
GRP-XHS-6a104136000000003601bfaf-03,6a104136000000003601bfaf,GRP-XHS-6a104136000000003601bfaf,#机能风穿搭,Fit check｜灰色系工业风穿搭🦾,Fit check｜灰色系工业风穿搭🦾,2026-05-23 04:00,Dataset/xhs/xiaohongshu_images/机能风穿搭/6a104136000000003601bfaf/image_03.webp,#B0A89D,#8D887C,gray,gray,unknown,Unclear,False,False,False,False,Unclear,Unclear,unclear,穿搭 | 灰,,neutral,,灰,,,,,,unknown,0.0,ok
GRP-XHS-6a104136000000003601bfaf-04,6a104136000000003601bfaf,GRP-XHS-6a104136000000003601bfaf,#机能风穿搭,Fit check｜灰色系工业风穿搭🦾,Fit check｜灰色系工业风穿搭🦾,2026-05-23 04:00,Dataset/xhs/xiaohongshu_images/机能风穿搭/6a104136000000003601bfaf/image_04.webp,#1D2012,#78725F,black,black,unknown,Unclear,False,False,False,False,Unclear,Unclear,unclear,穿搭 | 灰,,neutral,,灰,,,,,,unknown,0.0,ok
GRP-XHS-6a104136000000003601bfaf-05,6a104136000000003601bfaf,GRP-XHS-6a104136000000003601bfaf,#机能风穿搭,Fit check｜灰色系工业风穿搭🦾,Fit check｜灰色系工业风穿搭🦾,2026-05-23 04:00,Dataset/xhs/xiaohongshu_images/机能风穿搭/6a104136000000003601bfaf/image_05.webp,#635C4B,#97866E,brown,brown,unknown,Unclear,False,False,False,False,Unclear,Unclear,unclear,穿搭 | 灰,,neutral,,灰,,,,,,unknown,0.0,ok
GRP-XHS-6a104136000000003601bfaf-06,6a104136000000003601bfaf,GRP-XHS-6a104136000000003601bfaf,#机能风穿搭,Fit check｜灰色系工业风穿搭🦾,Fit check｜灰色系工业风穿搭🦾,2026-05-23 04:00,Dataset/xhs/xiaohongshu_images/机能风穿搭/6a104136000000003601bfaf/image_06.webp,#BAB1A8,#292224,gray,gray,unknown,Unclear,False,False,False,False,Unclear,Unclear,unclear,穿搭 | 灰,,neutral,,灰,,,,,,unknown,0.0,ok
GRP-XHS-6a104136000000003601bfaf-07,6a104136000000003601bfaf,GRP-XHS-6a104136000000003601bfaf,#机能风穿搭,Fit check｜灰色系工业风穿搭🦾,Fit check｜灰色系工业风穿搭🦾,2026-05-23 04:00,Dataset/xhs/xiaohongshu_images/机能风穿搭/6a104136000000003601bfaf/image_07.webp,#DABCA2,#74706E,orange,red_or_orange,unknown,Unclear,False,False,False,False,Unclear,Unclear,unclear,穿搭 | 灰,,neutral,,灰,,,,,,unknown,0.0,ok
GRP-XHS-6a104136000000003601bfaf-08,6a104136000000003601bfaf,GRP-XHS-6a104136000000003601bfaf,#机能风穿搭,Fit check｜灰色系工业风穿搭🦾,Fit check｜灰色系工业风穿搭🦾,2026-05-23 04:00,Dataset/xhs/xiaohongshu_images/机能风穿搭/6a104136000000003601bfaf/image_08.webp,#E0C7AE,#998375,orange,red_or_orange,unknown,Unclear,False,False,False,False,Unclear,Unclear,unclear,穿搭 | 灰,,neutral,,灰,,,,,,unknown,0.0,ok
GRP-XHS-68b915e3000000001d006f2e-01,68b915e3000000001d006f2e,GRP-XHS-68b915e3000000001d006f2e,#机能风穿搭,空天决战人型.,空天决战人型.,2025-09-04,Dataset/xhs/xiaohongshu_images/机能风穿搭/68b915e3000000001d006f2e/image_01.webp,#F3F4F5,#D6D6D4,white,white,unknown,Unclear,False,False,False,False,Unclear,Unclear,unclear,,,neutral,,,,,,,,unknown,0.0,ok
GRP-XHS-68b915e3000000001d006f2e-02,68b915e3000000001d006f2e,GRP-XHS-68b915e3000000001d006f2e,#机能风穿搭,空天决战人型.,空天决战人型.,2025-09-04,Dataset/xhs/xiaohongshu_images/机能风穿搭/68b915e3000000001d006f2e/image_02.webp,#F5F6F8,#1B1D20,white,white,unknown,Unclear,False,False,False,False,Unclear,Unclear,unclear,,,neutral,,,,,,,,unknown,0.0,ok
GRP-XHS-68b915e3000000001d006f2e-03,68b915e3000000001d006f2e,GRP-XHS-68b915e3000000001d006f2e,#机能风穿搭,空天决战人型.,空天决战人型.,2025-09-04,Dataset/xhs/xiaohongshu_images/机能风穿搭/68b915e3000000001d006f2e/image_03.webp,#E0E0E0,#1E1E21,white,white,unknown,Unclear,False,False,False,False,Unclear,Unclear,unclear,,,neutral,,,,,,,,unknown,0.0,ok
GRP-XHS-68b915e3000000001d006f2e-04,68b915e3000000001d006f2e,GRP-XHS-68b915e3000000001d006f2e,#机能风穿搭,空天决战人型.,空天决战人型.,2025-09-04,Dataset/xhs/xiaohongshu_images/机能风穿搭/68b915e3000000001d006f2e/image_04.webp,#B3B3B2,#A7A7A5,gray,gray,unknown,Unclear,False,False,False,False,Unclear,Unclear,unclear,,,neutral,,,,,,,,unknown,0.0,ok
GRP-XHS-68b063df000000001d01d584-01,68b063df000000001d01d584,GRP-XHS-68b063df000000001d01d584,#机能风穿搭,分享一下我的户外机能系列作品集！👆🏻,分享一下我的户外机能系列作品集！👆🏻,2025-08-28,Dataset/xhs/xiaohongshu_images/机能风穿搭/68b063df000000001d01d584/image_01.webp,#A3A2A1,#E6E6E6,gray,gray,unknown,Unclear,False,False,False,False,Unclear,Outdoor,unclear,户外,,neutral,,,,,户外,,0.4,text_heuristic,0.4,ok
GRP-XHS-68b063df000000001d01d584-02,68b063df000000001d01d584,GRP-XHS-68b063df000000001d01d584,#机能风穿搭,分享一下我的户外机能系列作品集！👆🏻,分享一下我的户外机能系列作品集！👆🏻,2025-08-28,Dataset/xhs/xiaohongshu_images/机能风穿搭/68b063df000000001d01d584/image_02.webp,#ACACAA,#D6D8D7,gray,gray,unknown,Unclear,False,False,False,False,Unclear,Outdoor,unclear,户外,,neutral,,,,,户外,,0.4,text_heuristic,0.4,ok
GRP-XHS-68b063df000000001d01d584-03,68b063df000000001d01d584,GRP-XHS-68b063df000000001d01d584,#机能风穿搭,分享一下我的户外机能系列作品集！👆🏻,分享一下我的户外机能系列作品集！👆🏻,2025-08-28,Dataset/xhs/xiaohongshu_images/机能风穿搭/68b063df000000001d01d584/image_03.webp,#EFF0F1,#C7C9CB,white,white,unknown,Unclear,False,False,False,False,Unclear,Outdoor,unclear,户外,,neutral,,,,,户外,,0.4,text_heuristic,0.4,ok
GRP-XHS-68b063df000000001d01d584-04,68b063df000000001d01d584,GRP-XHS-68b063df000000001d01d584,#机能风穿搭,分享一下我的户外机能系列作品集！👆🏻,分享一下我的户外机能系列作品集！👆🏻,2025-08-28,Dataset/xhs/xiaohongshu_images/机能风穿搭/68b063df000000001d01d584/image_04.webp,#F1F2F2,#CDCAC9,white,white,unknown,Unclear,False,False,False,False,Unclear,Outdoor,unclear,户外,,neutral,,,,,户外,,0.4,text_heuristic,0.4,ok
GRP-XHS-68b063df000000001d01d584-05,68b063df000000001d01d584,GRP-XHS-68b063df000000001d01d584,#机能风穿搭,分享一下我的户外机能系列作品集！👆🏻,分享一下我的户外机能系列作品集！👆🏻,2025-08-28,Dataset/xhs/xiaohongshu_images/机能风穿搭/68b063df000000001d01d584/image_05.webp,#E8E8E8,#C4C4C2,white,white,unknown,Unclear,False,False,False,False,Unclear,Outdoor,unclear,户外,,neutral,,,,,户外,,0.4,text_heuristic,0.4,ok
GRP-XHS-68b063df000000001d01d584-06,68b063df000000001d01d584,GRP-XHS-68b063df000000001d01d584,#机能风穿搭,分享一下我的户外机能系列作品集！👆🏻,分享一下我的户外机能系列作品集！👆🏻,2025-08-28,Dataset/xhs/xiaohongshu_images/机能风穿搭/68b063df000000001d01d584/image_06.webp,#E4E4E4,#C3C3C3,white,white,unknown,Unclear,False,False,False,False,Unclear,Outdoor,unclear,户外,,neutral,,,,,户外,,0.4,text_heuristic,0.4,ok
GRP-XHS-68b063df000000001d01d584-07,68b063df000000001d01d584,GRP-XHS-68b063df000000001d01d584,#机能风穿搭,分享一下我的户外机能系列作品集！👆🏻,分享一下我的户外机能系列作品集！👆🏻,2025-08-28,Dataset/xhs/xiaohongshu_images/机能风穿搭/68b063df000000001d01d584/image_07.webp,#ECEDEE,#C2C2C2,white,white,unknown,Unclear,False,False,False,False,Unclear,Outdoor,unclear,户外,,neutral,,,,,户外,,0.4,text_heuristic,0.4,ok
GRP-XHS-68b063df000000001d01d584-08,68b063df000000001d01d584,GRP-XHS-68b063df000000001d01d584,#机能风穿搭,分享一下我的户外机能系列作品集！👆🏻,分享一下我的户外机能系列作品集！👆🏻,2025-08-28,Dataset/xhs/xiaohongshu_images/机能风穿搭/68b063df000000001d01d584/image_08.webp,#B2B1B0,#90908E,gray,gray,unknown,Unclear,False,False,False,False,Unclear,Outdoor,unclear,户外,,neutral,,,,,户外,,0.4,text_heuristic,0.4,ok
GRP-XHS-68b063df000000001d01d584-09,68b063df000000001d01d584,GRP-XHS-68b063df000000001d01d584,#机能风穿搭,分享一下我的户外机能系列作品集！👆🏻,分享一下我的户外机能系列作品集！👆🏻,2025-08-28,Dataset/xhs/xiaohongshu_images/机能风穿搭/68b063df000000001d01d584/image_09.webp,#F5F5F6,#D9DADB,white,white,unknown,Unclear,False,False,False,False,Unclear,Outdoor,unclear,户外,,neutral,,,,,户外,,0.4,text_heuristic,0.4,ok
GRP-XHS-68b063df000000001d01d584-11,68b063df000000001d01d584,GRP-XHS-68b063df000000001d01d584,#机能风穿搭,分享一下我的户外机能系列作品集！👆🏻,分享一下我的户外机能系列作品集！👆🏻,2025-08-28,Dataset/xhs/xiaohongshu_images/机能风穿搭/68b063df000000001d01d584/image_11.webp,#F5F6F6,#D6D7D8,white,white,unknown,Unclear,False,False,False,False,Unclear,Outdoor,unclear,户外,,neutral,,,,,户外,,0.4,text_heuristic,0.4,ok
GRP-XHS-68b063df000000001d01d584-14,68b063df000000001d01d584,GRP-XHS-68b063df000000001d01d584,#机能风穿搭,分享一下我的户外机能系列作品集！👆🏻,分享一下我的户外机能系列作品集！👆🏻,2025-08-28,Dataset/xhs/xiaohongshu_images/机能风穿搭/68b063df000000001d01d584/image_14.webp,#F7F7F7,#DDDEDF,white,white,unknown,Unclear,False,False,False,False,Unclear,Outdoor,unclear,户外,,neutral,,,,,户外,,0.4,text_heuristic,0.4,ok
GRP-XHS-68b063df000000001d01d584-15,68b063df000000001d01d584,GRP-XHS-68b063df000000001d01d584,#机能风穿搭,分享一下我的户外机能系列作品集！👆🏻,分享一下我的户外机能系列作品集！👆🏻,2025-08-28,Dataset/xhs/xiaohongshu_images/机能风穿搭/68b063df000000001d01d584/image_15.webp,#F4F4F5,#989795,white,white,unknown,Unclear,False,False,False,False,Unclear,Outdoor,unclear,户外,,neutral,,,,,户外,,0.4,text_heuristic,0.4,ok
GRP-XHS-68afb216000000001c013882-01,68afb216000000001c013882,GRP-XHS-68afb216000000001c013882,#机能风穿搭,今天来个秋冬复古穿搭合集🍂抄作业,今天来个秋冬复古穿搭合集🍂抄作业,2025-08-28,Dataset/xhs/xiaohongshu_images/机能风穿搭/68afb216000000001c013882/image_01.webp,#6A6659,#47443A,brown,brown,unknown,Unclear,False,False,False,False,Unclear,Unclear,unclear,穿搭,,neutral,,,,,,,,unknown,0.0,ok
GRP-XHS-68afb216000000001c013882-02,68afb216000000001c013882,GRP-XHS-68afb216000000001c013882,#机能风穿搭,今天来个秋冬复古穿搭合集🍂抄作业,今天来个秋冬复古穿搭合集🍂抄作业,2025-08-28,Dataset/xhs/xiaohongshu_images/机能风穿搭/68afb216000000001c013882/image_02.webp,#605B4D,#3C3A2F,brown,brown,unknown,Unclear,False,False,False,False,Unclear,Unclear,unclear,穿搭,,neutral,,,,,,,,unknown,0.0,ok
GRP-XHS-68afb216000000001c013882-03,68afb216000000001c013882,GRP-XHS-68afb216000000001c013882,#机能风穿搭,今天来个秋冬复古穿搭合集🍂抄作业,今天来个秋冬复古穿搭合集🍂抄作业,2025-08-28,Dataset/xhs/xiaohongshu_images/机能风穿搭/68afb216000000001c013882/image_03.webp,#5D5C54,#32342F,gray,gray,unknown,Unclear,False,False,False,False,Unclear,Unclear,unclear,穿搭,,neutral,,,,,,,,unknown,0.0,ok
GRP-XHS-6846cf5a0000000022035d51-01,6846cf5a0000000022035d51,GRP-XHS-6846cf5a0000000022035d51,#机能风穿搭,为了挂通行证买了一件衣服,为了挂通行证买了一件衣服,2025-06-09,Dataset/xhs/xiaohongshu_images/机能风穿搭/6846cf5a0000000022035d51/image_01.webp,#1E252E,#404349,blue,blue,unknown,Unclear,False,False,False,False,Unclear,Unclear,unclear,,,neutral,,,,,,,,unknown,0.0,ok
GRP-XHS-6846cf5a0000000022035d51-02,6846cf5a0000000022035d51,GRP-XHS-6846cf5a0000000022035d51,#机能风穿搭,为了挂通行证买了一件衣服,为了挂通行证买了一件衣服,2025-06-09,Dataset/xhs/xiaohongshu_images/机能风穿搭/6846cf5a0000000022035d51/image_02.webp,#303A39,#161F1C,blue,blue,unknown,Unclear,False,False,False,False,Unclear,Unclear,unclear,,,neutral,,,,,,,,unknown,0.0,ok
GRP-XHS-69950c88000000001d012fef-01,69950c88000000001d012fef,GRP-XHS-69950c88000000001d012fef,#机能风穿搭,求类似reflem这件外套推荐,求类似reflem这件外套推荐,2026-02-18,Dataset/xhs/xiaohongshu_images/机能风穿搭/69950c88000000001d012fef/image_01.webp,#010000,#CBCDD3,black,black,unknown,Unclear,False,False,False,False,Unclear,Unclear,unclear,,,positive,1.0,,,,,,,unknown,0.0,ok
GRP-XHS-69fda804000000001e00d51b-01,69fda804000000001e00d51b,GRP-XHS-69fda804000000001e00d51b,#机能风穿搭,当你有一套机能风穿搭🖤,当你有一套机能风穿搭🖤,2026-05-08,Dataset/xhs/xiaohongshu_images/机能风穿搭/69fda804000000001e00d51b/image_01.webp,#13130F,#524C41,black,black,unknown,Unclear,False,False,False,False,Unclear,Unclear,unclear,机能风 | 穿搭,,neutral,,,,,,,,unknown,0.0,ok
GRP-XHS-69fda804000000001e00d51b-02,69fda804000000001e00d51b,GRP-XHS-69fda804000000001e00d51b,#机能风穿搭,当你有一套机能风穿搭🖤,当你有一套机能风穿搭🖤,2026-05-08,Dataset/xhs/xiaohongshu_images/机能风穿搭/69fda804000000001e00d51b/image_02.webp,#1E1E1D,#3F3D39,black,black,unknown,Unclear,False,False,False,False,Unclear,Unclear,unclear,机能风 | 穿搭,,neutral,,,,,,,,unknown,0.0,ok
GRP-XHS-69fda804000000001e00d51b-03,69fda804000000001e00d51b,GRP-XHS-69fda804000000001e00d51b,#机能风穿搭,当你有一套机能风穿搭🖤,当你有一套机能风穿搭🖤,2026-05-08,Dataset/xhs/xiaohongshu_images/机能风穿搭/69fda804000000001e00d51b/image_03.webp,#1D1E1C,#43423B,black,black,unknown,Unclear,False,False,False,False,Unclear,Unclear,unclear,机能风 | 穿搭,,neutral,,,,,,,,unknown,0.0,ok
GRP-XHS-69300d92000000001b03083b-01,69300d92000000001b03083b,GRP-XHS-69300d92000000001b03083b,#机能风穿搭,代号001 任务完成,代号001 任务完成,2025-12-03,Dataset/xhs/xiaohongshu_images/机能风穿搭/69300d92000000001b03083b/image_01.webp,#CDCECF,#1C1E1E,gray,gray,unknown,Unclear,False,False,False,False,Unclear,Unclear,unclear,,,neutral,,,,,,,,unknown,0.0,ok
GRP-XHS-69300d92000000001b03083b-02,69300d92000000001b03083b,GRP-XHS-69300d92000000001b03083b,#机能风穿搭,代号001 任务完成,代号001 任务完成,2025-12-03,Dataset/xhs/xiaohongshu_images/机能风穿搭/69300d92000000001b03083b/image_02.webp,#B1B5B5,#161B1C,gray,gray,unknown,Unclear,False,False,False,False,Unclear,Unclear,unclear,,,neutral,,,,,,,,unknown,0.0,ok
GRP-XHS-69300d92000000001b03083b-03,69300d92000000001b03083b,GRP-XHS-69300d92000000001b03083b,#机能风穿搭,代号001 任务完成,代号001 任务完成,2025-12-03,Dataset/xhs/xiaohongshu_images/机能风穿搭/69300d92000000001b03083b/image_03.webp,#A9A9A9,#959491,gray,gray,unknown,Unclear,False,False,False,False,Unclear,Unclear,unclear,,,neutral,,,,,,,,unknown,0.0,ok
GRP-XHS-69300d92000000001b03083b-04,69300d92000000001b03083b,GRP-XHS-69300d92000000001b03083b,#机能风穿搭,代号001 任务完成,代号001 任务完成,2025-12-03,Dataset/xhs/xiaohongshu_images/机能风穿搭/69300d92000000001b03083b/image_04.webp,#CCCDCD,#1E2020,gray,gray,unknown,Unclear,False,False,False,False,Unclear,Unclear,unclear,,,neutral,,,,,,,,unknown,0.0,ok
GRP-XHS-69300d92000000001b03083b-05,69300d92000000001b03083b,GRP-XHS-69300d92000000001b03083b,#机能风穿搭,代号001 任务完成,代号001 任务完成,2025-12-03,Dataset/xhs/xiaohongshu_images/机能风穿搭/69300d92000000001b03083b/image_05.webp,#ACACAC,#181817,gray,gray,unknown,Unclear,False,False,False,False,Unclear,Unclear,unclear,,,neutral,,,,,,,,unknown,0.0,ok
GRP-XHS-69300d92000000001b03083b-06,69300d92000000001b03083b,GRP-XHS-69300d92000000001b03083b,#机能风穿搭,代号001 任务完成,代号001 任务完成,2025-12-03,Dataset/xhs/xiaohongshu_images/机能风穿搭/69300d92000000001b03083b/image_06.webp,#A8A8A8,#9C9B98,gray,gray,unknown,Unclear,False,False,False,False,Unclear,Unclear,unclear,,,neutral,,,,,,,,unknown,0.0,ok
GRP-XHS-69300d92000000001b03083b-07,69300d92000000001b03083b,GRP-XHS-69300d92000000001b03083b,#机能风穿搭,代号001 任务完成,代号001 任务完成,2025-12-03,Dataset/xhs/xiaohongshu_images/机能风穿搭/69300d92000000001b03083b/image_07.webp,#A2A2A2,#151918,gray,gray,unknown,Unclear,False,False,False,False,Unclear,Unclear,unclear,,,neutral,,,,,,,,unknown,0.0,ok
GRP-XHS-69300d92000000001b03083b-08,69300d92000000001b03083b,GRP-XHS-69300d92000000001b03083b,#机能风穿搭,代号001 任务完成,代号001 任务完成,2025-12-03,Dataset/xhs/xiaohongshu_images/机能风穿搭/69300d92000000001b03083b/image_08.webp,#AAAAAA,#9D9C99,gray,gray,unknown,Unclear,False,False,False,False,Unclear,Unclear,unclear,,,neutral,,,,,,,,unknown,0.0,ok
GRP-XHS-69300d92000000001b03083b-09,69300d92000000001b03083b,GRP-XHS-69300d92000000001b03083b,#机能风穿搭,代号001 任务完成,代号001 任务完成,2025-12-03,Dataset/xhs/xiaohongshu_images/机能风穿搭/69300d92000000001b03083b/image_09.webp,#908D8A,#0E0F0E,gray,gray,unknown,Unclear,False,False,False,False,Unclear,Unclear,unclear,,,neutral,,,,,,,,unknown,0.0,ok
GRP-XHS-69300d92000000001b03083b-10,69300d92000000001b03083b,GRP-XHS-69300d92000000001b03083b,#机能风穿搭,代号001 任务完成,代号001 任务完成,2025-12-03,Dataset/xhs/xiaohongshu_images/机能风穿搭/69300d92000000001b03083b/image_10.webp,#111110,#9A9996,black,black,unknown,Unclear,False,False,False,False,Unclear,Unclear,unclear,,,neutral,,,,,,,,unknown,0.0,ok
GRP-XHS-68fd74df000000000301809d-01,68fd74df000000000301809d,GRP-XHS-68fd74df000000000301809d,#机能风穿搭,hamcus FW25 小蛮腰穿搭LOOK,hamcus FW25 小蛮腰穿搭LOOK,2025-10-26,Dataset/xhs/xiaohongshu_images/机能风穿搭/68fd74df000000000301809d/image_01.webp,#3C848D,#1A6977,blue,blue,unknown,Unclear,False,False,False,False,Unclear,Unclear,unclear,穿搭,,neutral,,,,,,,,unknown,0.0,ok
GRP-XHS-68fd74df000000000301809d-02,68fd74df000000000301809d,GRP-XHS-68fd74df000000000301809d,#机能风穿搭,hamcus FW25 小蛮腰穿搭LOOK,hamcus FW25 小蛮腰穿搭LOOK,2025-10-26,Dataset/xhs/xiaohongshu_images/机能风穿搭/68fd74df000000000301809d/image_02.webp,#448992,#1C6977,blue,blue,unknown,Unclear,False,False,False,False,Unclear,Unclear,unclear,穿搭,,neutral,,,,,,,,unknown,0.0,ok
GRP-XHS-68fd74df000000000301809d-03,68fd74df000000000301809d,GRP-XHS-68fd74df000000000301809d,#机能风穿搭,hamcus FW25 小蛮腰穿搭LOOK,hamcus FW25 小蛮腰穿搭LOOK,2025-10-26,Dataset/xhs/xiaohongshu_images/机能风穿搭/68fd74df000000000301809d/image_03.webp,#428891,#222521,blue,blue,unknown,Unclear,False,False,False,False,Unclear,Unclear,unclear,穿搭,,neutral,,,,,,,,unknown,0.0,ok
GRP-XHS-68fd74df000000000301809d-04,68fd74df000000000301809d,GRP-XHS-68fd74df000000000301809d,#机能风穿搭,hamcus FW25 小蛮腰穿搭LOOK,hamcus FW25 小蛮腰穿搭LOOK,2025-10-26,Dataset/xhs/xiaohongshu_images/机能风穿搭/68fd74df000000000301809d/image_04.webp,#448991,#262824,blue,blue,unknown,Unclear,False,False,False,False,Unclear,Unclear,unclear,穿搭,,neutral,,,,,,,,unknown,0.0,ok
GRP-XHS-68fd74df000000000301809d-05,68fd74df000000000301809d,GRP-XHS-68fd74df000000000301809d,#机能风穿搭,hamcus FW25 小蛮腰穿搭LOOK,hamcus FW25 小蛮腰穿搭LOOK,2025-10-26,Dataset/xhs/xiaohongshu_images/机能风穿搭/68fd74df000000000301809d/image_05.webp,#3C858E,#186876,blue,blue,unknown,Unclear,False,False,False,False,Unclear,Unclear,unclear,穿搭,,neutral,,,,,,,,unknown,0.0,ok
GRP-XHS-699abcd6000000000a02f96f-01,699abcd6000000000a02f96f,GRP-XHS-699abcd6000000000a02f96f,#机能风穿搭,赛博废土风/NOMANIAI,赛博废土风/NOMANIAI,2026-02-24,Dataset/xhs/xiaohongshu_images/机能风穿搭/699abcd6000000000a02f96f/image_01.webp,#181716,#383430,black,black,unknown,Unclear,False,False,False,False,Unclear,Unclear,unclear,,,neutral,,,,,,,,unknown,0.0,ok
GRP-XHS-699abcd6000000000a02f96f-02,699abcd6000000000a02f96f,GRP-XHS-699abcd6000000000a02f96f,#机能风穿搭,赛博废土风/NOMANIAI,赛博废土风/NOMANIAI,2026-02-24,Dataset/xhs/xiaohongshu_images/机能风穿搭/699abcd6000000000a02f96f/image_02.webp,#121312,#282723,black,black,unknown,Unclear,False,False,False,False,Unclear,Unclear,unclear,,,neutral,,,,,,,,unknown,0.0,ok
GRP-XHS-699abcd6000000000a02f96f-03,699abcd6000000000a02f96f,GRP-XHS-699abcd6000000000a02f96f,#机能风穿搭,赛博废土风/NOMANIAI,赛博废土风/NOMANIAI,2026-02-24,Dataset/xhs/xiaohongshu_images/机能风穿搭/699abcd6000000000a02f96f/image_03.webp,#0F0F11,#292527,black,black,unknown,Unclear,False,False,False,False,Unclear,Unclear,unclear,,,neutral,,,,,,,,unknown,0.0,ok
GRP-XHS-699abcd6000000000a02f96f-04,699abcd6000000000a02f96f,GRP-XHS-699abcd6000000000a02f96f,#机能风穿搭,赛博废土风/NOMANIAI,赛博废土风/NOMANIAI,2026-02-24,Dataset/xhs/xiaohongshu_images/机能风穿搭/699abcd6000000000a02f96f/image_04.webp,#161515,#36342D,black,black,unknown,Unclear,False,False,False,False,Unclear,Unclear,unclear,,,neutral,,,,,,,,unknown,0.0,ok
GRP-XHS-699abcd6000000000a02f96f-05,699abcd6000000000a02f96f,GRP-XHS-699abcd6000000000a02f96f,#机能风穿搭,赛博废土风/NOMANIAI,赛博废土风/NOMANIAI,2026-02-24,Dataset/xhs/xiaohongshu_images/机能风穿搭/699abcd6000000000a02f96f/image_05.webp,#0E0E0E,#272520,black,black,unknown,Unclear,False,False,False,False,Unclear,Unclear,unclear,,,neutral,,,,,,,,unknown,0.0,ok
GRP-XHS-699abcd6000000000a02f96f-07,699abcd6000000000a02f96f,GRP-XHS-699abcd6000000000a02f96f,#机能风穿搭,赛博废土风/NOMANIAI,赛博废土风/NOMANIAI,2026-02-24,Dataset/xhs/xiaohongshu_images/机能风穿搭/699abcd6000000000a02f96f/image_07.webp,#131211,#2F2C26,black,black,unknown,Unclear,False,False,False,False,Unclear,Unclear,unclear,,,neutral,,,,,,,,unknown,0.0,ok
GRP-XHS-697069960000000021033e97-01,697069960000000021033e97,GRP-XHS-697069960000000021033e97,#机能风穿搭,你真的不能再搭机能风了,你真的不能再搭机能风了,2026-01-21,Dataset/xhs/xiaohongshu_images/机能风穿搭/697069960000000021033e97/image_01.webp,#131314,#95949B,black,black,unknown,Unclear,False,False,False,False,Unclear,Unclear,unclear,机能风,,neutral,,,,,,,,unknown,0.0,ok
GRP-XHS-69f9cb9c000000003501f293-01,69f9cb9c000000003501f293,GRP-XHS-69f9cb9c000000003501f293,#机能风穿搭,暗黑风穿搭/MOGONGSHE,暗黑风穿搭/MOGONGSHE,2026-05-05,Dataset/xhs/xiaohongshu_images/机能风穿搭/69f9cb9c000000003501f293/image_01.webp,#F4F6F8,#111216,white,white,unknown,Unclear,False,False,False,False,Unclear,Unclear,unclear,穿搭 | 黑,,neutral,,黑,,,,,,unknown,0.0,ok
GRP-XHS-69f9cb9c000000003501f293-06,69f9cb9c000000003501f293,GRP-XHS-69f9cb9c000000003501f293,#机能风穿搭,暗黑风穿搭/MOGONGSHE,暗黑风穿搭/MOGONGSHE,2026-05-05,Dataset/xhs/xiaohongshu_images/机能风穿搭/69f9cb9c000000003501f293/image_06.webp,#F4F6F8,#13161B,white,white,unknown,Unclear,False,False,False,False,Unclear,Unclear,unclear,穿搭 | 黑,,neutral,,黑,,,,,,unknown,0.0,ok
GRP-XHS-69f9cb9c000000003501f293-07,69f9cb9c000000003501f293,GRP-XHS-69f9cb9c000000003501f293,#机能风穿搭,暗黑风穿搭/MOGONGSHE,暗黑风穿搭/MOGONGSHE,2026-05-05,Dataset/xhs/xiaohongshu_images/机能风穿搭/69f9cb9c000000003501f293/image_07.webp,#F4F6F8,#0D0F13,white,white,unknown,Unclear,False,False,False,False,Unclear,Unclear,unclear,穿搭 | 黑,,neutral,,黑,,,,,,unknown,0.0,ok
GRP-XHS-694fc9a7000000001e002664-01,694fc9a7000000001e002664,GRP-XHS-694fc9a7000000001e002664,#机能风穿搭,跑道上的高定！特步秀场运动装竟能这飒！,跑道上的高定！特步秀场运动装竟能这飒！,2025-12-27,Dataset/xhs/xiaohongshu_images/机能风穿搭/694fc9a7000000001e002664/image_01.webp,#101016,#E6EAF5,black,black,unknown,Unclear,False,False,False,False,Unclear,Unclear,unclear,,,neutral,,,,,,,,unknown,0.0,ok
GRP-XHS-694fc9a7000000001e002664-03,694fc9a7000000001e002664,GRP-XHS-694fc9a7000000001e002664,#机能风穿搭,跑道上的高定！特步秀场运动装竟能这飒！,跑道上的高定！特步秀场运动装竟能这飒！,2025-12-27,Dataset/xhs/xiaohongshu_images/机能风穿搭/694fc9a7000000001e002664/image_03.webp,#0E0F13,#E4E9F6,black,black,unknown,Unclear,False,False,False,False,Unclear,Unclear,unclear,,,neutral,,,,,,,,unknown,0.0,ok
GRP-XHS-694fc9a7000000001e002664-04,694fc9a7000000001e002664,GRP-XHS-694fc9a7000000001e002664,#机能风穿搭,跑道上的高定！特步秀场运动装竟能这飒！,跑道上的高定！特步秀场运动装竟能这飒！,2025-12-27,Dataset/xhs/xiaohongshu_images/机能风穿搭/694fc9a7000000001e002664/image_04.webp,#0D0D10,#E0E4F2,black,black,unknown,Unclear,False,False,False,False,Unclear,Unclear,unclear,,,neutral,,,,,,,,unknown,0.0,ok
GRP-XHS-694fc9a7000000001e002664-06,694fc9a7000000001e002664,GRP-XHS-694fc9a7000000001e002664,#机能风穿搭,跑道上的高定！特步秀场运动装竟能这飒！,跑道上的高定！特步秀场运动装竟能这飒！,2025-12-27,Dataset/xhs/xiaohongshu_images/机能风穿搭/694fc9a7000000001e002664/image_06.webp,#0E0D14,#282833,black,black,unknown,Unclear,False,False,False,False,Unclear,Unclear,unclear,,,neutral,,,,,,,,unknown,0.0,ok
GRP-XHS-694fc9a7000000001e002664-08,694fc9a7000000001e002664,GRP-XHS-694fc9a7000000001e002664,#机能风穿搭,跑道上的高定！特步秀场运动装竟能这飒！,跑道上的高定！特步秀场运动装竟能这飒！,2025-12-27,Dataset/xhs/xiaohongshu_images/机能风穿搭/694fc9a7000000001e002664/image_08.webp,#121217,#E8ECF9,black,black,unknown,Unclear,False,False,False,False,Unclear,Unclear,unclear,,,neutral,,,,,,,,unknown,0.0,ok
GRP-XHS-694fc9a7000000001e002664-09,694fc9a7000000001e002664,GRP-XHS-694fc9a7000000001e002664,#机能风穿搭,跑道上的高定！特步秀场运动装竟能这飒！,跑道上的高定！特步秀场运动装竟能这飒！,2025-12-27,Dataset/xhs/xiaohongshu_images/机能风穿搭/694fc9a7000000001e002664/image_09.webp,#010D18,#092236,black,black,unknown,Unclear,False,False,False,False,Unclear,Unclear,unclear,,,neutral,,,,,,,,unknown,0.0,ok
GRP-XHS-694fc9a7000000001e002664-10,694fc9a7000000001e002664,GRP-XHS-694fc9a7000000001e002664,#机能风穿搭,跑道上的高定！特步秀场运动装竟能这飒！,跑道上的高定！特步秀场运动装竟能这飒！,2025-12-27,Dataset/xhs/xiaohongshu_images/机能风穿搭/694fc9a7000000001e002664/image_10.webp,#050A1D,#232C4C,black,black,unknown,Unclear,False,False,False,False,Unclear,Unclear,unclear,,,neutral,,,,,,,,unknown,0.0,ok
GRP-XHS-694fc9a7000000001e002664-11,694fc9a7000000001e002664,GRP-XHS-694fc9a7000000001e002664,#机能风穿搭,跑道上的高定！特步秀场运动装竟能这飒！,跑道上的高定！特步秀场运动装竟能这飒！,2025-12-27,Dataset/xhs/xiaohongshu_images/机能风穿搭/694fc9a7000000001e002664/image_11.webp,#58598D,#D7D7E5,blue,blue,unknown,Unclear,False,False,False,False,Unclear,Unclear,unclear,,,neutral,,,,,,,,unknown,0.0,ok
GRP-XHS-694fc9a7000000001e002664-13,694fc9a7000000001e002664,GRP-XHS-694fc9a7000000001e002664,#机能风穿搭,跑道上的高定！特步秀场运动装竟能这飒！,跑道上的高定！特步秀场运动装竟能这飒！,2025-12-27,Dataset/xhs/xiaohongshu_images/机能风穿搭/694fc9a7000000001e002664/image_13.webp,#D8C3AF,#B6A594,orange,red_or_orange,unknown,Unclear,False,False,False,False,Unclear,Unclear,unclear,,,neutral,,,,,,,,unknown,0.0,ok
GRP-XHS-694fc9a7000000001e002664-14,694fc9a7000000001e002664,GRP-XHS-694fc9a7000000001e002664,#机能风穿搭,跑道上的高定！特步秀场运动装竟能这飒！,跑道上的高定！特步秀场运动装竟能这飒！,2025-12-27,Dataset/xhs/xiaohongshu_images/机能风穿搭/694fc9a7000000001e002664/image_14.webp,#A27442,#958779,orange,red_or_orange,unknown,Unclear,False,False,False,False,Unclear,Unclear,unclear,,,neutral,,,,,,,,unknown,0.0,ok
GRP-XHS-6a0d0a090000000007028349-01,6a0d0a090000000007028349,GRP-XHS-6a0d0a090000000007028349,#机能风穿搭,盘点逆子出的三套机能风,盘点逆子出的三套机能风,2026-05-21,Dataset/xhs/xiaohongshu_images/机能风穿搭/6a0d0a090000000007028349/image_01.webp,#1C2028,#3D4A5C,black,black,unknown,Unclear,False,False,False,False,Unclear,Unclear,unclear,机能风,,neutral,,,,,,,,unknown,0.0,ok
GRP-XHS-6a0d0a090000000007028349-02,6a0d0a090000000007028349,GRP-XHS-6a0d0a090000000007028349,#机能风穿搭,盘点逆子出的三套机能风,盘点逆子出的三套机能风,2026-05-21,Dataset/xhs/xiaohongshu_images/机能风穿搭/6a0d0a090000000007028349/image_02.webp,#202633,#495059,blue,blue,unknown,Unclear,False,False,False,False,Unclear,Unclear,unclear,机能风,,neutral,,,,,,,,unknown,0.0,ok
GRP-XHS-69899818000000000b012092-01,69899818000000000b012092,GRP-XHS-69899818000000000b012092,#机能风穿搭,亚比穿搭/失落后花园,亚比穿搭/失落后花园,2026-02-09,Dataset/xhs/xiaohongshu_images/机能风穿搭/69899818000000000b012092/image_01.webp,#91939C,#161418,gray,gray,unknown,Unclear,False,False,False,False,Unclear,Unclear,unclear,穿搭,,neutral,,,,,,,,unknown,0.0,ok
GRP-XHS-69899818000000000b012092-03,69899818000000000b012092,GRP-XHS-69899818000000000b012092,#机能风穿搭,亚比穿搭/失落后花园,亚比穿搭/失落后花园,2026-02-09,Dataset/xhs/xiaohongshu_images/机能风穿搭/69899818000000000b012092/image_03.webp,#9498A5,#E4E8EF,gray,gray,unknown,Unclear,False,False,False,False,Unclear,Unclear,unclear,穿搭,,neutral,,,,,,,,unknown,0.0,ok
GRP-XHS-69899818000000000b012092-04,69899818000000000b012092,GRP-XHS-69899818000000000b012092,#机能风穿搭,亚比穿搭/失落后花园,亚比穿搭/失落后花园,2026-02-09,Dataset/xhs/xiaohongshu_images/机能风穿搭/69899818000000000b012092/image_04.webp,#9A9FAB,#F2F4F8,gray,gray,unknown,Unclear,False,False,False,False,Unclear,Unclear,unclear,穿搭,,neutral,,,,,,,,unknown,0.0,ok
GRP-XHS-69899818000000000b012092-05,69899818000000000b012092,GRP-XHS-69899818000000000b012092,#机能风穿搭,亚比穿搭/失落后花园,亚比穿搭/失落后花园,2026-02-09,Dataset/xhs/xiaohongshu_images/机能风穿搭/69899818000000000b012092/image_05.webp,#4C5864,#0A0C0F,blue,blue,unknown,Unclear,False,False,False,False,Unclear,Unclear,unclear,穿搭,,neutral,,,,,,,,unknown,0.0,ok
GRP-XHS-69899818000000000b012092-07,69899818000000000b012092,GRP-XHS-69899818000000000b012092,#机能风穿搭,亚比穿搭/失落后花园,亚比穿搭/失落后花园,2026-02-09,Dataset/xhs/xiaohongshu_images/机能风穿搭/69899818000000000b012092/image_07.webp,#5F646D,#C6C6D7,blue,blue,unknown,Unclear,False,False,False,False,Unclear,Unclear,unclear,穿搭,,neutral,,,,,,,,unknown,0.0,ok
GRP-XHS-6a0d89520000000008000efe-01,6a0d89520000000008000efe,GRP-XHS-6a0d89520000000008000efe,#机能风穿搭,158/88 暗黑系机能风,158/88 暗黑系机能风,2026-05-21,Dataset/xhs/xiaohongshu_images/机能风穿搭/6a0d89520000000008000efe/image_01.webp,#13171A,#D3D7DA,black,black,unknown,Unclear,False,False,False,False,Unclear,Unclear,unclear,机能风 | 黑,,neutral,,黑,,,,,,unknown,0.0,ok
GRP-XHS-68b2d492000000001d011b65-01,68b2d492000000001d011b65,GRP-XHS-68b2d492000000001d011b65,#机能风穿搭,这些年画的一些朋克风设计！！！,这些年画的一些朋克风设计！！！,2025-08-30,Dataset/xhs/xiaohongshu_images/机能风穿搭/68b2d492000000001d011b65/image_01.webp,#FFFEFE,#222224,white,white,unknown,Unclear,False,False,False,False,Unclear,Unclear,unclear,,,neutral,,,,,,,,unknown,0.0,ok
GRP-XHS-68b2d492000000001d011b65-02,68b2d492000000001d011b65,GRP-XHS-68b2d492000000001d011b65,#机能风穿搭,这些年画的一些朋克风设计！！！,这些年画的一些朋克风设计！！！,2025-08-30,Dataset/xhs/xiaohongshu_images/机能风穿搭/68b2d492000000001d011b65/image_02.webp,#FFFEFE,#252428,white,white,unknown,Unclear,False,False,False,False,Unclear,Unclear,unclear,,,neutral,,,,,,,,unknown,0.0,ok
GRP-XHS-68b2d492000000001d011b65-03,68b2d492000000001d011b65,GRP-XHS-68b2d492000000001d011b65,#机能风穿搭,这些年画的一些朋克风设计！！！,这些年画的一些朋克风设计！！！,2025-08-30,Dataset/xhs/xiaohongshu_images/机能风穿搭/68b2d492000000001d011b65/image_03.webp,#FEFEFE,#D8D1D1,white,white,unknown,Unclear,False,False,False,False,Unclear,Unclear,unclear,,,neutral,,,,,,,,unknown,0.0,ok
GRP-XHS-68b2d492000000001d011b65-05,68b2d492000000001d011b65,GRP-XHS-68b2d492000000001d011b65,#机能风穿搭,这些年画的一些朋克风设计！！！,这些年画的一些朋克风设计！！！,2025-08-30,Dataset/xhs/xiaohongshu_images/机能风穿搭/68b2d492000000001d011b65/image_05.webp,#FEFEFE,#282828,white,white,unknown,Unclear,False,False,False,False,Unclear,Unclear,unclear,,,neutral,,,,,,,,unknown,0.0,ok
GRP-XHS-68b2d492000000001d011b65-06,68b2d492000000001d011b65,GRP-XHS-68b2d492000000001d011b65,#机能风穿搭,这些年画的一些朋克风设计！！！,这些年画的一些朋克风设计！！！,2025-08-30,Dataset/xhs/xiaohongshu_images/机能风穿搭/68b2d492000000001d011b65/image_06.webp,#1A1819,#55474A,black,black,unknown,Unclear,False,False,False,False,Unclear,Unclear,unclear,,,neutral,,,,,,,,unknown,0.0,ok
GRP-XHS-6a0350d70000000035022db1-01,6a0350d70000000035022db1,GRP-XHS-6a0350d70000000035022db1,#机能风穿搭,工装机能风｜⚒️矿工力量感女性穿搭*4,工装机能风｜⚒️矿工力量感女性穿搭*4,2026-05-13,Dataset/xhs/xiaohongshu_images/机能风穿搭/6a0350d70000000035022db1/image_01.webp,#B2A085,#7D7061,khaki,khaki_or_beige,unknown,Unclear,False,False,False,False,Unclear,Unclear,unclear,机能风 | 穿搭 | 工装,,neutral,,,,,,,,unknown,0.0,ok
GRP-XHS-6a1051f400000000350245b0-01,6a1051f400000000350245b0,GRP-XHS-6a1051f400000000350245b0,#机能风穿搭,🔥男生夏日机能风穿搭！帅到炸街的硬核套,🔥男生夏日机能风穿搭！帅到炸街的硬核套,2026-05-23 05:00,Dataset/xhs/xiaohongshu_images/机能风穿搭/6a1051f400000000350245b0/image_01.webp,#FEFEFD,#21211F,white,white,unknown,Unclear,False,False,False,False,Unclear,Unclear,unclear,机能风 | 穿搭,,neutral,,,,,,,,unknown,0.0,ok
GRP-XHS-692ea7bd000000001e004b33-01,692ea7bd000000001e004b33,GRP-XHS-692ea7bd000000001e004b33,#机能风穿搭,外星人小回,外星人小回,2025-12-02,Dataset/xhs/xiaohongshu_images/机能风穿搭/692ea7bd000000001e004b33/image_01.webp,#9E9F9B,#E8E8E4,gray,gray,unknown,Unclear,False,False,False,False,Unclear,Unclear,unclear,,,neutral,,,,,,,,unknown,0.0,ok
GRP-XHS-692ea7bd000000001e004b33-02,692ea7bd000000001e004b33,GRP-XHS-692ea7bd000000001e004b33,#机能风穿搭,外星人小回,外星人小回,2025-12-02,Dataset/xhs/xiaohongshu_images/机能风穿搭/692ea7bd000000001e004b33/image_02.webp,#8D8E8A,#EDEDEA,gray,gray,unknown,Unclear,False,False,False,False,Unclear,Unclear,unclear,,,neutral,,,,,,,,unknown,0.0,ok
GRP-XHS-692ea7bd000000001e004b33-03,692ea7bd000000001e004b33,GRP-XHS-692ea7bd000000001e004b33,#机能风穿搭,外星人小回,外星人小回,2025-12-02,Dataset/xhs/xiaohongshu_images/机能风穿搭/692ea7bd000000001e004b33/image_03.webp,#C0C0BC,#66635F,gray,gray,unknown,Unclear,False,False,False,False,Unclear,Unclear,unclear,,,neutral,,,,,,,,unknown,0.0,ok
GRP-XHS-692ea7bd000000001e004b33-04,692ea7bd000000001e004b33,GRP-XHS-692ea7bd000000001e004b33,#机能风穿搭,外星人小回,外星人小回,2025-12-02,Dataset/xhs/xiaohongshu_images/机能风穿搭/692ea7bd000000001e004b33/image_04.webp,#E4E2DE,#686561,white,white,unknown,Unclear,False,False,False,False,Unclear,Unclear,unclear,,,neutral,,,,,,,,unknown,0.0,ok
GRP-XHS-6a0d697a0000000006021dff-01,6a0d697a0000000006021dff,GRP-XHS-6a0d697a0000000006021dff,#机能风穿搭,水晶绿or冰川蓝？,水晶绿or冰川蓝？,2026-05-21,Dataset/xhs/xiaohongshu_images/机能风穿搭/6a0d697a0000000006021dff/image_01.webp,#C2B7A6,#CEDBE4,khaki,khaki_or_beige,unknown,Unclear,False,False,False,False,Unclear,Unclear,unclear,蓝,,neutral,,蓝,,,,,,unknown,0.0,ok
GRP-XHS-6a0d697a0000000006021dff-02,6a0d697a0000000006021dff,GRP-XHS-6a0d697a0000000006021dff,#机能风穿搭,水晶绿or冰川蓝？,水晶绿or冰川蓝？,2026-05-21,Dataset/xhs/xiaohongshu_images/机能风穿搭/6a0d697a0000000006021dff/image_02.webp,#6A6459,#9E9388,brown,brown,unknown,Unclear,False,False,False,False,Unclear,Unclear,unclear,蓝,,neutral,,蓝,,,,,,unknown,0.0,ok
GRP-XHS-68b3af14000000001d02724a-01,68b3af14000000001d02724a,GRP-XHS-68b3af14000000001d02724a,#机能风穿搭,夏天总要来一次海边,夏天总要来一次海边,2025-08-31,Dataset/xhs/xiaohongshu_images/机能风穿搭/68b3af14000000001d02724a/image_01.webp,#B5D3E4,#1B1F29,blue,blue,unknown,Unclear,False,False,False,False,Unclear,Unclear,unclear,,,neutral,,,,,,,,unknown,0.0,ok
GRP-XHS-68b3af14000000001d02724a-02,68b3af14000000001d02724a,GRP-XHS-68b3af14000000001d02724a,#机能风穿搭,夏天总要来一次海边,夏天总要来一次海边,2025-08-31,Dataset/xhs/xiaohongshu_images/机能风穿搭/68b3af14000000001d02724a/image_02.webp,#222120,#7F7D7C,black,black,unknown,Unclear,False,False,False,False,Unclear,Unclear,unclear,,,neutral,,,,,,,,unknown,0.0,ok
GRP-XHS-68b3af14000000001d02724a-03,68b3af14000000001d02724a,GRP-XHS-68b3af14000000001d02724a,#机能风穿搭,夏天总要来一次海边,夏天总要来一次海边,2025-08-31,Dataset/xhs/xiaohongshu_images/机能风穿搭/68b3af14000000001d02724a/image_03.webp,#1A191B,#6F7B88,black,black,unknown,Unclear,False,False,False,False,Unclear,Unclear,unclear,,,neutral,,,,,,,,unknown,0.0,ok
GRP-XHS-68b3af14000000001d02724a-04,68b3af14000000001d02724a,GRP-XHS-68b3af14000000001d02724a,#机能风穿搭,夏天总要来一次海边,夏天总要来一次海边,2025-08-31,Dataset/xhs/xiaohongshu_images/机能风穿搭/68b3af14000000001d02724a/image_04.webp,#79AFD1,#ABC4D0,blue,blue,unknown,Unclear,False,False,False,False,Unclear,Unclear,unclear,,,neutral,,,,,,,,unknown,0.0,ok
GRP-XHS-68b3af14000000001d02724a-05,68b3af14000000001d02724a,GRP-XHS-68b3af14000000001d02724a,#机能风穿搭,夏天总要来一次海边,夏天总要来一次海边,2025-08-31,Dataset/xhs/xiaohongshu_images/机能风穿搭/68b3af14000000001d02724a/image_05.webp,#98C4E4,#7C9FB9,blue,blue,unknown,Unclear,False,False,False,False,Unclear,Unclear,unclear,,,neutral,,,,,,,,unknown,0.0,ok
GRP-XHS-68b3af14000000001d02724a-06,68b3af14000000001d02724a,GRP-XHS-68b3af14000000001d02724a,#机能风穿搭,夏天总要来一次海边,夏天总要来一次海边,2025-08-31,Dataset/xhs/xiaohongshu_images/机能风穿搭/68b3af14000000001d02724a/image_06.webp,#7AB9DC,#6B99B3,blue,blue,unknown,Unclear,False,False,False,False,Unclear,Unclear,unclear,,,neutral,,,,,,,,unknown,0.0,ok
GRP-XHS-68d00161000000001300b472-01,68d00161000000001300b472,GRP-XHS-68d00161000000001300b472,#机能风穿搭,台风天的机能玩家聚会,台风天的机能玩家聚会,2025-09-21,Dataset/xhs/xiaohongshu_images/机能风穿搭/68d00161000000001300b472/image_01.webp,#454C4B,#222828,gray,gray,unknown,Unclear,False,False,False,False,Unclear,Unclear,unclear,,,neutral,,,,,,,,unknown,0.0,ok
GRP-XHS-68d00161000000001300b472-02,68d00161000000001300b472,GRP-XHS-68d00161000000001300b472,#机能风穿搭,台风天的机能玩家聚会,台风天的机能玩家聚会,2025-09-21,Dataset/xhs/xiaohongshu_images/机能风穿搭/68d00161000000001300b472/image_02.webp,#C4D1D5,#1C2121,white,white,unknown,Unclear,False,False,False,False,Unclear,Unclear,unclear,,,neutral,,,,,,,,unknown,0.0,ok
GRP-XHS-68d00161000000001300b472-03,68d00161000000001300b472,GRP-XHS-68d00161000000001300b472,#机能风穿搭,台风天的机能玩家聚会,台风天的机能玩家聚会,2025-09-21,Dataset/xhs/xiaohongshu_images/机能风穿搭/68d00161000000001300b472/image_03.webp,#1A2122,#373F3F,black,black,unknown,Unclear,False,False,False,False,Unclear,Unclear,unclear,,,neutral,,,,,,,,unknown,0.0,ok
GRP-XHS-68d00161000000001300b472-04,68d00161000000001300b472,GRP-XHS-68d00161000000001300b472,#机能风穿搭,台风天的机能玩家聚会,台风天的机能玩家聚会,2025-09-21,Dataset/xhs/xiaohongshu_images/机能风穿搭/68d00161000000001300b472/image_04.webp,#090D0C,#1C2321,black,black,unknown,Unclear,False,False,False,False,Unclear,Unclear,unclear,,,neutral,,,,,,,,unknown,0.0,ok
GRP-XHS-68d00161000000001300b472-05,68d00161000000001300b472,GRP-XHS-68d00161000000001300b472,#机能风穿搭,台风天的机能玩家聚会,台风天的机能玩家聚会,2025-09-21,Dataset/xhs/xiaohongshu_images/机能风穿搭/68d00161000000001300b472/image_05.webp,#121617,#2F3435,black,black,unknown,Unclear,False,False,False,False,Unclear,Unclear,unclear,,,neutral,,,,,,,,unknown,0.0,ok
GRP-XHS-68d00161000000001300b472-06,68d00161000000001300b472,GRP-XHS-68d00161000000001300b472,#机能风穿搭,台风天的机能玩家聚会,台风天的机能玩家聚会,2025-09-21,Dataset/xhs/xiaohongshu_images/机能风穿搭/68d00161000000001300b472/image_06.webp,#D5DEDF,#484A46,white,white,unknown,Unclear,False,False,False,False,Unclear,Unclear,unclear,,,neutral,,,,,,,,unknown,0.0,ok
GRP-XHS-68d00161000000001300b472-07,68d00161000000001300b472,GRP-XHS-68d00161000000001300b472,#机能风穿搭,台风天的机能玩家聚会,台风天的机能玩家聚会,2025-09-21,Dataset/xhs/xiaohongshu_images/机能风穿搭/68d00161000000001300b472/image_07.webp,#161A1C,#2F363A,black,black,unknown,Unclear,False,False,False,False,Unclear,Unclear,unclear,,,neutral,,,,,,,,unknown,0.0,ok
GRP-XHS-6a043518000000000702172d-01,6a043518000000000702172d,GRP-XHS-6a043518000000000702172d,#机能风穿搭,服设参考|赛博机能风OC帅气穿搭,服设参考|赛博机能风OC帅气穿搭,2026-05-22 23:00,Dataset/xhs/xiaohongshu_images/机能风穿搭/6a043518000000000702172d/image_01.webp,#74BFBB,#9CE0DB,blue,blue,unknown,Unclear,False,False,False,False,Unclear,Unclear,unclear,机能风 | 穿搭,,neutral,,,,,,,,unknown,0.0,ok
GRP-XHS-6a0fc668000000003501e727-01,6a0fc668000000003501e727,GRP-XHS-6a0fc668000000003501e727,#机能风穿搭,山系极简穿搭,山系极简穿搭,2026-05-22 19:00,Dataset/xhs/xiaohongshu_images/机能风穿搭/6a0fc668000000003501e727/image_01.webp,#A69F95,#8D8A85,gray,gray,unknown,Unclear,False,False,False,False,Unclear,Unclear,unclear,穿搭 | 山系,,neutral,,,,,,,,unknown,0.0,ok
GRP-XHS-6a0fc668000000003501e727-02,6a0fc668000000003501e727,GRP-XHS-6a0fc668000000003501e727,#机能风穿搭,山系极简穿搭,山系极简穿搭,2026-05-22 19:00,Dataset/xhs/xiaohongshu_images/机能风穿搭/6a0fc668000000003501e727/image_02.webp,#94928E,#AEA79E,gray,gray,unknown,Unclear,False,False,False,False,Unclear,Unclear,unclear,穿搭 | 山系,,neutral,,,,,,,,unknown,0.0,ok
GRP-XHS-6a0fc668000000003501e727-03,6a0fc668000000003501e727,GRP-XHS-6a0fc668000000003501e727,#机能风穿搭,山系极简穿搭,山系极简穿搭,2026-05-22 19:00,Dataset/xhs/xiaohongshu_images/机能风穿搭/6a0fc668000000003501e727/image_03.webp,#95938D,#B3AA9D,gray,gray,unknown,Unclear,False,False,False,False,Unclear,Unclear,unclear,穿搭 | 山系,,neutral,,,,,,,,unknown,0.0,ok
GRP-XHS-6a0fc668000000003501e727-04,6a0fc668000000003501e727,GRP-XHS-6a0fc668000000003501e727,#机能风穿搭,山系极简穿搭,山系极简穿搭,2026-05-22 19:00,Dataset/xhs/xiaohongshu_images/机能风穿搭/6a0fc668000000003501e727/image_04.webp,#8C8882,#D3D4D0,gray,gray,unknown,Unclear,False,False,False,False,Unclear,Unclear,unclear,穿搭 | 山系,,neutral,,,,,,,,unknown,0.0,ok
GRP-XHS-6a0fc668000000003501e727-05,6a0fc668000000003501e727,GRP-XHS-6a0fc668000000003501e727,#机能风穿搭,山系极简穿搭,山系极简穿搭,2026-05-22 19:00,Dataset/xhs/xiaohongshu_images/机能风穿搭/6a0fc668000000003501e727/image_05.webp,#C2C5C5,#777471,gray,gray,unknown,Unclear,False,False,False,False,Unclear,Unclear,unclear,穿搭 | 山系,,neutral,,,,,,,,unknown,0.0,ok
GRP-XHS-6a0fc668000000003501e727-06,6a0fc668000000003501e727,GRP-XHS-6a0fc668000000003501e727,#机能风穿搭,山系极简穿搭,山系极简穿搭,2026-05-22 19:00,Dataset/xhs/xiaohongshu_images/机能风穿搭/6a0fc668000000003501e727/image_06.webp,#CDD0D0,#85827E,gray,gray,unknown,Unclear,False,False,False,False,Unclear,Unclear,unclear,穿搭 | 山系,,neutral,,,,,,,,unknown,0.0,ok
GRP-XHS-69de0324000000001d01e1d2-01,69de0324000000001d01e1d2,GRP-XHS-69de0324000000001d01e1d2,#机能风穿搭,Midjourney 设计｜未来机能风服装系列,Midjourney 设计｜未来机能风服装系列,2026-04-14,Dataset/xhs/xiaohongshu_images/机能风穿搭/69de0324000000001d01e1d2/image_01.webp,#FAFBFB,#C1C9D4,white,white,unknown,Unclear,False,False,False,False,Unclear,Unclear,unclear,机能风,,neutral,,,,,,,,unknown,0.0,ok
GRP-XHS-69de0324000000001d01e1d2-02,69de0324000000001d01e1d2,GRP-XHS-69de0324000000001d01e1d2,#机能风穿搭,Midjourney 设计｜未来机能风服装系列,Midjourney 设计｜未来机能风服装系列,2026-04-14,Dataset/xhs/xiaohongshu_images/机能风穿搭/69de0324000000001d01e1d2/image_02.webp,#FCFDFD,#B3B7CF,white,white,unknown,Unclear,False,False,False,False,Unclear,Unclear,unclear,机能风,,neutral,,,,,,,,unknown,0.0,ok
GRP-XHS-69de0324000000001d01e1d2-03,69de0324000000001d01e1d2,GRP-XHS-69de0324000000001d01e1d2,#机能风穿搭,Midjourney 设计｜未来机能风服装系列,Midjourney 设计｜未来机能风服装系列,2026-04-14,Dataset/xhs/xiaohongshu_images/机能风穿搭/69de0324000000001d01e1d2/image_03.webp,#FBFCFC,#CDD9E0,white,white,unknown,Unclear,False,False,False,False,Unclear,Unclear,unclear,机能风,,neutral,,,,,,,,unknown,0.0,ok
GRP-XHS-6a0ecefd000000000803f6ee-01,6a0ecefd000000000803f6ee,GRP-XHS-6a0ecefd000000000803f6ee,#机能风穿搭,,,2026-05-22,Dataset/xhs/xiaohongshu_images/机能风穿搭/6a0ecefd000000000803f6ee/image_01.webp,#999187,#D7D2CA,gray,gray,unknown,Unclear,False,False,False,False,Unclear,Unclear,unclear,,,neutral,,,,,,,,unknown,0.0,ok
GRP-XHS-6a0ecefd000000000803f6ee-02,6a0ecefd000000000803f6ee,GRP-XHS-6a0ecefd000000000803f6ee,#机能风穿搭,,,2026-05-22,Dataset/xhs/xiaohongshu_images/机能风穿搭/6a0ecefd000000000803f6ee/image_02.webp,#C89466,#E4DFCF,orange,red_or_orange,unknown,Unclear,False,False,False,False,Unclear,Unclear,unclear,,,neutral,,,,,,,,unknown,0.0,ok
GRP-XHS-6a0ecefd000000000803f6ee-03,6a0ecefd000000000803f6ee,GRP-XHS-6a0ecefd000000000803f6ee,#机能风穿搭,,,2026-05-22,Dataset/xhs/xiaohongshu_images/机能风穿搭/6a0ecefd000000000803f6ee/image_03.webp,#A38A71,#B69C83,orange,red_or_orange,unknown,Unclear,False,False,False,False,Unclear,Unclear,unclear,,,neutral,,,,,,,,unknown,0.0,ok
GRP-XHS-6a1039c0000000003502da2e-01,6a1039c0000000003502da2e,GRP-XHS-6a1039c0000000003502da2e,#机能风穿搭,ootd✨机能风穿搭,ootd✨机能风穿搭,2026-05-23 03:00,Dataset/xhs/xiaohongshu_images/机能风穿搭/6a1039c0000000003502da2e/image_01.webp,#231E19,#BAB8AF,black,black,unknown,Unclear,False,False,False,False,Unclear,Unclear,unclear,机能风 | 穿搭,,neutral,,,,,,,,unknown,0.0,ok
GRP-XHS-6a1039c0000000003502da2e-02,6a1039c0000000003502da2e,GRP-XHS-6a1039c0000000003502da2e,#机能风穿搭,ootd✨机能风穿搭,ootd✨机能风穿搭,2026-05-23 03:00,Dataset/xhs/xiaohongshu_images/机能风穿搭/6a1039c0000000003502da2e/image_02.webp,#27201B,#BBB7AD,black,black,unknown,Unclear,False,False,False,False,Unclear,Unclear,unclear,机能风 | 穿搭,,neutral,,,,,,,,unknown,0.0,ok
GRP-XHS-6a1039c0000000003502da2e-03,6a1039c0000000003502da2e,GRP-XHS-6a1039c0000000003502da2e,#机能风穿搭,ootd✨机能风穿搭,ootd✨机能风穿搭,2026-05-23 03:00,Dataset/xhs/xiaohongshu_images/机能风穿搭/6a1039c0000000003502da2e/image_03.webp,#27221D,#DCDACE,black,black,unknown,Unclear,False,False,False,False,Unclear,Unclear,unclear,机能风 | 穿搭,,neutral,,,,,,,,unknown,0.0,ok
GRP-XHS-6a1039c0000000003502da2e-05,6a1039c0000000003502da2e,GRP-XHS-6a1039c0000000003502da2e,#机能风穿搭,ootd✨机能风穿搭,ootd✨机能风穿搭,2026-05-23 03:00,Dataset/xhs/xiaohongshu_images/机能风穿搭/6a1039c0000000003502da2e/image_05.webp,#1E1914,#B7B3A7,black,black,unknown,Unclear,False,False,False,False,Unclear,Unclear,unclear,机能风 | 穿搭,,neutral,,,,,,,,unknown,0.0,ok
GRP-XHS-6a0faa9b0000000006034d9d-01,6a0faa9b0000000006034d9d,GRP-XHS-6a0faa9b0000000006034d9d,#机能风穿搭,158 53.1KG｜户外机能风穿搭,158 53.1KG｜户外机能风穿搭,2026-05-22 17:00,Dataset/xhs/xiaohongshu_images/机能风穿搭/6a0faa9b0000000006034d9d/image_01.webp,#A09797,#857B7A,gray,gray,unknown,Unclear,False,False,False,False,Unclear,Outdoor,unclear,机能风 | 穿搭 | 户外,,neutral,,,,,户外,,0.4,text_heuristic,0.4,ok
GRP-XHS-699711bb000000000a03109c-01,699711bb000000000a03109c,GRP-XHS-699711bb000000000a03109c,#机能风穿搭,大家蹲的200r终末地男管理员cos自搭来啦,大家蹲的200r终末地男管理员cos自搭来啦,2026-02-19,Dataset/xhs/xiaohongshu_images/机能风穿搭/699711bb000000000a03109c/image_01.webp,#F9F8F8,#1E2124,white,white,unknown,Unclear,False,False,False,False,Unclear,Unclear,unclear,,,neutral,,,,,,,,unknown,0.0,ok
GRP-XHS-699711bb000000000a03109c-02,699711bb000000000a03109c,GRP-XHS-699711bb000000000a03109c,#机能风穿搭,大家蹲的200r终末地男管理员cos自搭来啦,大家蹲的200r终末地男管理员cos自搭来啦,2026-02-19,Dataset/xhs/xiaohongshu_images/机能风穿搭/699711bb000000000a03109c/image_02.webp,#14181D,#F3F4F1,black,black,unknown,Unclear,False,False,False,False,Unclear,Unclear,unclear,,,neutral,,,,,,,,unknown,0.0,ok
GRP-XHS-699711bb000000000a03109c-03,699711bb000000000a03109c,GRP-XHS-699711bb000000000a03109c,#机能风穿搭,大家蹲的200r终末地男管理员cos自搭来啦,大家蹲的200r终末地男管理员cos自搭来啦,2026-02-19,Dataset/xhs/xiaohongshu_images/机能风穿搭/699711bb000000000a03109c/image_03.webp,#EFF3F7,#0C141B,white,white,unknown,Unclear,False,False,False,False,Unclear,Unclear,unclear,,,neutral,,,,,,,,unknown,0.0,ok
GRP-XHS-699711bb000000000a03109c-04,699711bb000000000a03109c,GRP-XHS-699711bb000000000a03109c,#机能风穿搭,大家蹲的200r终末地男管理员cos自搭来啦,大家蹲的200r终末地男管理员cos自搭来啦,2026-02-19,Dataset/xhs/xiaohongshu_images/机能风穿搭/699711bb000000000a03109c/image_04.webp,#594D3E,#706353,orange,red_or_orange,unknown,Unclear,False,False,False,False,Unclear,Unclear,unclear,,,neutral,,,,,,,,unknown,0.0,ok
GRP-XHS-699711bb000000000a03109c-05,699711bb000000000a03109c,GRP-XHS-699711bb000000000a03109c,#机能风穿搭,大家蹲的200r终末地男管理员cos自搭来啦,大家蹲的200r终末地男管理员cos自搭来啦,2026-02-19,Dataset/xhs/xiaohongshu_images/机能风穿搭/699711bb000000000a03109c/image_05.webp,#201B1A,#AAA3A1,black,black,unknown,Unclear,False,False,False,False,Unclear,Unclear,unclear,,,neutral,,,,,,,,unknown,0.0,ok
GRP-XHS-699711bb000000000a03109c-06,699711bb000000000a03109c,GRP-XHS-699711bb000000000a03109c,#机能风穿搭,大家蹲的200r终末地男管理员cos自搭来啦,大家蹲的200r终末地男管理员cos自搭来啦,2026-02-19,Dataset/xhs/xiaohongshu_images/机能风穿搭/699711bb000000000a03109c/image_06.webp,#1B1B20,#EFEBE4,black,black,unknown,Unclear,False,False,False,False,Unclear,Unclear,unclear,,,neutral,,,,,,,,unknown,0.0,ok
GRP-XHS-699711bb000000000a03109c-07,699711bb000000000a03109c,GRP-XHS-699711bb000000000a03109c,#机能风穿搭,大家蹲的200r终末地男管理员cos自搭来啦,大家蹲的200r终末地男管理员cos自搭来啦,2026-02-19,Dataset/xhs/xiaohongshu_images/机能风穿搭/699711bb000000000a03109c/image_07.webp,#BCBCBA,#B6763E,gray,gray,unknown,Unclear,False,False,False,False,Unclear,Unclear,unclear,,,neutral,,,,,,,,unknown,0.0,ok
GRP-XHS-699711bb000000000a03109c-08,699711bb000000000a03109c,GRP-XHS-699711bb000000000a03109c,#机能风穿搭,大家蹲的200r终末地男管理员cos自搭来啦,大家蹲的200r终末地男管理员cos自搭来啦,2026-02-19,Dataset/xhs/xiaohongshu_images/机能风穿搭/699711bb000000000a03109c/image_08.webp,#F3BA3D,#FCFCFA,yellow,yellow,unknown,Unclear,False,False,False,False,Unclear,Unclear,unclear,,,neutral,,,,,,,,unknown,0.0,ok
GRP-XHS-699711bb000000000a03109c-09,699711bb000000000a03109c,GRP-XHS-699711bb000000000a03109c,#机能风穿搭,大家蹲的200r终末地男管理员cos自搭来啦,大家蹲的200r终末地男管理员cos自搭来啦,2026-02-19,Dataset/xhs/xiaohongshu_images/机能风穿搭/699711bb000000000a03109c/image_09.webp,#EBEBEB,#F9FAF9,white,white,unknown,Unclear,False,False,False,False,Unclear,Unclear,unclear,,,neutral,,,,,,,,unknown,0.0,ok
GRP-XHS-699711bb000000000a03109c-10,699711bb000000000a03109c,GRP-XHS-699711bb000000000a03109c,#机能风穿搭,大家蹲的200r终末地男管理员cos自搭来啦,大家蹲的200r终末地男管理员cos自搭来啦,2026-02-19,Dataset/xhs/xiaohongshu_images/机能风穿搭/699711bb000000000a03109c/image_10.webp,#383838,#FBFBFB,gray,gray,unknown,Unclear,False,False,False,False,Unclear,Unclear,unclear,,,neutral,,,,,,,,unknown,0.0,ok
GRP-XHS-699711bb000000000a03109c-11,699711bb000000000a03109c,GRP-XHS-699711bb000000000a03109c,#机能风穿搭,大家蹲的200r终末地男管理员cos自搭来啦,大家蹲的200r终末地男管理员cos自搭来啦,2026-02-19,Dataset/xhs/xiaohongshu_images/机能风穿搭/699711bb000000000a03109c/image_11.webp,#0A0B0A,#D7D2D6,black,black,unknown,Unclear,False,False,False,False,Unclear,Unclear,unclear,,,neutral,,,,,,,,unknown,0.0,ok
GRP-XHS-699711bb000000000a03109c-12,699711bb000000000a03109c,GRP-XHS-699711bb000000000a03109c,#机能风穿搭,大家蹲的200r终末地男管理员cos自搭来啦,大家蹲的200r终末地男管理员cos自搭来啦,2026-02-19,Dataset/xhs/xiaohongshu_images/机能风穿搭/699711bb000000000a03109c/image_12.webp,#BBB8B4,#D3D1CB,gray,gray,unknown,Unclear,False,False,False,False,Unclear,Unclear,unclear,,,neutral,,,,,,,,unknown,0.0,ok
GRP-XHS-699711bb000000000a03109c-13,699711bb000000000a03109c,GRP-XHS-699711bb000000000a03109c,#机能风穿搭,大家蹲的200r终末地男管理员cos自搭来啦,大家蹲的200r终末地男管理员cos自搭来啦,2026-02-19,Dataset/xhs/xiaohongshu_images/机能风穿搭/699711bb000000000a03109c/image_13.webp,#B7BAB9,#767F8A,gray,gray,unknown,Unclear,False,False,False,False,Unclear,Unclear,unclear,,,neutral,,,,,,,,unknown,0.0,ok
GRP-XHS-699711bb000000000a03109c-14,699711bb000000000a03109c,GRP-XHS-699711bb000000000a03109c,#机能风穿搭,大家蹲的200r终末地男管理员cos自搭来啦,大家蹲的200r终末地男管理员cos自搭来啦,2026-02-19,Dataset/xhs/xiaohongshu_images/机能风穿搭/699711bb000000000a03109c/image_14.webp,#6F6F78,#84848C,gray,gray,unknown,Unclear,False,False,False,False,Unclear,Unclear,unclear,,,neutral,,,,,,,,unknown,0.0,ok
GRP-XHS-699711bb000000000a03109c-15,699711bb000000000a03109c,GRP-XHS-699711bb000000000a03109c,#机能风穿搭,大家蹲的200r终末地男管理员cos自搭来啦,大家蹲的200r终末地男管理员cos自搭来啦,2026-02-19,Dataset/xhs/xiaohongshu_images/机能风穿搭/699711bb000000000a03109c/image_15.webp,#D2CFD1,#D7D6D8,white,white,unknown,Unclear,False,False,False,False,Unclear,Unclear,unclear,,,neutral,,,,,,,,unknown,0.0,ok
GRP-XHS-699711bb000000000a03109c-16,699711bb000000000a03109c,GRP-XHS-699711bb000000000a03109c,#机能风穿搭,大家蹲的200r终末地男管理员cos自搭来啦,大家蹲的200r终末地男管理员cos自搭来啦,2026-02-19,Dataset/xhs/xiaohongshu_images/机能风穿搭/699711bb000000000a03109c/image_16.webp,#FDFDFD,#E4E3E2,white,white,unknown,Unclear,False,False,False,False,Unclear,Unclear,unclear,,,neutral,,,,,,,,unknown,0.0,ok
GRP-XHS-699711bb000000000a03109c-17,699711bb000000000a03109c,GRP-XHS-699711bb000000000a03109c,#机能风穿搭,大家蹲的200r终末地男管理员cos自搭来啦,大家蹲的200r终末地男管理员cos自搭来啦,2026-02-19,Dataset/xhs/xiaohongshu_images/机能风穿搭/699711bb000000000a03109c/image_17.webp,#2D2320,#E4DFDB,black,black,unknown,Unclear,False,False,False,False,Unclear,Unclear,unclear,,,neutral,,,,,,,,unknown,0.0,ok
GRP-XHS-699711bb000000000a03109c-18,699711bb000000000a03109c,GRP-XHS-699711bb000000000a03109c,#机能风穿搭,大家蹲的200r终末地男管理员cos自搭来啦,大家蹲的200r终末地男管理员cos自搭来啦,2026-02-19,Dataset/xhs/xiaohongshu_images/机能风穿搭/699711bb000000000a03109c/image_18.webp,#F4F5F8,#E9EAEE,white,white,unknown,Unclear,False,False,False,False,Unclear,Unclear,unclear,,,neutral,,,,,,,,unknown,0.0,ok
GRP-XHS-6a0a78f80000000008000cde-01,6a0a78f80000000008000cde,GRP-XHS-6a0a78f80000000008000cde,#机能风穿搭,穿搭｜机能风萨洛蒙,穿搭｜机能风萨洛蒙,2026-05-19,Dataset/xhs/xiaohongshu_images/机能风穿搭/6a0a78f80000000008000cde/image_01.webp,#BEC9BF,#193232,gray,gray,unknown,Unclear,False,False,False,False,Unclear,Unclear,unclear,萨洛蒙 | 机能风 | 穿搭,,neutral,,,,,,,,unknown,0.0,ok
GRP-XHS-6a0a78f80000000008000cde-02,6a0a78f80000000008000cde,GRP-XHS-6a0a78f80000000008000cde,#机能风穿搭,穿搭｜机能风萨洛蒙,穿搭｜机能风萨洛蒙,2026-05-19,Dataset/xhs/xiaohongshu_images/机能风穿搭/6a0a78f80000000008000cde/image_02.webp,#C3CABA,#56624D,gray,gray,unknown,Unclear,False,False,False,False,Unclear,Unclear,unclear,萨洛蒙 | 机能风 | 穿搭,,neutral,,,,,,,,unknown,0.0,ok
GRP-XHS-6a0a78f80000000008000cde-03,6a0a78f80000000008000cde,GRP-XHS-6a0a78f80000000008000cde,#机能风穿搭,穿搭｜机能风萨洛蒙,穿搭｜机能风萨洛蒙,2026-05-19,Dataset/xhs/xiaohongshu_images/机能风穿搭/6a0a78f80000000008000cde/image_03.webp,#D1D6C6,#626A5C,white,white,unknown,Unclear,False,False,False,False,Unclear,Unclear,unclear,萨洛蒙 | 机能风 | 穿搭,,neutral,,,,,,,,unknown,0.0,ok
GRP-XHS-6a0a78f80000000008000cde-04,6a0a78f80000000008000cde,GRP-XHS-6a0a78f80000000008000cde,#机能风穿搭,穿搭｜机能风萨洛蒙,穿搭｜机能风萨洛蒙,2026-05-19,Dataset/xhs/xiaohongshu_images/机能风穿搭/6a0a78f80000000008000cde/image_04.webp,#D6CABC,#837D73,white,white,unknown,Unclear,False,False,False,False,Unclear,Unclear,unclear,萨洛蒙 | 机能风 | 穿搭,,neutral,,,,,,,,unknown,0.0,ok
GRP-XHS-6a0a78f80000000008000cde-05,6a0a78f80000000008000cde,GRP-XHS-6a0a78f80000000008000cde,#机能风穿搭,穿搭｜机能风萨洛蒙,穿搭｜机能风萨洛蒙,2026-05-19,Dataset/xhs/xiaohongshu_images/机能风穿搭/6a0a78f80000000008000cde/image_05.webp,#9A9891,#C8C7BE,gray,gray,unknown,Unclear,False,False,False,False,Unclear,Unclear,unclear,萨洛蒙 | 机能风 | 穿搭,,neutral,,,,,,,,unknown,0.0,ok
GRP-XHS-6a0a78f80000000008000cde-06,6a0a78f80000000008000cde,GRP-XHS-6a0a78f80000000008000cde,#机能风穿搭,穿搭｜机能风萨洛蒙,穿搭｜机能风萨洛蒙,2026-05-19,Dataset/xhs/xiaohongshu_images/机能风穿搭/6a0a78f80000000008000cde/image_06.webp,#B1A79A,#8C857A,orange,red_or_orange,unknown,Unclear,False,False,False,False,Unclear,Unclear,unclear,萨洛蒙 | 机能风 | 穿搭,,neutral,,,,,,,,unknown,0.0,ok
GRP-XHS-68ce62540000000013017c79-01,68ce62540000000013017c79,GRP-XHS-68ce62540000000013017c79,#机能风穿搭,喵/机能风也很好看呢❗️,喵/机能风也很好看呢❗️,2025-09-20,Dataset/xhs/xiaohongshu_images/机能风穿搭/68ce62540000000013017c79/image_01.webp,#201E1D,#444140,black,black,unknown,Unclear,False,False,False,False,Unclear,Unclear,unclear,机能风,,positive,1.0,,,,,,,unknown,0.0,ok
GRP-XHS-68ce62540000000013017c79-02,68ce62540000000013017c79,GRP-XHS-68ce62540000000013017c79,#机能风穿搭,喵/机能风也很好看呢❗️,喵/机能风也很好看呢❗️,2025-09-20,Dataset/xhs/xiaohongshu_images/机能风穿搭/68ce62540000000013017c79/image_02.webp,#E2E1E0,#3F3B3A,white,white,unknown,Unclear,False,False,False,False,Unclear,Unclear,unclear,机能风,,positive,1.0,,,,,,,unknown,0.0,ok
GRP-XHS-69e21bb1000000001d01bf5d-01,69e21bb1000000001d01bf5d,GRP-XHS-69e21bb1000000001d01bf5d,#机能风穿搭,男生夏季一周穿搭分享丨无脑抄作业,男生夏季一周穿搭分享丨无脑抄作业,2026-04-17,Dataset/xhs/xiaohongshu_images/机能风穿搭/69e21bb1000000001d01bf5d/image_01.webp,#1F2422,#57554A,black,black,unknown,Unclear,False,False,False,False,Unclear,Unclear,unclear,穿搭 | 夏季,,neutral,,,,,夏季,,,unknown,0.0,ok
GRP-XHS-69e21bb1000000001d01bf5d-02,69e21bb1000000001d01bf5d,GRP-XHS-69e21bb1000000001d01bf5d,#机能风穿搭,男生夏季一周穿搭分享丨无脑抄作业,男生夏季一周穿搭分享丨无脑抄作业,2026-04-17,Dataset/xhs/xiaohongshu_images/机能风穿搭/69e21bb1000000001d01bf5d/image_02.webp,#11151B,#EBEBEA,black,black,unknown,Unclear,False,False,False,False,Unclear,Unclear,unclear,穿搭 | 夏季,,neutral,,,,,夏季,,,unknown,0.0,ok
GRP-XHS-69e21bb1000000001d01bf5d-03,69e21bb1000000001d01bf5d,GRP-XHS-69e21bb1000000001d01bf5d,#机能风穿搭,男生夏季一周穿搭分享丨无脑抄作业,男生夏季一周穿搭分享丨无脑抄作业,2026-04-17,Dataset/xhs/xiaohongshu_images/机能风穿搭/69e21bb1000000001d01bf5d/image_03.webp,#151B19,#444C43,black,black,unknown,Unclear,False,False,False,False,Unclear,Unclear,unclear,穿搭 | 夏季,,neutral,,,,,夏季,,,unknown,0.0,ok
GRP-XHS-69e21bb1000000001d01bf5d-04,69e21bb1000000001d01bf5d,GRP-XHS-69e21bb1000000001d01bf5d,#机能风穿搭,男生夏季一周穿搭分享丨无脑抄作业,男生夏季一周穿搭分享丨无脑抄作业,2026-04-17,Dataset/xhs/xiaohongshu_images/机能风穿搭/69e21bb1000000001d01bf5d/image_04.webp,#F8F8F9,#25352A,white,white,unknown,Unclear,False,False,False,False,Unclear,Unclear,unclear,穿搭 | 夏季,,neutral,,,,,夏季,,,unknown,0.0,ok
GRP-XHS-69e21bb1000000001d01bf5d-05,69e21bb1000000001d01bf5d,GRP-XHS-69e21bb1000000001d01bf5d,#机能风穿搭,男生夏季一周穿搭分享丨无脑抄作业,男生夏季一周穿搭分享丨无脑抄作业,2026-04-17,Dataset/xhs/xiaohongshu_images/机能风穿搭/69e21bb1000000001d01bf5d/image_05.webp,#364239,#131816,green,olive_or_green,unknown,Unclear,False,False,False,False,Unclear,Unclear,unclear,穿搭 | 夏季,,neutral,,,,,夏季,,,unknown,0.0,ok
GRP-XHS-69e21bb1000000001d01bf5d-06,69e21bb1000000001d01bf5d,GRP-XHS-69e21bb1000000001d01bf5d,#机能风穿搭,男生夏季一周穿搭分享丨无脑抄作业,男生夏季一周穿搭分享丨无脑抄作业,2026-04-17,Dataset/xhs/xiaohongshu_images/机能风穿搭/69e21bb1000000001d01bf5d/image_06.webp,#262526,#C2BFBD,black,black,unknown,Unclear,False,False,False,False,Unclear,Unclear,unclear,穿搭 | 夏季,,neutral,,,,,夏季,,,unknown,0.0,ok
GRP-XHS-69e21bb1000000001d01bf5d-07,69e21bb1000000001d01bf5d,GRP-XHS-69e21bb1000000001d01bf5d,#机能风穿搭,男生夏季一周穿搭分享丨无脑抄作业,男生夏季一周穿搭分享丨无脑抄作业,2026-04-17,Dataset/xhs/xiaohongshu_images/机能风穿搭/69e21bb1000000001d01bf5d/image_07.webp,#E8C0A7,#5F4E48,orange,red_or_orange,unknown,Unclear,False,False,False,False,Unclear,Unclear,unclear,穿搭 | 夏季,,neutral,,,,,夏季,,,unknown,0.0,ok
GRP-XHS-69e21bb1000000001d01bf5d-08,69e21bb1000000001d01bf5d,GRP-XHS-69e21bb1000000001d01bf5d,#机能风穿搭,男生夏季一周穿搭分享丨无脑抄作业,男生夏季一周穿搭分享丨无脑抄作业,2026-04-17,Dataset/xhs/xiaohongshu_images/机能风穿搭/69e21bb1000000001d01bf5d/image_08.webp,#685240,#F6F2ED,orange,red_or_orange,unknown,Unclear,False,False,False,False,Unclear,Unclear,unclear,穿搭 | 夏季,,neutral,,,,,夏季,,,unknown,0.0,ok
GRP-XHS-69e21bb1000000001d01bf5d-09,69e21bb1000000001d01bf5d,GRP-XHS-69e21bb1000000001d01bf5d,#机能风穿搭,男生夏季一周穿搭分享丨无脑抄作业,男生夏季一周穿搭分享丨无脑抄作业,2026-04-17,Dataset/xhs/xiaohongshu_images/机能风穿搭/69e21bb1000000001d01bf5d/image_09.webp,#B9C8D2,#829EB5,white,white,unknown,Unclear,False,False,False,False,Unclear,Unclear,unclear,穿搭 | 夏季,,neutral,,,,,夏季,,,unknown,0.0,ok
GRP-XHS-69907159000000001a025379-01,69907159000000001a025379,GRP-XHS-69907159000000001a025379,#机能风穿搭,170cm男生初春气质穿搭|显白干净高级感穿搭,170cm男生初春气质穿搭|显白干净高级感穿搭,2026-02-14,Dataset/xhs/xiaohongshu_images/机能风穿搭/69907159000000001a025379/image_01.webp,#55595B,#18181A,gray,gray,unknown,Unclear,False,False,False,False,Unclear,Unclear,unclear,穿搭 | 白,,neutral,,白,,,,,,unknown,0.0,ok
GRP-XHS-69907159000000001a025379-02,69907159000000001a025379,GRP-XHS-69907159000000001a025379,#机能风穿搭,170cm男生初春气质穿搭|显白干净高级感穿搭,170cm男生初春气质穿搭|显白干净高级感穿搭,2026-02-14,Dataset/xhs/xiaohongshu_images/机能风穿搭/69907159000000001a025379/image_02.webp,#707271,#525558,gray,gray,unknown,Unclear,False,False,False,False,Unclear,Unclear,unclear,穿搭 | 白,,neutral,,白,,,,,,unknown,0.0,ok
GRP-XHS-69907159000000001a025379-03,69907159000000001a025379,GRP-XHS-69907159000000001a025379,#机能风穿搭,170cm男生初春气质穿搭|显白干净高级感穿搭,170cm男生初春气质穿搭|显白干净高级感穿搭,2026-02-14,Dataset/xhs/xiaohongshu_images/机能风穿搭/69907159000000001a025379/image_03.webp,#525658,#717372,gray,gray,unknown,Unclear,False,False,False,False,Unclear,Unclear,unclear,穿搭 | 白,,neutral,,白,,,,,,unknown,0.0,ok
GRP-XHS-69907159000000001a025379-04,69907159000000001a025379,GRP-XHS-69907159000000001a025379,#机能风穿搭,170cm男生初春气质穿搭|显白干净高级感穿搭,170cm男生初春气质穿搭|显白干净高级感穿搭,2026-02-14,Dataset/xhs/xiaohongshu_images/机能风穿搭/69907159000000001a025379/image_04.webp,#707272,#535659,gray,gray,unknown,Unclear,False,False,False,False,Unclear,Unclear,unclear,穿搭 | 白,,neutral,,白,,,,,,unknown,0.0,ok
GRP-XHS-69907159000000001a025379-05,69907159000000001a025379,GRP-XHS-69907159000000001a025379,#机能风穿搭,170cm男生初春气质穿搭|显白干净高级感穿搭,170cm男生初春气质穿搭|显白干净高级感穿搭,2026-02-14,Dataset/xhs/xiaohongshu_images/机能风穿搭/69907159000000001a025379/image_05.webp,#535659,#717372,gray,gray,unknown,Unclear,False,False,False,False,Unclear,Unclear,unclear,穿搭 | 白,,neutral,,白,,,,,,unknown,0.0,ok
GRP-XHS-68932e52000000002302cc89-01,68932e52000000002302cc89,GRP-XHS-68932e52000000002302cc89,#机能风穿搭,超自然能力社档案｜「市井刀影」,超自然能力社档案｜「市井刀影」,2025-08-09,Dataset/xhs/xiaohongshu_images/机能风穿搭/68932e52000000002302cc89/image_01.webp,#F6F4F2,#DFD8D0,white,white,unknown,Unclear,False,False,False,False,Unclear,Unclear,unclear,,,neutral,,,,,,,,unknown,0.0,ok
GRP-XHS-68932e52000000002302cc89-02,68932e52000000002302cc89,GRP-XHS-68932e52000000002302cc89,#机能风穿搭,超自然能力社档案｜「市井刀影」,超自然能力社档案｜「市井刀影」,2025-08-09,Dataset/xhs/xiaohongshu_images/机能风穿搭/68932e52000000002302cc89/image_02.webp,#F4F2EF,#3F4242,white,white,unknown,Unclear,False,False,False,False,Unclear,Unclear,unclear,,,neutral,,,,,,,,unknown,0.0,ok
GRP-XHS-68932e52000000002302cc89-03,68932e52000000002302cc89,GRP-XHS-68932e52000000002302cc89,#机能风穿搭,超自然能力社档案｜「市井刀影」,超自然能力社档案｜「市井刀影」,2025-08-09,Dataset/xhs/xiaohongshu_images/机能风穿搭/68932e52000000002302cc89/image_03.webp,#F3F1EF,#434646,white,white,unknown,Unclear,False,False,False,False,Unclear,Unclear,unclear,,,neutral,,,,,,,,unknown,0.0,ok
GRP-XHS-68932e52000000002302cc89-04,68932e52000000002302cc89,GRP-XHS-68932e52000000002302cc89,#机能风穿搭,超自然能力社档案｜「市井刀影」,超自然能力社档案｜「市井刀影」,2025-08-09,Dataset/xhs/xiaohongshu_images/机能风穿搭/68932e52000000002302cc89/image_04.webp,#F3F1EF,#3A3D3C,white,white,unknown,Unclear,False,False,False,False,Unclear,Unclear,unclear,,,neutral,,,,,,,,unknown,0.0,ok
GRP-XHS-68932e52000000002302cc89-05,68932e52000000002302cc89,GRP-XHS-68932e52000000002302cc89,#机能风穿搭,超自然能力社档案｜「市井刀影」,超自然能力社档案｜「市井刀影」,2025-08-09,Dataset/xhs/xiaohongshu_images/机能风穿搭/68932e52000000002302cc89/image_05.webp,#F3F1EF,#363938,white,white,unknown,Unclear,False,False,False,False,Unclear,Unclear,unclear,,,neutral,,,,,,,,unknown,0.0,ok
GRP-XHS-68932e52000000002302cc89-06,68932e52000000002302cc89,GRP-XHS-68932e52000000002302cc89,#机能风穿搭,超自然能力社档案｜「市井刀影」,超自然能力社档案｜「市井刀影」,2025-08-09,Dataset/xhs/xiaohongshu_images/机能风穿搭/68932e52000000002302cc89/image_06.webp,#F5F1EF,#323635,white,white,unknown,Unclear,False,False,False,False,Unclear,Unclear,unclear,,,neutral,,,,,,,,unknown,0.0,ok
GRP-XHS-69db25c6000000001b002fe2-01,69db25c6000000001b002fe2,GRP-XHS-69db25c6000000001b002fe2,#机能风穿搭,男生穿搭零门槛，每套都好看到失语！,男生穿搭零门槛，每套都好看到失语！,2026-04-12,Dataset/xhs/xiaohongshu_images/机能风穿搭/69db25c6000000001b002fe2/image_01.webp,#DFE1DC,#86827A,white,white,unknown,Unclear,False,False,False,False,Unclear,Unclear,unclear,穿搭,,positive,1.0,,,,,,,unknown,0.0,ok
GRP-XHS-69db25c6000000001b002fe2-01,69db25c6000000001b002fe2,GRP-XHS-69db25c6000000001b002fe2,#Gorpcore,男生穿搭零门槛，每套都好看到失语！,男生穿搭零门槛，每套都好看到失语！,2026-04-12,Dataset/xhs/xiaohongshu_images/Gorpcore/69db25c6000000001b002fe2/image_01.webp,#DFE1DC,#86827A,white,white,unknown,Unclear,False,False,False,False,Unclear,Unclear,unclear,穿搭,,positive,1.0,,,,,,,unknown,0.0,ok
GRP-XHS-69db25c6000000001b002fe2-02,69db25c6000000001b002fe2,GRP-XHS-69db25c6000000001b002fe2,#机能风穿搭,男生穿搭零门槛，每套都好看到失语！,男生穿搭零门槛，每套都好看到失语！,2026-04-12,Dataset/xhs/xiaohongshu_images/机能风穿搭/69db25c6000000001b002fe2/image_02.webp,#CDC9BD,#7E776C,gray,gray,unknown,Unclear,False,False,False,False,Unclear,Unclear,unclear,穿搭,,positive,1.0,,,,,,,unknown,0.0,ok
GRP-XHS-69db25c6000000001b002fe2-02,69db25c6000000001b002fe2,GRP-XHS-69db25c6000000001b002fe2,#Gorpcore,男生穿搭零门槛，每套都好看到失语！,男生穿搭零门槛，每套都好看到失语！,2026-04-12,Dataset/xhs/xiaohongshu_images/Gorpcore/69db25c6000000001b002fe2/image_02.webp,#CDC9BD,#7E776C,gray,gray,unknown,Unclear,False,False,False,False,Unclear,Unclear,unclear,穿搭,,positive,1.0,,,,,,,unknown,0.0,ok
GRP-XHS-69db25c6000000001b002fe2-03,69db25c6000000001b002fe2,GRP-XHS-69db25c6000000001b002fe2,#机能风穿搭,男生穿搭零门槛，每套都好看到失语！,男生穿搭零门槛，每套都好看到失语！,2026-04-12,Dataset/xhs/xiaohongshu_images/机能风穿搭/69db25c6000000001b002fe2/image_03.webp,#CBC5B8,#958E86,gray,gray,unknown,Unclear,False,False,False,False,Unclear,Unclear,unclear,穿搭,,positive,1.0,,,,,,,unknown,0.0,ok
GRP-XHS-69db25c6000000001b002fe2-03,69db25c6000000001b002fe2,GRP-XHS-69db25c6000000001b002fe2,#Gorpcore,男生穿搭零门槛，每套都好看到失语！,男生穿搭零门槛，每套都好看到失语！,2026-04-12,Dataset/xhs/xiaohongshu_images/Gorpcore/69db25c6000000001b002fe2/image_03.webp,#CBC5B8,#958E86,gray,gray,unknown,Unclear,False,False,False,False,Unclear,Unclear,unclear,穿搭,,positive,1.0,,,,,,,unknown,0.0,ok
GRP-XHS-69db25c6000000001b002fe2-04,69db25c6000000001b002fe2,GRP-XHS-69db25c6000000001b002fe2,#机能风穿搭,男生穿搭零门槛，每套都好看到失语！,男生穿搭零门槛，每套都好看到失语！,2026-04-12,Dataset/xhs/xiaohongshu_images/机能风穿搭/69db25c6000000001b002fe2/image_04.webp,#DBDDD8,#C1C2BC,white,white,unknown,Unclear,False,False,False,False,Unclear,Unclear,unclear,穿搭,,positive,1.0,,,,,,,unknown,0.0,ok
GRP-XHS-69db25c6000000001b002fe2-04,69db25c6000000001b002fe2,GRP-XHS-69db25c6000000001b002fe2,#Gorpcore,男生穿搭零门槛，每套都好看到失语！,男生穿搭零门槛，每套都好看到失语！,2026-04-12,Dataset/xhs/xiaohongshu_images/Gorpcore/69db25c6000000001b002fe2/image_04.webp,#DBDDD8,#C1C2BC,white,white,unknown,Unclear,False,False,False,False,Unclear,Unclear,unclear,穿搭,,positive,1.0,,,,,,,unknown,0.0,ok
GRP-XHS-69db25c6000000001b002fe2-05,69db25c6000000001b002fe2,GRP-XHS-69db25c6000000001b002fe2,#机能风穿搭,男生穿搭零门槛，每套都好看到失语！,男生穿搭零门槛，每套都好看到失语！,2026-04-12,Dataset/xhs/xiaohongshu_images/机能风穿搭/69db25c6000000001b002fe2/image_05.webp,#CFD1CC,#9C988E,white,white,unknown,Unclear,False,False,False,False,Unclear,Unclear,unclear,穿搭,,positive,1.0,,,,,,,unknown,0.0,ok
GRP-XHS-69db25c6000000001b002fe2-05,69db25c6000000001b002fe2,GRP-XHS-69db25c6000000001b002fe2,#Gorpcore,男生穿搭零门槛，每套都好看到失语！,男生穿搭零门槛，每套都好看到失语！,2026-04-12,Dataset/xhs/xiaohongshu_images/Gorpcore/69db25c6000000001b002fe2/image_05.webp,#CFD1CC,#9C988E,white,white,unknown,Unclear,False,False,False,False,Unclear,Unclear,unclear,穿搭,,positive,1.0,,,,,,,unknown,0.0,ok
GRP-XHS-69db25c6000000001b002fe2-06,69db25c6000000001b002fe2,GRP-XHS-69db25c6000000001b002fe2,#机能风穿搭,男生穿搭零门槛，每套都好看到失语！,男生穿搭零门槛，每套都好看到失语！,2026-04-12,Dataset/xhs/xiaohongshu_images/机能风穿搭/69db25c6000000001b002fe2/image_06.webp,#CAC4B5,#979083,gray,gray,unknown,Unclear,False,False,False,False,Unclear,Unclear,unclear,穿搭,,positive,1.0,,,,,,,unknown,0.0,ok
GRP-XHS-69db25c6000000001b002fe2-06,69db25c6000000001b002fe2,GRP-XHS-69db25c6000000001b002fe2,#Gorpcore,男生穿搭零门槛，每套都好看到失语！,男生穿搭零门槛，每套都好看到失语！,2026-04-12,Dataset/xhs/xiaohongshu_images/Gorpcore/69db25c6000000001b002fe2/image_06.webp,#CAC4B5,#979083,gray,gray,unknown,Unclear,False,False,False,False,Unclear,Unclear,unclear,穿搭,,positive,1.0,,,,,,,unknown,0.0,ok
GRP-XHS-69db25c6000000001b002fe2-07,69db25c6000000001b002fe2,GRP-XHS-69db25c6000000001b002fe2,#机能风穿搭,男生穿搭零门槛，每套都好看到失语！,男生穿搭零门槛，每套都好看到失语！,2026-04-12,Dataset/xhs/xiaohongshu_images/机能风穿搭/69db25c6000000001b002fe2/image_07.webp,#D1D0C3,#8F8C81,gray,gray,unknown,Unclear,False,False,False,False,Unclear,Unclear,unclear,穿搭,,positive,1.0,,,,,,,unknown,0.0,ok
GRP-XHS-69db25c6000000001b002fe2-07,69db25c6000000001b002fe2,GRP-XHS-69db25c6000000001b002fe2,#Gorpcore,男生穿搭零门槛，每套都好看到失语！,男生穿搭零门槛，每套都好看到失语！,2026-04-12,Dataset/xhs/xiaohongshu_images/Gorpcore/69db25c6000000001b002fe2/image_07.webp,#D1D0C3,#8F8C81,gray,gray,unknown,Unclear,False,False,False,False,Unclear,Unclear,unclear,穿搭,,positive,1.0,,,,,,,unknown,0.0,ok
GRP-XHS-69db25c6000000001b002fe2-08,69db25c6000000001b002fe2,GRP-XHS-69db25c6000000001b002fe2,#机能风穿搭,男生穿搭零门槛，每套都好看到失语！,男生穿搭零门槛，每套都好看到失语！,2026-04-12,Dataset/xhs/xiaohongshu_images/机能风穿搭/69db25c6000000001b002fe2/image_08.webp,#E1E3DD,#939085,white,white,unknown,Unclear,False,False,False,False,Unclear,Unclear,unclear,穿搭,,positive,1.0,,,,,,,unknown,0.0,ok
GRP-XHS-69db25c6000000001b002fe2-08,69db25c6000000001b002fe2,GRP-XHS-69db25c6000000001b002fe2,#Gorpcore,男生穿搭零门槛，每套都好看到失语！,男生穿搭零门槛，每套都好看到失语！,2026-04-12,Dataset/xhs/xiaohongshu_images/Gorpcore/69db25c6000000001b002fe2/image_08.webp,#E1E3DD,#939085,white,white,unknown,Unclear,False,False,False,False,Unclear,Unclear,unclear,穿搭,,positive,1.0,,,,,,,unknown,0.0,ok
GRP-XHS-6846aa67000000002102c7cc-01,6846aa67000000002102c7cc,GRP-XHS-6846aa67000000002102c7cc,#机能风穿搭,长得不帅📚但穿得还行,长得不帅📚但穿得还行,2025-06-09,Dataset/xhs/xiaohongshu_images/机能风穿搭/6846aa67000000002102c7cc/image_01.webp,#A4A6A3,#7E7E7A,gray,gray,unknown,Unclear,False,False,False,False,Unclear,Unclear,unclear,,,neutral,,,,,,,,unknown,0.0,ok
GRP-XHS-6846aa67000000002102c7cc-02,6846aa67000000002102c7cc,GRP-XHS-6846aa67000000002102c7cc,#机能风穿搭,长得不帅📚但穿得还行,长得不帅📚但穿得还行,2025-06-09,Dataset/xhs/xiaohongshu_images/机能风穿搭/6846aa67000000002102c7cc/image_02.webp,#676A67,#C4C6C3,gray,gray,unknown,Unclear,False,False,False,False,Unclear,Unclear,unclear,,,neutral,,,,,,,,unknown,0.0,ok
GRP-XHS-6846aa67000000002102c7cc-03,6846aa67000000002102c7cc,GRP-XHS-6846aa67000000002102c7cc,#机能风穿搭,长得不帅📚但穿得还行,长得不帅📚但穿得还行,2025-06-09,Dataset/xhs/xiaohongshu_images/机能风穿搭/6846aa67000000002102c7cc/image_03.webp,#C2C8C6,#62696A,gray,gray,unknown,Unclear,False,False,False,False,Unclear,Unclear,unclear,,,neutral,,,,,,,,unknown,0.0,ok
GRP-XHS-6846aa67000000002102c7cc-05,6846aa67000000002102c7cc,GRP-XHS-6846aa67000000002102c7cc,#机能风穿搭,长得不帅📚但穿得还行,长得不帅📚但穿得还行,2025-06-09,Dataset/xhs/xiaohongshu_images/机能风穿搭/6846aa67000000002102c7cc/image_05.webp,#B7BCBC,#9AA09C,gray,gray,unknown,Unclear,False,False,False,False,Unclear,Unclear,unclear,,,neutral,,,,,,,,unknown,0.0,ok
GRP-XHS-6846aa67000000002102c7cc-06,6846aa67000000002102c7cc,GRP-XHS-6846aa67000000002102c7cc,#机能风穿搭,长得不帅📚但穿得还行,长得不帅📚但穿得还行,2025-06-09,Dataset/xhs/xiaohongshu_images/机能风穿搭/6846aa67000000002102c7cc/image_06.webp,#DFE1DF,#8B8C8A,white,white,unknown,Unclear,False,False,False,False,Unclear,Unclear,unclear,,,neutral,,,,,,,,unknown,0.0,ok
GRP-XHS-6846aa67000000002102c7cc-08,6846aa67000000002102c7cc,GRP-XHS-6846aa67000000002102c7cc,#机能风穿搭,长得不帅📚但穿得还行,长得不帅📚但穿得还行,2025-06-09,Dataset/xhs/xiaohongshu_images/机能风穿搭/6846aa67000000002102c7cc/image_08.webp,#929187,#ABACA6,gray,gray,unknown,Unclear,False,False,False,False,Unclear,Unclear,unclear,,,neutral,,,,,,,,unknown,0.0,ok
GRP-XHS-6846aa67000000002102c7cc-09,6846aa67000000002102c7cc,GRP-XHS-6846aa67000000002102c7cc,#机能风穿搭,长得不帅📚但穿得还行,长得不帅📚但穿得还行,2025-06-09,Dataset/xhs/xiaohongshu_images/机能风穿搭/6846aa67000000002102c7cc/image_09.webp,#99998E,#7D7D73,gray,gray,unknown,Unclear,False,False,False,False,Unclear,Unclear,unclear,,,neutral,,,,,,,,unknown,0.0,ok
GRP-XHS-6846aa67000000002102c7cc-10,6846aa67000000002102c7cc,GRP-XHS-6846aa67000000002102c7cc,#机能风穿搭,长得不帅📚但穿得还行,长得不帅📚但穿得还行,2025-06-09,Dataset/xhs/xiaohongshu_images/机能风穿搭/6846aa67000000002102c7cc/image_10.webp,#A19993,#736E66,gray,gray,unknown,Unclear,False,False,False,False,Unclear,Unclear,unclear,,,neutral,,,,,,,,unknown,0.0,ok
GRP-XHS-68fcef62000000000702059a-01,68fcef62000000000702059a,GRP-XHS-68fcef62000000000702059a,#机能风穿搭,海猫直播时穿的衣服品牌machine56,海猫直播时穿的衣服品牌machine56,2025-11-02,Dataset/xhs/xiaohongshu_images/机能风穿搭/68fcef62000000000702059a/image_01.webp,#18171B,#334D6B,black,black,unknown,Unclear,False,False,False,False,Unclear,Unclear,unclear,,,neutral,,,,,,,,unknown,0.0,ok
GRP-XHS-68fcef62000000000702059a-02,68fcef62000000000702059a,GRP-XHS-68fcef62000000000702059a,#机能风穿搭,海猫直播时穿的衣服品牌machine56,海猫直播时穿的衣服品牌machine56,2025-11-02,Dataset/xhs/xiaohongshu_images/机能风穿搭/68fcef62000000000702059a/image_02.webp,#191515,#FCFDFD,black,black,unknown,Unclear,False,False,False,False,Unclear,Unclear,unclear,,,neutral,,,,,,,,unknown,0.0,ok
GRP-XHS-68fcef62000000000702059a-03,68fcef62000000000702059a,GRP-XHS-68fcef62000000000702059a,#机能风穿搭,海猫直播时穿的衣服品牌machine56,海猫直播时穿的衣服品牌machine56,2025-11-02,Dataset/xhs/xiaohongshu_images/机能风穿搭/68fcef62000000000702059a/image_03.webp,#FDFDFD,#3E3D3D,white,white,unknown,Unclear,False,False,False,False,Unclear,Unclear,unclear,,,neutral,,,,,,,,unknown,0.0,ok
GRP-XHS-68fcef62000000000702059a-04,68fcef62000000000702059a,GRP-XHS-68fcef62000000000702059a,#机能风穿搭,海猫直播时穿的衣服品牌machine56,海猫直播时穿的衣服品牌machine56,2025-11-02,Dataset/xhs/xiaohongshu_images/机能风穿搭/68fcef62000000000702059a/image_04.webp,#FDFDFD,#160E0D,white,white,unknown,Unclear,False,False,False,False,Unclear,Unclear,unclear,,,neutral,,,,,,,,unknown,0.0,ok
GRP-XHS-69a673680000000028008467-01,69a673680000000028008467,GRP-XHS-69a673680000000028008467,#机能风穿搭,痞帅氛围感拉满，这套cityboy穿搭封神,痞帅氛围感拉满，这套cityboy穿搭封神,2026-03-03,Dataset/xhs/xiaohongshu_images/机能风穿搭/69a673680000000028008467/image_01.webp,#594F34,#342C1D,brown,brown,unknown,Unclear,False,False,False,False,Unclear,Unclear,unclear,穿搭,,neutral,,,,,,,,unknown,0.0,ok
GRP-XHS-69a673680000000028008467-02,69a673680000000028008467,GRP-XHS-69a673680000000028008467,#机能风穿搭,痞帅氛围感拉满，这套cityboy穿搭封神,痞帅氛围感拉满，这套cityboy穿搭封神,2026-03-03,Dataset/xhs/xiaohongshu_images/机能风穿搭/69a673680000000028008467/image_02.webp,#423722,#675D43,brown,brown,unknown,Unclear,False,False,False,False,Unclear,Unclear,unclear,穿搭,,neutral,,,,,,,,unknown,0.0,ok
GRP-XHS-69a673680000000028008467-03,69a673680000000028008467,GRP-XHS-69a673680000000028008467,#机能风穿搭,痞帅氛围感拉满，这套cityboy穿搭封神,痞帅氛围感拉满，这套cityboy穿搭封神,2026-03-03,Dataset/xhs/xiaohongshu_images/机能风穿搭/69a673680000000028008467/image_03.webp,#664D41,#797575,orange,red_or_orange,unknown,Unclear,False,False,False,False,Unclear,Unclear,unclear,穿搭,,neutral,,,,,,,,unknown,0.0,ok
GRP-XHS-69a673680000000028008467-04,69a673680000000028008467,GRP-XHS-69a673680000000028008467,#机能风穿搭,痞帅氛围感拉满，这套cityboy穿搭封神,痞帅氛围感拉满，这套cityboy穿搭封神,2026-03-03,Dataset/xhs/xiaohongshu_images/机能风穿搭/69a673680000000028008467/image_04.webp,#4D422A,#6A6147,brown,brown,unknown,Unclear,False,False,False,False,Unclear,Unclear,unclear,穿搭,,neutral,,,,,,,,unknown,0.0,ok
GRP-XHS-69a673680000000028008467-05,69a673680000000028008467,GRP-XHS-69a673680000000028008467,#机能风穿搭,痞帅氛围感拉满，这套cityboy穿搭封神,痞帅氛围感拉满，这套cityboy穿搭封神,2026-03-03,Dataset/xhs/xiaohongshu_images/机能风穿搭/69a673680000000028008467/image_05.webp,#4F462E,#30271A,brown,brown,unknown,Unclear,False,False,False,False,Unclear,Unclear,unclear,穿搭,,neutral,,,,,,,,unknown,0.0,ok
GRP-XHS-68c50c83000000001c035c93-01,68c50c83000000001c035c93,GRP-XHS-68c50c83000000001c035c93,#机能风穿搭,鹭卓｜二哥舞台造型鲨疯啦，一整个惊艳❗,鹭卓｜二哥舞台造型鲨疯啦，一整个惊艳❗,2025-09-13,Dataset/xhs/xiaohongshu_images/机能风穿搭/68c50c83000000001c035c93/image_01.webp,#F7FAFA,#161518,white,white,unknown,Unclear,False,False,False,False,Unclear,Unclear,unclear,,,positive,1.0,,,,,,,unknown,0.0,ok
GRP-XHS-68c50c83000000001c035c93-02,68c50c83000000001c035c93,GRP-XHS-68c50c83000000001c035c93,#机能风穿搭,鹭卓｜二哥舞台造型鲨疯啦，一整个惊艳❗,鹭卓｜二哥舞台造型鲨疯啦，一整个惊艳❗,2025-09-13,Dataset/xhs/xiaohongshu_images/机能风穿搭/68c50c83000000001c035c93/image_02.webp,#F8F8F8,#5A606C,white,white,unknown,Unclear,False,False,False,False,Unclear,Unclear,unclear,,,positive,1.0,,,,,,,unknown,0.0,ok
GRP-XHS-68c50c83000000001c035c93-03,68c50c83000000001c035c93,GRP-XHS-68c50c83000000001c035c93,#机能风穿搭,鹭卓｜二哥舞台造型鲨疯啦，一整个惊艳❗,鹭卓｜二哥舞台造型鲨疯啦，一整个惊艳❗,2025-09-13,Dataset/xhs/xiaohongshu_images/机能风穿搭/68c50c83000000001c035c93/image_03.webp,#F8FAFB,#A3ACC3,white,white,unknown,Unclear,False,False,False,False,Unclear,Unclear,unclear,,,positive,1.0,,,,,,,unknown,0.0,ok
GRP-XHS-68c50c83000000001c035c93-04,68c50c83000000001c035c93,GRP-XHS-68c50c83000000001c035c93,#机能风穿搭,鹭卓｜二哥舞台造型鲨疯啦，一整个惊艳❗,鹭卓｜二哥舞台造型鲨疯啦，一整个惊艳❗,2025-09-13,Dataset/xhs/xiaohongshu_images/机能风穿搭/68c50c83000000001c035c93/image_04.webp,#F5FCFD,#1F2126,white,white,unknown,Unclear,False,False,False,False,Unclear,Unclear,unclear,,,positive,1.0,,,,,,,unknown,0.0,ok
GRP-XHS-68c50c83000000001c035c93-05,68c50c83000000001c035c93,GRP-XHS-68c50c83000000001c035c93,#机能风穿搭,鹭卓｜二哥舞台造型鲨疯啦，一整个惊艳❗,鹭卓｜二哥舞台造型鲨疯啦，一整个惊艳❗,2025-09-13,Dataset/xhs/xiaohongshu_images/机能风穿搭/68c50c83000000001c035c93/image_05.webp,#131112,#FEFEFE,black,black,unknown,Unclear,False,False,False,False,Unclear,Unclear,unclear,,,positive,1.0,,,,,,,unknown,0.0,ok
GRP-XHS-68c50c83000000001c035c93-06,68c50c83000000001c035c93,GRP-XHS-68c50c83000000001c035c93,#机能风穿搭,鹭卓｜二哥舞台造型鲨疯啦，一整个惊艳❗,鹭卓｜二哥舞台造型鲨疯啦，一整个惊艳❗,2025-09-13,Dataset/xhs/xiaohongshu_images/机能风穿搭/68c50c83000000001c035c93/image_06.webp,#566373,#3A393C,blue,blue,unknown,Unclear,False,False,False,False,Unclear,Unclear,unclear,,,positive,1.0,,,,,,,unknown,0.0,ok
GRP-XHS-68c50c83000000001c035c93-07,68c50c83000000001c035c93,GRP-XHS-68c50c83000000001c035c93,#机能风穿搭,鹭卓｜二哥舞台造型鲨疯啦，一整个惊艳❗,鹭卓｜二哥舞台造型鲨疯啦，一整个惊艳❗,2025-09-13,Dataset/xhs/xiaohongshu_images/机能风穿搭/68c50c83000000001c035c93/image_07.webp,#364551,#177BA1,blue,blue,unknown,Unclear,False,False,False,False,Unclear,Unclear,unclear,,,positive,1.0,,,,,,,unknown,0.0,ok
GRP-XHS-68ca785500000000130135ad-01,68ca785500000000130135ad,GRP-XHS-68ca785500000000130135ad,#机能风穿搭,秋季最喜欢的穿搭分享|男生,秋季最喜欢的穿搭分享|男生,2025-09-17,Dataset/xhs/xiaohongshu_images/机能风穿搭/68ca785500000000130135ad/image_01.webp,#1F2224,#484C4D,black,black,unknown,Unclear,False,False,False,False,Unclear,Unclear,unclear,穿搭,,positive,1.0,,,,,,,unknown,0.0,ok
GRP-XHS-68ca785500000000130135ad-02,68ca785500000000130135ad,GRP-XHS-68ca785500000000130135ad,#机能风穿搭,秋季最喜欢的穿搭分享|男生,秋季最喜欢的穿搭分享|男生,2025-09-17,Dataset/xhs/xiaohongshu_images/机能风穿搭/68ca785500000000130135ad/image_02.webp,#47453D,#7C786D,brown,brown,unknown,Unclear,False,False,False,False,Unclear,Unclear,unclear,穿搭,,positive,1.0,,,,,,,unknown,0.0,ok
GRP-XHS-68ca785500000000130135ad-03,68ca785500000000130135ad,GRP-XHS-68ca785500000000130135ad,#机能风穿搭,秋季最喜欢的穿搭分享|男生,秋季最喜欢的穿搭分享|男生,2025-09-17,Dataset/xhs/xiaohongshu_images/机能风穿搭/68ca785500000000130135ad/image_03.webp,#1A1B17,#3E3E39,black,black,unknown,Unclear,False,False,False,False,Unclear,Unclear,unclear,穿搭,,positive,1.0,,,,,,,unknown,0.0,ok
GRP-XHS-68ca785500000000130135ad-04,68ca785500000000130135ad,GRP-XHS-68ca785500000000130135ad,#机能风穿搭,秋季最喜欢的穿搭分享|男生,秋季最喜欢的穿搭分享|男生,2025-09-17,Dataset/xhs/xiaohongshu_images/机能风穿搭/68ca785500000000130135ad/image_04.webp,#383631,#12110F,brown,brown,unknown,Unclear,False,False,False,False,Unclear,Unclear,unclear,穿搭,,positive,1.0,,,,,,,unknown,0.0,ok
GRP-XHS-68ca785500000000130135ad-05,68ca785500000000130135ad,GRP-XHS-68ca785500000000130135ad,#机能风穿搭,秋季最喜欢的穿搭分享|男生,秋季最喜欢的穿搭分享|男生,2025-09-17,Dataset/xhs/xiaohongshu_images/机能风穿搭/68ca785500000000130135ad/image_05.webp,#44413C,#807B73,brown,brown,unknown,Unclear,False,False,False,False,Unclear,Unclear,unclear,穿搭,,positive,1.0,,,,,,,unknown,0.0,ok
GRP-XHS-68ca785500000000130135ad-06,68ca785500000000130135ad,GRP-XHS-68ca785500000000130135ad,#机能风穿搭,秋季最喜欢的穿搭分享|男生,秋季最喜欢的穿搭分享|男生,2025-09-17,Dataset/xhs/xiaohongshu_images/机能风穿搭/68ca785500000000130135ad/image_06.webp,#181816,#3F3E38,black,black,unknown,Unclear,False,False,False,False,Unclear,Unclear,unclear,穿搭,,positive,1.0,,,,,,,unknown,0.0,ok
GRP-XHS-69722a62000000000903bfc5-01,69722a62000000000903bfc5,GRP-XHS-69722a62000000000903bfc5,#Gorpcore,𝗖𝗶𝘁𝘆 𝗚𝗼𝗿𝗽𝗰𝗼𝗿𝗲!!⚙️·˚ ༘,𝗖𝗶𝘁𝘆 𝗚𝗼𝗿𝗽𝗰𝗼𝗿𝗲!!⚙️·˚ ༘,2026-01-22,Dataset/xhs/xiaohongshu_images/Gorpcore/69722a62000000000903bfc5/image_01.webp,#C1BCAC,#979386,gray,gray,unknown,Unclear,False,False,False,False,Unclear,Unclear,unclear,,,neutral,,,,,,,,unknown,0.0,ok
GRP-XHS-69722a62000000000903bfc5-02,69722a62000000000903bfc5,GRP-XHS-69722a62000000000903bfc5,#Gorpcore,𝗖𝗶𝘁𝘆 𝗚𝗼𝗿𝗽𝗰𝗼𝗿𝗲!!⚙️·˚ ༘,𝗖𝗶𝘁𝘆 𝗚𝗼𝗿𝗽𝗰𝗼𝗿𝗲!!⚙️·˚ ༘,2026-01-22,Dataset/xhs/xiaohongshu_images/Gorpcore/69722a62000000000903bfc5/image_02.webp,#66645A,#948F80,gray,gray,unknown,Unclear,False,False,False,False,Unclear,Unclear,unclear,,,neutral,,,,,,,,unknown,0.0,ok
GRP-XHS-69722a62000000000903bfc5-03,69722a62000000000903bfc5,GRP-XHS-69722a62000000000903bfc5,#Gorpcore,𝗖𝗶𝘁𝘆 𝗚𝗼𝗿𝗽𝗰𝗼𝗿𝗲!!⚙️·˚ ༘,𝗖𝗶𝘁𝘆 𝗚𝗼𝗿𝗽𝗰𝗼𝗿𝗲!!⚙️·˚ ༘,2026-01-22,Dataset/xhs/xiaohongshu_images/Gorpcore/69722a62000000000903bfc5/image_03.webp,#898373,#5B574F,khaki,khaki_or_beige,unknown,Unclear,False,False,False,False,Unclear,Unclear,unclear,,,neutral,,,,,,,,unknown,0.0,ok
GRP-XHS-69722a62000000000903bfc5-04,69722a62000000000903bfc5,GRP-XHS-69722a62000000000903bfc5,#Gorpcore,𝗖𝗶𝘁𝘆 𝗚𝗼𝗿𝗽𝗰𝗼𝗿𝗲!!⚙️·˚ ༘,𝗖𝗶𝘁𝘆 𝗚𝗼𝗿𝗽𝗰𝗼𝗿𝗲!!⚙️·˚ ༘,2026-01-22,Dataset/xhs/xiaohongshu_images/Gorpcore/69722a62000000000903bfc5/image_04.webp,#51514E,#2B2A26,gray,gray,unknown,Unclear,False,False,False,False,Unclear,Unclear,unclear,,,neutral,,,,,,,,unknown,0.0,ok
GRP-XHS-69722a62000000000903bfc5-05,69722a62000000000903bfc5,GRP-XHS-69722a62000000000903bfc5,#Gorpcore,𝗖𝗶𝘁𝘆 𝗚𝗼𝗿𝗽𝗰𝗼𝗿𝗲!!⚙️·˚ ༘,𝗖𝗶𝘁𝘆 𝗚𝗼𝗿𝗽𝗰𝗼𝗿𝗲!!⚙️·˚ ༘,2026-01-22,Dataset/xhs/xiaohongshu_images/Gorpcore/69722a62000000000903bfc5/image_05.webp,#7A756A,#54514D,brown,brown,unknown,Unclear,False,False,False,False,Unclear,Unclear,unclear,,,neutral,,,,,,,,unknown,0.0,ok
GRP-XHS-69722a62000000000903bfc5-06,69722a62000000000903bfc5,GRP-XHS-69722a62000000000903bfc5,#Gorpcore,𝗖𝗶𝘁𝘆 𝗚𝗼𝗿𝗽𝗰𝗼𝗿𝗲!!⚙️·˚ ༘,𝗖𝗶𝘁𝘆 𝗚𝗼𝗿𝗽𝗰𝗼𝗿𝗲!!⚙️·˚ ༘,2026-01-22,Dataset/xhs/xiaohongshu_images/Gorpcore/69722a62000000000903bfc5/image_06.webp,#9F9683,#767169,khaki,khaki_or_beige,unknown,Unclear,False,False,False,False,Unclear,Unclear,unclear,,,neutral,,,,,,,,unknown,0.0,ok
GRP-XHS-69722a62000000000903bfc5-07,69722a62000000000903bfc5,GRP-XHS-69722a62000000000903bfc5,#Gorpcore,𝗖𝗶𝘁𝘆 𝗚𝗼𝗿𝗽𝗰𝗼𝗿𝗲!!⚙️·˚ ༘,𝗖𝗶𝘁𝘆 𝗚𝗼𝗿𝗽𝗰𝗼𝗿𝗲!!⚙️·˚ ༘,2026-01-22,Dataset/xhs/xiaohongshu_images/Gorpcore/69722a62000000000903bfc5/image_07.webp,#A6A293,#CFCCBB,gray,gray,unknown,Unclear,False,False,False,False,Unclear,Unclear,unclear,,,neutral,,,,,,,,unknown,0.0,ok
GRP-XHS-69722a62000000000903bfc5-08,69722a62000000000903bfc5,GRP-XHS-69722a62000000000903bfc5,#Gorpcore,𝗖𝗶𝘁𝘆 𝗚𝗼𝗿𝗽𝗰𝗼𝗿𝗲!!⚙️·˚ ༘,𝗖𝗶𝘁𝘆 𝗚𝗼𝗿𝗽𝗰𝗼𝗿𝗲!!⚙️·˚ ༘,2026-01-22,Dataset/xhs/xiaohongshu_images/Gorpcore/69722a62000000000903bfc5/image_08.webp,#9E9B8F,#696766,gray,gray,unknown,Unclear,False,False,False,False,Unclear,Unclear,unclear,,,neutral,,,,,,,,unknown,0.0,ok
GRP-XHS-69722a62000000000903bfc5-09,69722a62000000000903bfc5,GRP-XHS-69722a62000000000903bfc5,#Gorpcore,𝗖𝗶𝘁𝘆 𝗚𝗼𝗿𝗽𝗰𝗼𝗿𝗲!!⚙️·˚ ༘,𝗖𝗶𝘁𝘆 𝗚𝗼𝗿𝗽𝗰𝗼𝗿𝗲!!⚙️·˚ ༘,2026-01-22,Dataset/xhs/xiaohongshu_images/Gorpcore/69722a62000000000903bfc5/image_09.webp,#8D8C86,#6E6C68,gray,gray,unknown,Unclear,False,False,False,False,Unclear,Unclear,unclear,,,neutral,,,,,,,,unknown,0.0,ok
GRP-XHS-685d1a72000000001201745d-01,685d1a72000000001201745d,GRP-XHS-685d1a72000000001201745d,#Gorpcore,因为永不过时,因为永不过时,2025-06-26,Dataset/xhs/xiaohongshu_images/Gorpcore/685d1a72000000001201745d/image_01.webp,#666E5B,#384E42,olive,olive_or_green,unknown,Unclear,False,False,False,False,Unclear,Unclear,unclear,,,neutral,,,,,,,,unknown,0.0,ok
GRP-XHS-68a59f74000000001c035930-01,68a59f74000000001c035930,GRP-XHS-68a59f74000000001c035930,#Gorpcore,Gorpcore｜citywalk怎么拍照更出片🤳,Gorpcore｜citywalk怎么拍照更出片🤳,2025-08-23,Dataset/xhs/xiaohongshu_images/Gorpcore/68a59f74000000001c035930/image_01.webp,#1E1C1C,#7E786E,black,black,unknown,Unclear,False,False,False,False,Unclear,Unclear,unclear,,,neutral,,,,,,,,unknown,0.0,ok
GRP-XHS-68a59f74000000001c035930-02,68a59f74000000001c035930,GRP-XHS-68a59f74000000001c035930,#Gorpcore,Gorpcore｜citywalk怎么拍照更出片🤳,Gorpcore｜citywalk怎么拍照更出片🤳,2025-08-23,Dataset/xhs/xiaohongshu_images/Gorpcore/68a59f74000000001c035930/image_02.webp,#7F7B69,#BAA882,khaki,khaki_or_beige,unknown,Unclear,False,False,False,False,Unclear,Unclear,unclear,,,neutral,,,,,,,,unknown,0.0,ok
GRP-XHS-68a59f74000000001c035930-03,68a59f74000000001c035930,GRP-XHS-68a59f74000000001c035930,#Gorpcore,Gorpcore｜citywalk怎么拍照更出片🤳,Gorpcore｜citywalk怎么拍照更出片🤳,2025-08-23,Dataset/xhs/xiaohongshu_images/Gorpcore/68a59f74000000001c035930/image_03.webp,#6F6F69,#B3B2AF,gray,gray,unknown,Unclear,False,False,False,False,Unclear,Unclear,unclear,,,neutral,,,,,,,,unknown,0.0,ok
GRP-XHS-68a59f74000000001c035930-04,68a59f74000000001c035930,GRP-XHS-68a59f74000000001c035930,#Gorpcore,Gorpcore｜citywalk怎么拍照更出片🤳,Gorpcore｜citywalk怎么拍照更出片🤳,2025-08-23,Dataset/xhs/xiaohongshu_images/Gorpcore/68a59f74000000001c035930/image_04.webp,#232222,#4E4F50,black,black,unknown,Unclear,False,False,False,False,Unclear,Unclear,unclear,,,neutral,,,,,,,,unknown,0.0,ok
GRP-XHS-68a59f74000000001c035930-05,68a59f74000000001c035930,GRP-XHS-68a59f74000000001c035930,#Gorpcore,Gorpcore｜citywalk怎么拍照更出片🤳,Gorpcore｜citywalk怎么拍照更出片🤳,2025-08-23,Dataset/xhs/xiaohongshu_images/Gorpcore/68a59f74000000001c035930/image_05.webp,#C0BFBD,#AD9585,gray,gray,unknown,Unclear,False,False,False,False,Unclear,Unclear,unclear,,,neutral,,,,,,,,unknown,0.0,ok
GRP-XHS-68a59f74000000001c035930-06,68a59f74000000001c035930,GRP-XHS-68a59f74000000001c035930,#Gorpcore,Gorpcore｜citywalk怎么拍照更出片🤳,Gorpcore｜citywalk怎么拍照更出片🤳,2025-08-23,Dataset/xhs/xiaohongshu_images/Gorpcore/68a59f74000000001c035930/image_06.webp,#6D6A68,#928981,gray,gray,unknown,Unclear,False,False,False,False,Unclear,Unclear,unclear,,,neutral,,,,,,,,unknown,0.0,ok
GRP-XHS-68a59f74000000001c035930-07,68a59f74000000001c035930,GRP-XHS-68a59f74000000001c035930,#Gorpcore,Gorpcore｜citywalk怎么拍照更出片🤳,Gorpcore｜citywalk怎么拍照更出片🤳,2025-08-23,Dataset/xhs/xiaohongshu_images/Gorpcore/68a59f74000000001c035930/image_07.webp,#5D6265,#D5D5CE,gray,gray,unknown,Unclear,False,False,False,False,Unclear,Unclear,unclear,,,neutral,,,,,,,,unknown,0.0,ok
GRP-XHS-68a59f74000000001c035930-08,68a59f74000000001c035930,GRP-XHS-68a59f74000000001c035930,#Gorpcore,Gorpcore｜citywalk怎么拍照更出片🤳,Gorpcore｜citywalk怎么拍照更出片🤳,2025-08-23,Dataset/xhs/xiaohongshu_images/Gorpcore/68a59f74000000001c035930/image_08.webp,#55525A,#847A81,gray,gray,unknown,Unclear,False,False,False,False,Unclear,Unclear,unclear,,,neutral,,,,,,,,unknown,0.0,ok
GRP-XHS-69f20d80000000002003bb47-01,69f20d80000000002003bb47,GRP-XHS-69f20d80000000002003bb47,#Gorpcore,Gorpcore｜不一样的户外穿搭,Gorpcore｜不一样的户外穿搭,2026-04-29,Dataset/xhs/xiaohongshu_images/Gorpcore/69f20d80000000002003bb47/image_01.webp,#1B6189,#3A2E36,blue,blue,unknown,Unclear,False,False,False,False,Unclear,Outdoor,unclear,穿搭 | 户外,,neutral,,,,,户外,,0.4,text_heuristic,0.4,ok
GRP-XHS-69eec6370000000035020ff4-01,69eec6370000000035020ff4,GRP-XHS-69eec6370000000035020ff4,#Gorpcore,Gorpcore 2.0！2026年户外圈集体自由壳？,Gorpcore 2.0！2026年户外圈集体自由壳？,2026-04-27,Dataset/xhs/xiaohongshu_images/Gorpcore/69eec6370000000035020ff4/image_01.webp,#13140C,#A3AAAB,black,black,unknown,Unclear,False,False,False,False,Unclear,Outdoor,unclear,户外,,neutral,,,,,户外,,0.4,text_heuristic,0.4,ok
GRP-XHS-69eec6370000000035020ff4-02,69eec6370000000035020ff4,GRP-XHS-69eec6370000000035020ff4,#Gorpcore,Gorpcore 2.0！2026年户外圈集体自由壳？,Gorpcore 2.0！2026年户外圈集体自由壳？,2026-04-27,Dataset/xhs/xiaohongshu_images/Gorpcore/69eec6370000000035020ff4/image_02.webp,#FEFEFE,#567D87,white,white,unknown,Unclear,False,False,False,False,Unclear,Outdoor,unclear,户外,,neutral,,,,,户外,,0.4,text_heuristic,0.4,ok
GRP-XHS-69eec6370000000035020ff4-03,69eec6370000000035020ff4,GRP-XHS-69eec6370000000035020ff4,#Gorpcore,Gorpcore 2.0！2026年户外圈集体自由壳？,Gorpcore 2.0！2026年户外圈集体自由壳？,2026-04-27,Dataset/xhs/xiaohongshu_images/Gorpcore/69eec6370000000035020ff4/image_03.webp,#99AFAC,#1B2711,blue,blue,unknown,Unclear,False,False,False,False,Unclear,Outdoor,unclear,户外,,neutral,,,,,户外,,0.4,text_heuristic,0.4,ok
GRP-XHS-69eec6370000000035020ff4-04,69eec6370000000035020ff4,GRP-XHS-69eec6370000000035020ff4,#Gorpcore,Gorpcore 2.0！2026年户外圈集体自由壳？,Gorpcore 2.0！2026年户外圈集体自由壳？,2026-04-27,Dataset/xhs/xiaohongshu_images/Gorpcore/69eec6370000000035020ff4/image_04.webp,#FFFFFF,#303128,white,white,unknown,Unclear,False,False,False,False,Unclear,Outdoor,unclear,户外,,neutral,,,,,户外,,0.4,text_heuristic,0.4,ok
GRP-XHS-69eec6370000000035020ff4-05,69eec6370000000035020ff4,GRP-XHS-69eec6370000000035020ff4,#Gorpcore,Gorpcore 2.0！2026年户外圈集体自由壳？,Gorpcore 2.0！2026年户外圈集体自由壳？,2026-04-27,Dataset/xhs/xiaohongshu_images/Gorpcore/69eec6370000000035020ff4/image_05.webp,#656354,#828580,brown,brown,unknown,Unclear,False,False,False,False,Unclear,Outdoor,unclear,户外,,neutral,,,,,户外,,0.4,text_heuristic,0.4,ok
GRP-XHS-69eec6370000000035020ff4-06,69eec6370000000035020ff4,GRP-XHS-69eec6370000000035020ff4,#Gorpcore,Gorpcore 2.0！2026年户外圈集体自由壳？,Gorpcore 2.0！2026年户外圈集体自由壳？,2026-04-27,Dataset/xhs/xiaohongshu_images/Gorpcore/69eec6370000000035020ff4/image_06.webp,#A0A09D,#767A7E,gray,gray,unknown,Unclear,False,False,False,False,Unclear,Outdoor,unclear,户外,,neutral,,,,,户外,,0.4,text_heuristic,0.4,ok
GRP-XHS-69eec6370000000035020ff4-07,69eec6370000000035020ff4,GRP-XHS-69eec6370000000035020ff4,#Gorpcore,Gorpcore 2.0！2026年户外圈集体自由壳？,Gorpcore 2.0！2026年户外圈集体自由壳？,2026-04-27,Dataset/xhs/xiaohongshu_images/Gorpcore/69eec6370000000035020ff4/image_07.webp,#FEFFFF,#DFE8E9,white,white,unknown,Unclear,False,False,False,False,Unclear,Outdoor,unclear,户外,,neutral,,,,,户外,,0.4,text_heuristic,0.4,ok
GRP-XHS-69e73d67000000001b002dbd-01,69e73d67000000001b002dbd,GRP-XHS-69e73d67000000001b002dbd,#Gorpcore,GORPCORE风格图鉴🪞,GORPCORE风格图鉴🪞,2026-04-22,Dataset/xhs/xiaohongshu_images/Gorpcore/69e73d67000000001b002dbd/image_01.webp,#232123,#F2EFED,black,black,unknown,Unclear,False,False,False,False,Unclear,Unclear,unclear,,,neutral,,,,,,,,unknown,0.0,ok
GRP-XHS-683052b7000000001200122c-01,683052b7000000001200122c,GRP-XHS-683052b7000000001200122c,#Gorpcore,一件冲锋衣卖断货，Gorpcore血洗时尚圈真相,一件冲锋衣卖断货，Gorpcore血洗时尚圈真相,2025-05-23,Dataset/xhs/xiaohongshu_images/Gorpcore/683052b7000000001200122c/image_01.webp,#FFFFFE,#DEDFD9,white,white,unknown,Unclear,False,False,False,False,Unclear,Unclear,unclear,冲锋衣,,neutral,,,,,,,,unknown,0.0,ok
GRP-XHS-683052b7000000001200122c-02,683052b7000000001200122c,GRP-XHS-683052b7000000001200122c,#Gorpcore,一件冲锋衣卖断货，Gorpcore血洗时尚圈真相,一件冲锋衣卖断货，Gorpcore血洗时尚圈真相,2025-05-23,Dataset/xhs/xiaohongshu_images/Gorpcore/683052b7000000001200122c/image_02.webp,#FFFFFF,#858480,white,white,unknown,Unclear,False,False,False,False,Unclear,Unclear,unclear,冲锋衣,,neutral,,,,,,,,unknown,0.0,ok
GRP-XHS-683052b7000000001200122c-03,683052b7000000001200122c,GRP-XHS-683052b7000000001200122c,#Gorpcore,一件冲锋衣卖断货，Gorpcore血洗时尚圈真相,一件冲锋衣卖断货，Gorpcore血洗时尚圈真相,2025-05-23,Dataset/xhs/xiaohongshu_images/Gorpcore/683052b7000000001200122c/image_03.webp,#FEFEFE,#C8C6BD,white,white,unknown,Unclear,False,False,False,False,Unclear,Unclear,unclear,冲锋衣,,neutral,,,,,,,,unknown,0.0,ok
GRP-XHS-683052b7000000001200122c-04,683052b7000000001200122c,GRP-XHS-683052b7000000001200122c,#Gorpcore,一件冲锋衣卖断货，Gorpcore血洗时尚圈真相,一件冲锋衣卖断货，Gorpcore血洗时尚圈真相,2025-05-23,Dataset/xhs/xiaohongshu_images/Gorpcore/683052b7000000001200122c/image_04.webp,#FEFEFE,#8C8C8C,white,white,unknown,Unclear,False,False,False,False,Unclear,Unclear,unclear,冲锋衣,,neutral,,,,,,,,unknown,0.0,ok
GRP-XHS-683052b7000000001200122c-05,683052b7000000001200122c,GRP-XHS-683052b7000000001200122c,#Gorpcore,一件冲锋衣卖断货，Gorpcore血洗时尚圈真相,一件冲锋衣卖断货，Gorpcore血洗时尚圈真相,2025-05-23,Dataset/xhs/xiaohongshu_images/Gorpcore/683052b7000000001200122c/image_05.webp,#FFFEFE,#989898,white,white,unknown,Unclear,False,False,False,False,Unclear,Unclear,unclear,冲锋衣,,neutral,,,,,,,,unknown,0.0,ok
GRP-XHS-683052b7000000001200122c-06,683052b7000000001200122c,GRP-XHS-683052b7000000001200122c,#Gorpcore,一件冲锋衣卖断货，Gorpcore血洗时尚圈真相,一件冲锋衣卖断货，Gorpcore血洗时尚圈真相,2025-05-23,Dataset/xhs/xiaohongshu_images/Gorpcore/683052b7000000001200122c/image_06.webp,#FFFFFE,#C9C7BF,white,white,unknown,Unclear,False,False,False,False,Unclear,Unclear,unclear,冲锋衣,,neutral,,,,,,,,unknown,0.0,ok
GRP-XHS-69e7632e000000001a02ef9c-01,69e7632e000000001a02ef9c,GRP-XHS-69e7632e000000001a02ef9c,#Gorpcore,,你在多大程度上会推荐他人使用网页版小红书？,2026-04-21,Dataset/xhs/xiaohongshu_images/Gorpcore/69e7632e000000001a02ef9c/image_01.webp,#DACCB9,#7A3613,khaki,khaki_or_beige,unknown,Unclear,False,False,False,False,Unclear,Unclear,unclear,红,,positive,1.0,红,,,,,,unknown,0.0,ok
GRP-XHS-686cb8f6000000002400fef5-01,686cb8f6000000002400fef5,GRP-XHS-686cb8f6000000002400fef5,#Gorpcore,3套不费力Gorpcore穿搭｜“户外脑”照搬不出错,3套不费力Gorpcore穿搭｜“户外脑”照搬不出错,2025-07-08,Dataset/xhs/xiaohongshu_images/Gorpcore/686cb8f6000000002400fef5/image_01.webp,#12141C,#3B3A45,black,black,unknown,Unclear,False,False,False,False,Unclear,Outdoor,unclear,穿搭 | 户外,,neutral,,,,,户外,,0.4,text_heuristic,0.4,ok
GRP-XHS-69f1dea30000000022025413-01,69f1dea30000000022025413,GRP-XHS-69f1dea30000000022025413,#Gorpcore,💬 𝙳𝚊𝚒𝚕𝚢 𝚠𝚊𝚕𝚔,💬 𝙳𝚊𝚒𝚕𝚢 𝚠𝚊𝚕𝚔,2026-04-29,Dataset/xhs/xiaohongshu_images/Gorpcore/69f1dea30000000022025413/image_01.webp,#9B928B,#74645A,gray,gray,unknown,Unclear,False,False,False,False,Unclear,Unclear,unclear,,,neutral,,,,,,,,unknown,0.0,ok
GRP-XHS-69f1dea30000000022025413-02,69f1dea30000000022025413,GRP-XHS-69f1dea30000000022025413,#Gorpcore,💬 𝙳𝚊𝚒𝚕𝚢 𝚠𝚊𝚕𝚔,💬 𝙳𝚊𝚒𝚕𝚢 𝚠𝚊𝚕𝚔,2026-04-29,Dataset/xhs/xiaohongshu_images/Gorpcore/69f1dea30000000022025413/image_02.webp,#D2BB79,#9E9582,khaki,khaki_or_beige,unknown,Unclear,False,False,False,False,Unclear,Unclear,unclear,,,neutral,,,,,,,,unknown,0.0,ok
GRP-XHS-69f1dea30000000022025413-03,69f1dea30000000022025413,GRP-XHS-69f1dea30000000022025413,#Gorpcore,💬 𝙳𝚊𝚒𝚕𝚢 𝚠𝚊𝚕𝚔,💬 𝙳𝚊𝚒𝚕𝚢 𝚠𝚊𝚕𝚔,2026-04-29,Dataset/xhs/xiaohongshu_images/Gorpcore/69f1dea30000000022025413/image_03.webp,#0D1409,#686152,black,black,unknown,Unclear,False,False,False,False,Unclear,Unclear,unclear,,,neutral,,,,,,,,unknown,0.0,ok
GRP-XHS-69f1dea30000000022025413-04,69f1dea30000000022025413,GRP-XHS-69f1dea30000000022025413,#Gorpcore,💬 𝙳𝚊𝚒𝚕𝚢 𝚠𝚊𝚕𝚔,💬 𝙳𝚊𝚒𝚕𝚢 𝚠𝚊𝚕𝚔,2026-04-29,Dataset/xhs/xiaohongshu_images/Gorpcore/69f1dea30000000022025413/image_04.webp,#D8CAB4,#F7EFE2,khaki,khaki_or_beige,unknown,Unclear,False,False,False,False,Unclear,Unclear,unclear,,,neutral,,,,,,,,unknown,0.0,ok
GRP-XHS-69f1dea30000000022025413-05,69f1dea30000000022025413,GRP-XHS-69f1dea30000000022025413,#Gorpcore,💬 𝙳𝚊𝚒𝚕𝚢 𝚠𝚊𝚕𝚔,💬 𝙳𝚊𝚒𝚕𝚢 𝚠𝚊𝚕𝚔,2026-04-29,Dataset/xhs/xiaohongshu_images/Gorpcore/69f1dea30000000022025413/image_05.webp,#EBDBA9,#574B32,khaki,khaki_or_beige,unknown,Unclear,False,False,False,False,Unclear,Unclear,unclear,,,neutral,,,,,,,,unknown,0.0,ok
GRP-XHS-69f1dea30000000022025413-06,69f1dea30000000022025413,GRP-XHS-69f1dea30000000022025413,#Gorpcore,💬 𝙳𝚊𝚒𝚕𝚢 𝚠𝚊𝚕𝚔,💬 𝙳𝚊𝚒𝚕𝚢 𝚠𝚊𝚕𝚔,2026-04-29,Dataset/xhs/xiaohongshu_images/Gorpcore/69f1dea30000000022025413/image_06.webp,#9E9F9D,#7A776F,gray,gray,unknown,Unclear,False,False,False,False,Unclear,Unclear,unclear,,,neutral,,,,,,,,unknown,0.0,ok
GRP-XHS-69f1dea30000000022025413-07,69f1dea30000000022025413,GRP-XHS-69f1dea30000000022025413,#Gorpcore,💬 𝙳𝚊𝚒𝚕𝚢 𝚠𝚊𝚕𝚔,💬 𝙳𝚊𝚒𝚕𝚢 𝚠𝚊𝚕𝚔,2026-04-29,Dataset/xhs/xiaohongshu_images/Gorpcore/69f1dea30000000022025413/image_07.webp,#A2A1A2,#ECEBE3,gray,gray,unknown,Unclear,False,False,False,False,Unclear,Unclear,unclear,,,neutral,,,,,,,,unknown,0.0,ok
GRP-XHS-69f1dea30000000022025413-08,69f1dea30000000022025413,GRP-XHS-69f1dea30000000022025413,#Gorpcore,💬 𝙳𝚊𝚒𝚕𝚢 𝚠𝚊𝚕𝚔,💬 𝙳𝚊𝚒𝚕𝚢 𝚠𝚊𝚕𝚔,2026-04-29,Dataset/xhs/xiaohongshu_images/Gorpcore/69f1dea30000000022025413/image_08.webp,#767070,#CDC5B5,gray,gray,unknown,Unclear,False,False,False,False,Unclear,Unclear,unclear,,,neutral,,,,,,,,unknown,0.0,ok
GRP-XHS-69f1dea30000000022025413-09,69f1dea30000000022025413,GRP-XHS-69f1dea30000000022025413,#Gorpcore,💬 𝙳𝚊𝚒𝚕𝚢 𝚠𝚊𝚕𝚔,💬 𝙳𝚊𝚒𝚕𝚢 𝚠𝚊𝚕𝚔,2026-04-29,Dataset/xhs/xiaohongshu_images/Gorpcore/69f1dea30000000022025413/image_09.webp,#8E8780,#CFB875,gray,gray,unknown,Unclear,False,False,False,False,Unclear,Unclear,unclear,,,neutral,,,,,,,,unknown,0.0,ok
GRP-XHS-69f1dea30000000022025413-10,69f1dea30000000022025413,GRP-XHS-69f1dea30000000022025413,#Gorpcore,💬 𝙳𝚊𝚒𝚕𝚢 𝚠𝚊𝚕𝚔,💬 𝙳𝚊𝚒𝚕𝚢 𝚠𝚊𝚕𝚔,2026-04-29,Dataset/xhs/xiaohongshu_images/Gorpcore/69f1dea30000000022025413/image_10.webp,#8A8582,#BBB6AD,gray,gray,unknown,Unclear,False,False,False,False,Unclear,Unclear,unclear,,,neutral,,,,,,,,unknown,0.0,ok
GRP-XHS-69f1dea30000000022025413-11,69f1dea30000000022025413,GRP-XHS-69f1dea30000000022025413,#Gorpcore,💬 𝙳𝚊𝚒𝚕𝚢 𝚠𝚊𝚕𝚔,💬 𝙳𝚊𝚒𝚕𝚢 𝚠𝚊𝚕𝚔,2026-04-29,Dataset/xhs/xiaohongshu_images/Gorpcore/69f1dea30000000022025413/image_11.webp,#E4CE96,#B99658,khaki,khaki_or_beige,unknown,Unclear,False,False,False,False,Unclear,Unclear,unclear,,,neutral,,,,,,,,unknown,0.0,ok
GRP-XHS-69f1dea30000000022025413-12,69f1dea30000000022025413,GRP-XHS-69f1dea30000000022025413,#Gorpcore,💬 𝙳𝚊𝚒𝚕𝚢 𝚠𝚊𝚕𝚔,💬 𝙳𝚊𝚒𝚕𝚢 𝚠𝚊𝚕𝚔,2026-04-29,Dataset/xhs/xiaohongshu_images/Gorpcore/69f1dea30000000022025413/image_12.webp,#9B9897,#E2DDCF,gray,gray,unknown,Unclear,False,False,False,False,Unclear,Unclear,unclear,,,neutral,,,,,,,,unknown,0.0,ok
GRP-XHS-688755ec000000002001bfe0-01,688755ec000000002001bfe0,GRP-XHS-688755ec000000002001bfe0,#Gorpcore,Gorpcore一下,Gorpcore一下,2025-07-29,Dataset/xhs/xiaohongshu_images/Gorpcore/688755ec000000002001bfe0/image_01.webp,#0D1110,#424841,black,black,unknown,Unclear,False,False,False,False,Unclear,Unclear,unclear,,,neutral,,,,,,,,unknown,0.0,ok
GRP-XHS-688755ec000000002001bfe0-02,688755ec000000002001bfe0,GRP-XHS-688755ec000000002001bfe0,#Gorpcore,Gorpcore一下,Gorpcore一下,2025-07-29,Dataset/xhs/xiaohongshu_images/Gorpcore/688755ec000000002001bfe0/image_02.webp,#090D0D,#3F4843,black,black,unknown,Unclear,False,False,False,False,Unclear,Unclear,unclear,,,neutral,,,,,,,,unknown,0.0,ok
GRP-XHS-6a03008c0000000006021e75-01,6a03008c0000000006021e75,GRP-XHS-6a03008c0000000006021e75,#Gorpcore,城市机能🌪️ *.** Gorpcore outfit,城市机能🌪️ *.** Gorpcore outfit,2026-05-18,Dataset/xhs/xiaohongshu_images/Gorpcore/6a03008c0000000006021e75/image_01.webp,#917F6A,#73634E,orange,red_or_orange,unknown,Unclear,False,False,False,False,Unclear,Urban_Commute,unclear,城市,,neutral,,,,,城市,,0.4,text_heuristic,0.4,ok
GRP-XHS-6a03008c0000000006021e75-02,6a03008c0000000006021e75,GRP-XHS-6a03008c0000000006021e75,#Gorpcore,城市机能🌪️ *.** Gorpcore outfit,城市机能🌪️ *.** Gorpcore outfit,2026-05-18,Dataset/xhs/xiaohongshu_images/Gorpcore/6a03008c0000000006021e75/image_02.webp,#554E40,#7C7262,brown,brown,unknown,Unclear,False,False,False,False,Unclear,Urban_Commute,unclear,城市,,neutral,,,,,城市,,0.4,text_heuristic,0.4,ok
GRP-XHS-6a03008c0000000006021e75-03,6a03008c0000000006021e75,GRP-XHS-6a03008c0000000006021e75,#Gorpcore,城市机能🌪️ *.** Gorpcore outfit,城市机能🌪️ *.** Gorpcore outfit,2026-05-18,Dataset/xhs/xiaohongshu_images/Gorpcore/6a03008c0000000006021e75/image_03.webp,#867D6D,#AFA99A,khaki,khaki_or_beige,unknown,Unclear,False,False,False,False,Unclear,Urban_Commute,unclear,城市,,neutral,,,,,城市,,0.4,text_heuristic,0.4,ok
GRP-XHS-6a03008c0000000006021e75-04,6a03008c0000000006021e75,GRP-XHS-6a03008c0000000006021e75,#Gorpcore,城市机能🌪️ *.** Gorpcore outfit,城市机能🌪️ *.** Gorpcore outfit,2026-05-18,Dataset/xhs/xiaohongshu_images/Gorpcore/6a03008c0000000006021e75/image_04.webp,#FCFDFD,#5B5448,white,white,unknown,Unclear,False,False,False,False,Unclear,Urban_Commute,unclear,城市,,neutral,,,,,城市,,0.4,text_heuristic,0.4,ok
GRP-XHS-6a03008c0000000006021e75-05,6a03008c0000000006021e75,GRP-XHS-6a03008c0000000006021e75,#Gorpcore,城市机能🌪️ *.** Gorpcore outfit,城市机能🌪️ *.** Gorpcore outfit,2026-05-18,Dataset/xhs/xiaohongshu_images/Gorpcore/6a03008c0000000006021e75/image_05.webp,#63594A,#473F30,brown,brown,unknown,Unclear,False,False,False,False,Unclear,Urban_Commute,unclear,城市,,neutral,,,,,城市,,0.4,text_heuristic,0.4,ok
GRP-XHS-6a03008c0000000006021e75-06,6a03008c0000000006021e75,GRP-XHS-6a03008c0000000006021e75,#Gorpcore,城市机能🌪️ *.** Gorpcore outfit,城市机能🌪️ *.** Gorpcore outfit,2026-05-18,Dataset/xhs/xiaohongshu_images/Gorpcore/6a03008c0000000006021e75/image_06.webp,#9A8C7B,#72695C,orange,red_or_orange,unknown,Unclear,False,False,False,False,Unclear,Urban_Commute,unclear,城市,,neutral,,,,,城市,,0.4,text_heuristic,0.4,ok
GRP-XHS-6a03008c0000000006021e75-07,6a03008c0000000006021e75,GRP-XHS-6a03008c0000000006021e75,#Gorpcore,城市机能🌪️ *.** Gorpcore outfit,城市机能🌪️ *.** Gorpcore outfit,2026-05-18,Dataset/xhs/xiaohongshu_images/Gorpcore/6a03008c0000000006021e75/image_07.webp,#605A4F,#121215,brown,brown,unknown,Unclear,False,False,False,False,Unclear,Urban_Commute,unclear,城市,,neutral,,,,,城市,,0.4,text_heuristic,0.4,ok
GRP-XHS-6a03008c0000000006021e75-08,6a03008c0000000006021e75,GRP-XHS-6a03008c0000000006021e75,#Gorpcore,城市机能🌪️ *.** Gorpcore outfit,城市机能🌪️ *.** Gorpcore outfit,2026-05-18,Dataset/xhs/xiaohongshu_images/Gorpcore/6a03008c0000000006021e75/image_08.webp,#81796A,#A39E91,khaki,khaki_or_beige,unknown,Unclear,False,False,False,False,Unclear,Urban_Commute,unclear,城市,,neutral,,,,,城市,,0.4,text_heuristic,0.4,ok
GRP-XHS-6a03008c0000000006021e75-09,6a03008c0000000006021e75,GRP-XHS-6a03008c0000000006021e75,#Gorpcore,城市机能🌪️ *.** Gorpcore outfit,城市机能🌪️ *.** Gorpcore outfit,2026-05-18,Dataset/xhs/xiaohongshu_images/Gorpcore/6a03008c0000000006021e75/image_09.webp,#999EA4,#C4C5C3,gray,gray,unknown,Unclear,False,False,False,False,Unclear,Urban_Commute,unclear,城市,,neutral,,,,,城市,,0.4,text_heuristic,0.4,ok
GRP-XHS-6a03008c0000000006021e75-10,6a03008c0000000006021e75,GRP-XHS-6a03008c0000000006021e75,#Gorpcore,城市机能🌪️ *.** Gorpcore outfit,城市机能🌪️ *.** Gorpcore outfit,2026-05-18,Dataset/xhs/xiaohongshu_images/Gorpcore/6a03008c0000000006021e75/image_10.webp,#4A443E,#161414,orange,red_or_orange,unknown,Unclear,False,False,False,False,Unclear,Urban_Commute,unclear,城市,,neutral,,,,,城市,,0.4,text_heuristic,0.4,ok
GRP-XHS-6a03008c0000000006021e75-11,6a03008c0000000006021e75,GRP-XHS-6a03008c0000000006021e75,#Gorpcore,城市机能🌪️ *.** Gorpcore outfit,城市机能🌪️ *.** Gorpcore outfit,2026-05-18,Dataset/xhs/xiaohongshu_images/Gorpcore/6a03008c0000000006021e75/image_11.webp,#A3A5A1,#534536,gray,gray,unknown,Unclear,False,False,False,False,Unclear,Urban_Commute,unclear,城市,,neutral,,,,,城市,,0.4,text_heuristic,0.4,ok
GRP-XHS-698081d70000000021030a28-01,698081d70000000021030a28,GRP-XHS-698081d70000000021030a28,#Gorpcore,𝟭𝟳𝟯/𝟭𝟱𝟬🗻日常轻户外Gorpcore,𝟭𝟳𝟯/𝟭𝟱𝟬🗻日常轻户外Gorpcore,2026-02-02,Dataset/xhs/xiaohongshu_images/Gorpcore/698081d70000000021030a28/image_01.webp,#CEDADB,#A4A7A1,white,white,unknown,Unclear,False,False,False,False,Unclear,Outdoor,unclear,户外 | 日常,,positive,1.0,,,,日常 | 户外,,0.4,text_heuristic,0.4,ok
GRP-XHS-687a413f000000002203f377-01,687a413f000000002203f377,GRP-XHS-687a413f000000002203f377,#Gorpcore,ROA创意总监离职创业❓｜小众品牌分享,ROA创意总监离职创业❓｜小众品牌分享,2025-07-18,Dataset/xhs/xiaohongshu_images/Gorpcore/687a413f000000002203f377/image_01.webp,#1F1E1D,#A29388,black,black,unknown,Unclear,False,False,False,False,Unclear,Unclear,unclear,,,neutral,,,,,,,,unknown,0.0,ok
GRP-XHS-685cfe9d000000000b02c36b-01,685cfe9d000000000b02c36b,GRP-XHS-685cfe9d000000000b02c36b,#Gorpcore,进沪务工准备中…,进沪务工准备中…,2025-06-26,Dataset/xhs/xiaohongshu_images/Gorpcore/685cfe9d000000000b02c36b/image_01.webp,#CACECB,#0B1519,gray,gray,unknown,Unclear,False,False,False,False,Unclear,Unclear,unclear,,,neutral,,,,,,,,unknown,0.0,ok
GRP-XHS-685cfe9d000000000b02c36b-02,685cfe9d000000000b02c36b,GRP-XHS-685cfe9d000000000b02c36b,#Gorpcore,进沪务工准备中…,进沪务工准备中…,2025-06-26,Dataset/xhs/xiaohongshu_images/Gorpcore/685cfe9d000000000b02c36b/image_02.webp,#DDDFDC,#161B1B,white,white,unknown,Unclear,False,False,False,False,Unclear,Unclear,unclear,,,neutral,,,,,,,,unknown,0.0,ok
GRP-XHS-685cfe9d000000000b02c36b-03,685cfe9d000000000b02c36b,GRP-XHS-685cfe9d000000000b02c36b,#Gorpcore,进沪务工准备中…,进沪务工准备中…,2025-06-26,Dataset/xhs/xiaohongshu_images/Gorpcore/685cfe9d000000000b02c36b/image_03.webp,#171D1E,#DFDFD7,black,black,unknown,Unclear,False,False,False,False,Unclear,Unclear,unclear,,,neutral,,,,,,,,unknown,0.0,ok
GRP-XHS-685cfe9d000000000b02c36b-04,685cfe9d000000000b02c36b,GRP-XHS-685cfe9d000000000b02c36b,#Gorpcore,进沪务工准备中…,进沪务工准备中…,2025-06-26,Dataset/xhs/xiaohongshu_images/Gorpcore/685cfe9d000000000b02c36b/image_04.webp,#E4E4DE,#272D2D,white,white,unknown,Unclear,False,False,False,False,Unclear,Unclear,unclear,,,neutral,,,,,,,,unknown,0.0,ok
GRP-XHS-68877d1e0000000025011010-01,68877d1e0000000025011010,GRP-XHS-68877d1e0000000025011010,#Gorpcore,户外—-失序运动风,户外—-失序运动风,2025-07-28,Dataset/xhs/xiaohongshu_images/Gorpcore/68877d1e0000000025011010/image_01.webp,#FCF5EA,#2E281E,white,white,unknown,Unclear,False,False,False,False,Unclear,Outdoor,unclear,户外,,neutral,,,,,户外,,0.4,text_heuristic,0.4,ok
GRP-XHS-68877d1e0000000025011010-02,68877d1e0000000025011010,GRP-XHS-68877d1e0000000025011010,#Gorpcore,户外—-失序运动风,户外—-失序运动风,2025-07-28,Dataset/xhs/xiaohongshu_images/Gorpcore/68877d1e0000000025011010/image_02.webp,#69695F,#E3E2D9,gray,gray,unknown,Unclear,False,False,False,False,Unclear,Outdoor,unclear,户外,,neutral,,,,,户外,,0.4,text_heuristic,0.4,ok
GRP-XHS-68877d1e0000000025011010-03,68877d1e0000000025011010,GRP-XHS-68877d1e0000000025011010,#Gorpcore,户外—-失序运动风,户外—-失序运动风,2025-07-28,Dataset/xhs/xiaohongshu_images/Gorpcore/68877d1e0000000025011010/image_03.webp,#FDFDFC,#D4D2BF,white,white,unknown,Unclear,False,False,False,False,Unclear,Outdoor,unclear,户外,,neutral,,,,,户外,,0.4,text_heuristic,0.4,ok
GRP-XHS-68877d1e0000000025011010-04,68877d1e0000000025011010,GRP-XHS-68877d1e0000000025011010,#Gorpcore,户外—-失序运动风,户外—-失序运动风,2025-07-28,Dataset/xhs/xiaohongshu_images/Gorpcore/68877d1e0000000025011010/image_04.webp,#6F6F5D,#1E201B,olive,olive_or_green,unknown,Unclear,False,False,False,False,Unclear,Outdoor,unclear,户外,,neutral,,,,,户外,,0.4,text_heuristic,0.4,ok
GRP-XHS-68877d1e0000000025011010-05,68877d1e0000000025011010,GRP-XHS-68877d1e0000000025011010,#Gorpcore,户外—-失序运动风,户外—-失序运动风,2025-07-28,Dataset/xhs/xiaohongshu_images/Gorpcore/68877d1e0000000025011010/image_05.webp,#F7F7F4,#6E6536,white,white,unknown,Unclear,False,False,False,False,Unclear,Outdoor,unclear,户外,,neutral,,,,,户外,,0.4,text_heuristic,0.4,ok
GRP-XHS-68877d1e0000000025011010-06,68877d1e0000000025011010,GRP-XHS-68877d1e0000000025011010,#Gorpcore,户外—-失序运动风,户外—-失序运动风,2025-07-28,Dataset/xhs/xiaohongshu_images/Gorpcore/68877d1e0000000025011010/image_06.webp,#FEFEFD,#A09A92,white,white,unknown,Unclear,False,False,False,False,Unclear,Outdoor,unclear,户外,,neutral,,,,,户外,,0.4,text_heuristic,0.4,ok
GRP-XHS-68877d1e0000000025011010-07,68877d1e0000000025011010,GRP-XHS-68877d1e0000000025011010,#Gorpcore,户外—-失序运动风,户外—-失序运动风,2025-07-28,Dataset/xhs/xiaohongshu_images/Gorpcore/68877d1e0000000025011010/image_07.webp,#FCFCFB,#55463F,white,white,unknown,Unclear,False,False,False,False,Unclear,Outdoor,unclear,户外,,neutral,,,,,户外,,0.4,text_heuristic,0.4,ok
GRP-XHS-68877d1e0000000025011010-08,68877d1e0000000025011010,GRP-XHS-68877d1e0000000025011010,#Gorpcore,户外—-失序运动风,户外—-失序运动风,2025-07-28,Dataset/xhs/xiaohongshu_images/Gorpcore/68877d1e0000000025011010/image_08.webp,#FDFCFB,#6A5645,white,white,unknown,Unclear,False,False,False,False,Unclear,Outdoor,unclear,户外,,neutral,,,,,户外,,0.4,text_heuristic,0.4,ok
GRP-XHS-68877d1e0000000025011010-09,68877d1e0000000025011010,GRP-XHS-68877d1e0000000025011010,#Gorpcore,户外—-失序运动风,户外—-失序运动风,2025-07-28,Dataset/xhs/xiaohongshu_images/Gorpcore/68877d1e0000000025011010/image_09.webp,#FCFCFB,#2C2A2B,white,white,unknown,Unclear,False,False,False,False,Unclear,Outdoor,unclear,户外,,neutral,,,,,户外,,0.4,text_heuristic,0.4,ok
GRP-XHS-68877d1e0000000025011010-10,68877d1e0000000025011010,GRP-XHS-68877d1e0000000025011010,#Gorpcore,户外—-失序运动风,户外—-失序运动风,2025-07-28,Dataset/xhs/xiaohongshu_images/Gorpcore/68877d1e0000000025011010/image_10.webp,#FBFCFB,#D6D4C9,white,white,unknown,Unclear,False,False,False,False,Unclear,Outdoor,unclear,户外,,neutral,,,,,户外,,0.4,text_heuristic,0.4,ok
GRP-XHS-685d621e000000001d00fea5-01,685d621e000000001d00fea5,GRP-XHS-685d621e000000001d00fea5,#Gorpcore,Gorpcore fit⛰️帅气户外冲锋衣穿搭！,Gorpcore fit⛰️帅气户外冲锋衣穿搭！,2025-06-26,Dataset/xhs/xiaohongshu_images/Gorpcore/685d621e000000001d00fea5/image_01.webp,#D7D6D8,#A7A5A4,white,white,unknown,Unclear,False,False,False,False,Unclear,Outdoor,unclear,冲锋衣 | 穿搭 | 户外,,neutral,,,,,户外,,0.4,text_heuristic,0.4,ok
GRP-XHS-6a0d78f200000000060234d1-01,6a0d78f200000000060234d1,GRP-XHS-6a0d78f200000000060234d1,#Gorpcore,原来户外圈也有MBTI测测你是G人？还是T人！,原来户外圈也有MBTI测测你是G人？还是T人！,2026-05-21,Dataset/xhs/xiaohongshu_images/Gorpcore/6a0d78f200000000060234d1/image_01.webp,#FDFDFD,#9C9C9C,white,white,unknown,Unclear,False,False,False,False,Unclear,Outdoor,unclear,户外,,neutral,,,,,户外,,0.4,text_heuristic,0.4,ok
GRP-XHS-6a0d78f200000000060234d1-02,6a0d78f200000000060234d1,GRP-XHS-6a0d78f200000000060234d1,#Gorpcore,原来户外圈也有MBTI测测你是G人？还是T人！,原来户外圈也有MBTI测测你是G人？还是T人！,2026-05-21,Dataset/xhs/xiaohongshu_images/Gorpcore/6a0d78f200000000060234d1/image_02.webp,#FEFEFE,#646464,white,white,unknown,Unclear,False,False,False,False,Unclear,Outdoor,unclear,户外,,neutral,,,,,户外,,0.4,text_heuristic,0.4,ok
GRP-XHS-6a0d78f200000000060234d1-03,6a0d78f200000000060234d1,GRP-XHS-6a0d78f200000000060234d1,#Gorpcore,原来户外圈也有MBTI测测你是G人？还是T人！,原来户外圈也有MBTI测测你是G人？还是T人！,2026-05-21,Dataset/xhs/xiaohongshu_images/Gorpcore/6a0d78f200000000060234d1/image_03.webp,#FDFDFD,#BCBCBC,white,white,unknown,Unclear,False,False,False,False,Unclear,Outdoor,unclear,户外,,neutral,,,,,户外,,0.4,text_heuristic,0.4,ok
GRP-XHS-6a0d78f200000000060234d1-04,6a0d78f200000000060234d1,GRP-XHS-6a0d78f200000000060234d1,#Gorpcore,原来户外圈也有MBTI测测你是G人？还是T人！,原来户外圈也有MBTI测测你是G人？还是T人！,2026-05-21,Dataset/xhs/xiaohongshu_images/Gorpcore/6a0d78f200000000060234d1/image_04.webp,#FDFDFD,#848484,white,white,unknown,Unclear,False,False,False,False,Unclear,Outdoor,unclear,户外,,neutral,,,,,户外,,0.4,text_heuristic,0.4,ok
GRP-XHS-6a0d78f200000000060234d1-05,6a0d78f200000000060234d1,GRP-XHS-6a0d78f200000000060234d1,#Gorpcore,原来户外圈也有MBTI测测你是G人？还是T人！,原来户外圈也有MBTI测测你是G人？还是T人！,2026-05-21,Dataset/xhs/xiaohongshu_images/Gorpcore/6a0d78f200000000060234d1/image_05.webp,#FDFDFD,#A9A9A9,white,white,unknown,Unclear,False,False,False,False,Unclear,Outdoor,unclear,户外,,neutral,,,,,户外,,0.4,text_heuristic,0.4,ok
GRP-XHS-69fde9270000000038036eb7-01,69fde9270000000038036eb7,GRP-XHS-69fde9270000000038036eb7,#Gorpcore,入夏前奏｜五月好物推荐,入夏前奏｜五月好物推荐,2026-05-08,Dataset/xhs/xiaohongshu_images/Gorpcore/69fde9270000000038036eb7/image_01.webp,#FEFEFD,#1E1C1B,white,white,unknown,Unclear,False,False,False,False,Unclear,Unclear,unclear,,,positive,1.0,,,,,,,unknown,0.0,ok
GRP-XHS-69fde9270000000038036eb7-02,69fde9270000000038036eb7,GRP-XHS-69fde9270000000038036eb7,#Gorpcore,入夏前奏｜五月好物推荐,入夏前奏｜五月好物推荐,2026-05-08,Dataset/xhs/xiaohongshu_images/Gorpcore/69fde9270000000038036eb7/image_02.webp,#F6F4DF,#847D67,white,white,unknown,Unclear,False,False,False,False,Unclear,Unclear,unclear,,,positive,1.0,,,,,,,unknown,0.0,ok
GRP-XHS-69fde9270000000038036eb7-03,69fde9270000000038036eb7,GRP-XHS-69fde9270000000038036eb7,#Gorpcore,入夏前奏｜五月好物推荐,入夏前奏｜五月好物推荐,2026-05-08,Dataset/xhs/xiaohongshu_images/Gorpcore/69fde9270000000038036eb7/image_03.webp,#F4F1E1,#8C8A7A,white,white,unknown,Unclear,False,False,False,False,Unclear,Unclear,unclear,,,positive,1.0,,,,,,,unknown,0.0,ok
GRP-XHS-69fde9270000000038036eb7-04,69fde9270000000038036eb7,GRP-XHS-69fde9270000000038036eb7,#Gorpcore,入夏前奏｜五月好物推荐,入夏前奏｜五月好物推荐,2026-05-08,Dataset/xhs/xiaohongshu_images/Gorpcore/69fde9270000000038036eb7/image_04.webp,#F4EFDE,#2D3744,white,white,unknown,Unclear,False,False,False,False,Unclear,Unclear,unclear,,,positive,1.0,,,,,,,unknown,0.0,ok
GRP-XHS-69fde9270000000038036eb7-05,69fde9270000000038036eb7,GRP-XHS-69fde9270000000038036eb7,#Gorpcore,入夏前奏｜五月好物推荐,入夏前奏｜五月好物推荐,2026-05-08,Dataset/xhs/xiaohongshu_images/Gorpcore/69fde9270000000038036eb7/image_05.webp,#F5F1DF,#BA372D,white,white,unknown,Unclear,False,False,False,False,Unclear,Unclear,unclear,,,positive,1.0,,,,,,,unknown,0.0,ok
GRP-XHS-69fde9270000000038036eb7-06,69fde9270000000038036eb7,GRP-XHS-69fde9270000000038036eb7,#Gorpcore,入夏前奏｜五月好物推荐,入夏前奏｜五月好物推荐,2026-05-08,Dataset/xhs/xiaohongshu_images/Gorpcore/69fde9270000000038036eb7/image_06.webp,#F6F3DF,#1E1E29,white,white,unknown,Unclear,False,False,False,False,Unclear,Unclear,unclear,,,positive,1.0,,,,,,,unknown,0.0,ok
GRP-XHS-69fde9270000000038036eb7-07,69fde9270000000038036eb7,GRP-XHS-69fde9270000000038036eb7,#Gorpcore,入夏前奏｜五月好物推荐,入夏前奏｜五月好物推荐,2026-05-08,Dataset/xhs/xiaohongshu_images/Gorpcore/69fde9270000000038036eb7/image_07.webp,#F7F4E0,#432B2D,white,white,unknown,Unclear,False,False,False,False,Unclear,Unclear,unclear,,,positive,1.0,,,,,,,unknown,0.0,ok
GRP-XHS-69fde9270000000038036eb7-08,69fde9270000000038036eb7,GRP-XHS-69fde9270000000038036eb7,#Gorpcore,入夏前奏｜五月好物推荐,入夏前奏｜五月好物推荐,2026-05-08,Dataset/xhs/xiaohongshu_images/Gorpcore/69fde9270000000038036eb7/image_08.webp,#F7F4E1,#D6C2AC,white,white,unknown,Unclear,False,False,False,False,Unclear,Unclear,unclear,,,positive,1.0,,,,,,,unknown,0.0,ok
GRP-XHS-69fde9270000000038036eb7-09,69fde9270000000038036eb7,GRP-XHS-69fde9270000000038036eb7,#Gorpcore,入夏前奏｜五月好物推荐,入夏前奏｜五月好物推荐,2026-05-08,Dataset/xhs/xiaohongshu_images/Gorpcore/69fde9270000000038036eb7/image_09.webp,#F7F4E0,#B4B3BB,white,white,unknown,Unclear,False,False,False,False,Unclear,Unclear,unclear,,,positive,1.0,,,,,,,unknown,0.0,ok
GRP-XHS-6a0ee34d000000000702bd9f-01,6a0ee34d000000000702bd9f,GRP-XHS-6a0ee34d000000000702bd9f,#Gorpcore,𝑜𝑜𝑡𝑑 in Gorpcore🩶日常山系轻机能风,𝑜𝑜𝑡𝑑 in Gorpcore🩶日常山系轻机能风,2026-05-22,Dataset/xhs/xiaohongshu_images/Gorpcore/6a0ee34d000000000702bd9f/image_01.webp,#837863,#AB9479,khaki,khaki_or_beige,unknown,Unclear,False,False,False,False,Unclear,Unclear,unclear,机能风 | 山系 | 日常,,positive,1.0,,,,日常,,,unknown,0.0,ok
GRP-XHS-6a0ee34d000000000702bd9f-02,6a0ee34d000000000702bd9f,GRP-XHS-6a0ee34d000000000702bd9f,#Gorpcore,𝑜𝑜𝑡𝑑 in Gorpcore🩶日常山系轻机能风,𝑜𝑜𝑡𝑑 in Gorpcore🩶日常山系轻机能风,2026-05-22,Dataset/xhs/xiaohongshu_images/Gorpcore/6a0ee34d000000000702bd9f/image_02.webp,#91846F,#736843,khaki,khaki_or_beige,unknown,Unclear,False,False,False,False,Unclear,Unclear,unclear,机能风 | 山系 | 日常,,positive,1.0,,,,日常,,,unknown,0.0,ok
GRP-XHS-6a0ee34d000000000702bd9f-03,6a0ee34d000000000702bd9f,GRP-XHS-6a0ee34d000000000702bd9f,#Gorpcore,𝑜𝑜𝑡𝑑 in Gorpcore🩶日常山系轻机能风,𝑜𝑜𝑡𝑑 in Gorpcore🩶日常山系轻机能风,2026-05-22,Dataset/xhs/xiaohongshu_images/Gorpcore/6a0ee34d000000000702bd9f/image_03.webp,#AD8D6E,#D7B48E,orange,red_or_orange,unknown,Unclear,False,False,False,False,Unclear,Unclear,unclear,机能风 | 山系 | 日常,,positive,1.0,,,,日常,,,unknown,0.0,ok
GRP-XHS-6a0ee34d000000000702bd9f-04,6a0ee34d000000000702bd9f,GRP-XHS-6a0ee34d000000000702bd9f,#Gorpcore,𝑜𝑜𝑡𝑑 in Gorpcore🩶日常山系轻机能风,𝑜𝑜𝑡𝑑 in Gorpcore🩶日常山系轻机能风,2026-05-22,Dataset/xhs/xiaohongshu_images/Gorpcore/6a0ee34d000000000702bd9f/image_04.webp,#A98E79,#816852,orange,red_or_orange,unknown,Unclear,False,False,False,False,Unclear,Unclear,unclear,机能风 | 山系 | 日常,,positive,1.0,,,,日常,,,unknown,0.0,ok
GRP-XHS-6a0ee34d000000000702bd9f-05,6a0ee34d000000000702bd9f,GRP-XHS-6a0ee34d000000000702bd9f,#Gorpcore,𝑜𝑜𝑡𝑑 in Gorpcore🩶日常山系轻机能风,𝑜𝑜𝑡𝑑 in Gorpcore🩶日常山系轻机能风,2026-05-22,Dataset/xhs/xiaohongshu_images/Gorpcore/6a0ee34d000000000702bd9f/image_05.webp,#A59279,#796A51,orange,red_or_orange,unknown,Unclear,False,False,False,False,Unclear,Unclear,unclear,机能风 | 山系 | 日常,,positive,1.0,,,,日常,,,unknown,0.0,ok
GRP-XHS-6a0ee34d000000000702bd9f-06,6a0ee34d000000000702bd9f,GRP-XHS-6a0ee34d000000000702bd9f,#Gorpcore,𝑜𝑜𝑡𝑑 in Gorpcore🩶日常山系轻机能风,𝑜𝑜𝑡𝑑 in Gorpcore🩶日常山系轻机能风,2026-05-22,Dataset/xhs/xiaohongshu_images/Gorpcore/6a0ee34d000000000702bd9f/image_06.webp,#B49A78,#97773E,orange,red_or_orange,unknown,Unclear,False,False,False,False,Unclear,Unclear,unclear,机能风 | 山系 | 日常,,positive,1.0,,,,日常,,,unknown,0.0,ok
GRP-XHS-6a0ee34d000000000702bd9f-07,6a0ee34d000000000702bd9f,GRP-XHS-6a0ee34d000000000702bd9f,#Gorpcore,𝑜𝑜𝑡𝑑 in Gorpcore🩶日常山系轻机能风,𝑜𝑜𝑡𝑑 in Gorpcore🩶日常山系轻机能风,2026-05-22,Dataset/xhs/xiaohongshu_images/Gorpcore/6a0ee34d000000000702bd9f/image_07.webp,#BAA796,#A28972,orange,red_or_orange,unknown,Unclear,False,False,False,False,Unclear,Unclear,unclear,机能风 | 山系 | 日常,,positive,1.0,,,,日常,,,unknown,0.0,ok
GRP-XHS-6a0ee34d000000000702bd9f-08,6a0ee34d000000000702bd9f,GRP-XHS-6a0ee34d000000000702bd9f,#Gorpcore,𝑜𝑜𝑡𝑑 in Gorpcore🩶日常山系轻机能风,𝑜𝑜𝑡𝑑 in Gorpcore🩶日常山系轻机能风,2026-05-22,Dataset/xhs/xiaohongshu_images/Gorpcore/6a0ee34d000000000702bd9f/image_08.webp,#C6AB8C,#A98766,orange,red_or_orange,unknown,Unclear,False,False,False,False,Unclear,Unclear,unclear,机能风 | 山系 | 日常,,positive,1.0,,,,日常,,,unknown,0.0,ok
GRP-XHS-6a0ee34d000000000702bd9f-09,6a0ee34d000000000702bd9f,GRP-XHS-6a0ee34d000000000702bd9f,#Gorpcore,𝑜𝑜𝑡𝑑 in Gorpcore🩶日常山系轻机能风,𝑜𝑜𝑡𝑑 in Gorpcore🩶日常山系轻机能风,2026-05-22,Dataset/xhs/xiaohongshu_images/Gorpcore/6a0ee34d000000000702bd9f/image_09.webp,#BA9E82,#A0805F,orange,red_or_orange,unknown,Unclear,False,False,False,False,Unclear,Unclear,unclear,机能风 | 山系 | 日常,,positive,1.0,,,,日常,,,unknown,0.0,ok
GRP-XHS-692ec0f4000000001f00490d-01,692ec0f4000000001f00490d,GRP-XHS-692ec0f4000000001f00490d,#Gorpcore,Gorpcore ootd｜户外日常🍁🐾₊⁺,Gorpcore ootd｜户外日常🍁🐾₊⁺,2025-12-02,Dataset/xhs/xiaohongshu_images/Gorpcore/692ec0f4000000001f00490d/image_01.webp,#7B7D5D,#52553C,olive,olive_or_green,unknown,Unclear,False,False,False,False,Unclear,Outdoor,unclear,户外 | 日常,,positive,1.0,,,,日常 | 户外,,0.4,text_heuristic,0.4,ok
GRP-XHS-692ec0f4000000001f00490d-02,692ec0f4000000001f00490d,GRP-XHS-692ec0f4000000001f00490d,#Gorpcore,Gorpcore ootd｜户外日常🍁🐾₊⁺,Gorpcore ootd｜户外日常🍁🐾₊⁺,2025-12-02,Dataset/xhs/xiaohongshu_images/Gorpcore/692ec0f4000000001f00490d/image_02.webp,#61695F,#3D4730,gray,gray,unknown,Unclear,False,False,False,False,Unclear,Outdoor,unclear,户外 | 日常,,positive,1.0,,,,日常 | 户外,,0.4,text_heuristic,0.4,ok
GRP-XHS-692ec0f4000000001f00490d-03,692ec0f4000000001f00490d,GRP-XHS-692ec0f4000000001f00490d,#Gorpcore,Gorpcore ootd｜户外日常🍁🐾₊⁺,Gorpcore ootd｜户外日常🍁🐾₊⁺,2025-12-02,Dataset/xhs/xiaohongshu_images/Gorpcore/692ec0f4000000001f00490d/image_03.webp,#3D4E42,#243229,green,olive_or_green,unknown,Unclear,False,False,False,False,Unclear,Outdoor,unclear,户外 | 日常,,positive,1.0,,,,日常 | 户外,,0.4,text_heuristic,0.4,ok
GRP-XHS-692ec0f4000000001f00490d-04,692ec0f4000000001f00490d,GRP-XHS-692ec0f4000000001f00490d,#Gorpcore,Gorpcore ootd｜户外日常🍁🐾₊⁺,Gorpcore ootd｜户外日常🍁🐾₊⁺,2025-12-02,Dataset/xhs/xiaohongshu_images/Gorpcore/692ec0f4000000001f00490d/image_04.webp,#474939,#25231A,olive,olive_or_green,unknown,Unclear,False,False,False,False,Unclear,Outdoor,unclear,户外 | 日常,,positive,1.0,,,,日常 | 户外,,0.4,text_heuristic,0.4,ok
GRP-XHS-692ec0f4000000001f00490d-05,692ec0f4000000001f00490d,GRP-XHS-692ec0f4000000001f00490d,#Gorpcore,Gorpcore ootd｜户外日常🍁🐾₊⁺,Gorpcore ootd｜户外日常🍁🐾₊⁺,2025-12-02,Dataset/xhs/xiaohongshu_images/Gorpcore/692ec0f4000000001f00490d/image_05.webp,#616B62,#485249,gray,gray,unknown,Unclear,False,False,False,False,Unclear,Outdoor,unclear,户外 | 日常,,positive,1.0,,,,日常 | 户外,,0.4,text_heuristic,0.4,ok
GRP-XHS-692ec0f4000000001f00490d-06,692ec0f4000000001f00490d,GRP-XHS-692ec0f4000000001f00490d,#Gorpcore,Gorpcore ootd｜户外日常🍁🐾₊⁺,Gorpcore ootd｜户外日常🍁🐾₊⁺,2025-12-02,Dataset/xhs/xiaohongshu_images/Gorpcore/692ec0f4000000001f00490d/image_06.webp,#5E5856,#3C3A37,gray,gray,unknown,Unclear,False,False,False,False,Unclear,Outdoor,unclear,户外 | 日常,,positive,1.0,,,,日常 | 户外,,0.4,text_heuristic,0.4,ok
GRP-XHS-692ec0f4000000001f00490d-07,692ec0f4000000001f00490d,GRP-XHS-692ec0f4000000001f00490d,#Gorpcore,Gorpcore ootd｜户外日常🍁🐾₊⁺,Gorpcore ootd｜户外日常🍁🐾₊⁺,2025-12-02,Dataset/xhs/xiaohongshu_images/Gorpcore/692ec0f4000000001f00490d/image_07.webp,#5F6456,#43483B,olive,olive_or_green,unknown,Unclear,False,False,False,False,Unclear,Outdoor,unclear,户外 | 日常,,positive,1.0,,,,日常 | 户外,,0.4,text_heuristic,0.4,ok
GRP-XHS-692ec0f4000000001f00490d-08,692ec0f4000000001f00490d,GRP-XHS-692ec0f4000000001f00490d,#Gorpcore,Gorpcore ootd｜户外日常🍁🐾₊⁺,Gorpcore ootd｜户外日常🍁🐾₊⁺,2025-12-02,Dataset/xhs/xiaohongshu_images/Gorpcore/692ec0f4000000001f00490d/image_08.webp,#252428,#4C4C4A,black,black,unknown,Unclear,False,False,False,False,Unclear,Outdoor,unclear,户外 | 日常,,positive,1.0,,,,日常 | 户外,,0.4,text_heuristic,0.4,ok
GRP-XHS-692ec0f4000000001f00490d-09,692ec0f4000000001f00490d,GRP-XHS-692ec0f4000000001f00490d,#Gorpcore,Gorpcore ootd｜户外日常🍁🐾₊⁺,Gorpcore ootd｜户外日常🍁🐾₊⁺,2025-12-02,Dataset/xhs/xiaohongshu_images/Gorpcore/692ec0f4000000001f00490d/image_09.webp,#514D4A,#2D2E2C,gray,gray,unknown,Unclear,False,False,False,False,Unclear,Outdoor,unclear,户外 | 日常,,positive,1.0,,,,日常 | 户外,,0.4,text_heuristic,0.4,ok
GRP-XHS-692ec0f4000000001f00490d-10,692ec0f4000000001f00490d,GRP-XHS-692ec0f4000000001f00490d,#Gorpcore,Gorpcore ootd｜户外日常🍁🐾₊⁺,Gorpcore ootd｜户外日常🍁🐾₊⁺,2025-12-02,Dataset/xhs/xiaohongshu_images/Gorpcore/692ec0f4000000001f00490d/image_10.webp,#131413,#33312F,black,black,unknown,Unclear,False,False,False,False,Unclear,Outdoor,unclear,户外 | 日常,,positive,1.0,,,,日常 | 户外,,0.4,text_heuristic,0.4,ok
GRP-XHS-69ede6b400000000220283c3-01,69ede6b400000000220283c3,GRP-XHS-69ede6b400000000220283c3,#Gorpcore,夏日球衣界的GOAT正式登场,夏日球衣界的GOAT正式登场,2026-04-26,Dataset/xhs/xiaohongshu_images/Gorpcore/69ede6b400000000220283c3/image_01.webp,#C2A786,#E0E8EB,orange,red_or_orange,unknown,Unclear,False,False,False,False,Unclear,Unclear,unclear,,,neutral,,,,,,,,unknown,0.0,ok
GRP-XHS-696b6bd7000000000e03f2b6-01,696b6bd7000000000e03f2b6,GRP-XHS-696b6bd7000000000e03f2b6,#Gorpcore,38+👩｜周末穿Gorpcore去零下6度里citywalk,38+👩｜周末穿Gorpcore去零下6度里citywalk,2026-01-18,Dataset/xhs/xiaohongshu_images/Gorpcore/696b6bd7000000000e03f2b6/image_01.webp,#A2ADB6,#7A7C77,gray,gray,unknown,Unclear,False,False,False,False,Unclear,Unclear,unclear,,,neutral,,,,,,,,unknown,0.0,ok
GRP-XHS-696b6bd7000000000e03f2b6-02,696b6bd7000000000e03f2b6,GRP-XHS-696b6bd7000000000e03f2b6,#Gorpcore,38+👩｜周末穿Gorpcore去零下6度里citywalk,38+👩｜周末穿Gorpcore去零下6度里citywalk,2026-01-18,Dataset/xhs/xiaohongshu_images/Gorpcore/696b6bd7000000000e03f2b6/image_02.webp,#CEC2A8,#8A7C6C,khaki,khaki_or_beige,unknown,Unclear,False,False,False,False,Unclear,Unclear,unclear,,,neutral,,,,,,,,unknown,0.0,ok
GRP-XHS-696b6bd7000000000e03f2b6-03,696b6bd7000000000e03f2b6,GRP-XHS-696b6bd7000000000e03f2b6,#Gorpcore,38+👩｜周末穿Gorpcore去零下6度里citywalk,38+👩｜周末穿Gorpcore去零下6度里citywalk,2026-01-18,Dataset/xhs/xiaohongshu_images/Gorpcore/696b6bd7000000000e03f2b6/image_03.webp,#DADBD5,#A9A59C,white,white,unknown,Unclear,False,False,False,False,Unclear,Unclear,unclear,,,neutral,,,,,,,,unknown,0.0,ok
GRP-XHS-696b6bd7000000000e03f2b6-04,696b6bd7000000000e03f2b6,GRP-XHS-696b6bd7000000000e03f2b6,#Gorpcore,38+👩｜周末穿Gorpcore去零下6度里citywalk,38+👩｜周末穿Gorpcore去零下6度里citywalk,2026-01-18,Dataset/xhs/xiaohongshu_images/Gorpcore/696b6bd7000000000e03f2b6/image_04.webp,#CCCBC0,#908E88,gray,gray,unknown,Unclear,False,False,False,False,Unclear,Unclear,unclear,,,neutral,,,,,,,,unknown,0.0,ok
GRP-XHS-696b6bd7000000000e03f2b6-05,696b6bd7000000000e03f2b6,GRP-XHS-696b6bd7000000000e03f2b6,#Gorpcore,38+👩｜周末穿Gorpcore去零下6度里citywalk,38+👩｜周末穿Gorpcore去零下6度里citywalk,2026-01-18,Dataset/xhs/xiaohongshu_images/Gorpcore/696b6bd7000000000e03f2b6/image_05.webp,#9C896A,#D7DEE7,khaki,khaki_or_beige,unknown,Unclear,False,False,False,False,Unclear,Unclear,unclear,,,neutral,,,,,,,,unknown,0.0,ok
GRP-XHS-696b6bd7000000000e03f2b6-06,696b6bd7000000000e03f2b6,GRP-XHS-696b6bd7000000000e03f2b6,#Gorpcore,38+👩｜周末穿Gorpcore去零下6度里citywalk,38+👩｜周末穿Gorpcore去零下6度里citywalk,2026-01-18,Dataset/xhs/xiaohongshu_images/Gorpcore/696b6bd7000000000e03f2b6/image_06.webp,#959491,#70716F,gray,gray,unknown,Unclear,False,False,False,False,Unclear,Unclear,unclear,,,neutral,,,,,,,,unknown,0.0,ok
GRP-XHS-696b6bd7000000000e03f2b6-07,696b6bd7000000000e03f2b6,GRP-XHS-696b6bd7000000000e03f2b6,#Gorpcore,38+👩｜周末穿Gorpcore去零下6度里citywalk,38+👩｜周末穿Gorpcore去零下6度里citywalk,2026-01-18,Dataset/xhs/xiaohongshu_images/Gorpcore/696b6bd7000000000e03f2b6/image_07.webp,#949493,#C0BEB6,gray,gray,unknown,Unclear,False,False,False,False,Unclear,Unclear,unclear,,,neutral,,,,,,,,unknown,0.0,ok
GRP-XHS-696b6bd7000000000e03f2b6-08,696b6bd7000000000e03f2b6,GRP-XHS-696b6bd7000000000e03f2b6,#Gorpcore,38+👩｜周末穿Gorpcore去零下6度里citywalk,38+👩｜周末穿Gorpcore去零下6度里citywalk,2026-01-18,Dataset/xhs/xiaohongshu_images/Gorpcore/696b6bd7000000000e03f2b6/image_08.webp,#B8B6B1,#2A302F,gray,gray,unknown,Unclear,False,False,False,False,Unclear,Unclear,unclear,,,neutral,,,,,,,,unknown,0.0,ok
GRP-XHS-696b6bd7000000000e03f2b6-09,696b6bd7000000000e03f2b6,GRP-XHS-696b6bd7000000000e03f2b6,#Gorpcore,38+👩｜周末穿Gorpcore去零下6度里citywalk,38+👩｜周末穿Gorpcore去零下6度里citywalk,2026-01-18,Dataset/xhs/xiaohongshu_images/Gorpcore/696b6bd7000000000e03f2b6/image_09.webp,#61605F,#8D8E8D,gray,gray,unknown,Unclear,False,False,False,False,Unclear,Unclear,unclear,,,neutral,,,,,,,,unknown,0.0,ok
GRP-XHS-696b6bd7000000000e03f2b6-10,696b6bd7000000000e03f2b6,GRP-XHS-696b6bd7000000000e03f2b6,#Gorpcore,38+👩｜周末穿Gorpcore去零下6度里citywalk,38+👩｜周末穿Gorpcore去零下6度里citywalk,2026-01-18,Dataset/xhs/xiaohongshu_images/Gorpcore/696b6bd7000000000e03f2b6/image_10.webp,#363638,#CDCECA,gray,gray,unknown,Unclear,False,False,False,False,Unclear,Unclear,unclear,,,neutral,,,,,,,,unknown,0.0,ok
GRP-XHS-696b6bd7000000000e03f2b6-11,696b6bd7000000000e03f2b6,GRP-XHS-696b6bd7000000000e03f2b6,#Gorpcore,38+👩｜周末穿Gorpcore去零下6度里citywalk,38+👩｜周末穿Gorpcore去零下6度里citywalk,2026-01-18,Dataset/xhs/xiaohongshu_images/Gorpcore/696b6bd7000000000e03f2b6/image_11.webp,#A19F96,#35373B,gray,gray,unknown,Unclear,False,False,False,False,Unclear,Unclear,unclear,,,neutral,,,,,,,,unknown,0.0,ok
GRP-XHS-69f21772000000003701d4ba-01,69f21772000000003701d4ba,GRP-XHS-69f21772000000003701d4ba,#Gorpcore,你最爱的HOKA是哪双？,你最爱的HOKA是哪双？,2026-04-29,Dataset/xhs/xiaohongshu_images/Gorpcore/69f21772000000003701d4ba/image_01.webp,#C99E5D,#2C2B28,yellow,yellow,unknown,Unclear,False,False,False,False,Unclear,Unclear,unclear,,,neutral,,,,,,,,unknown,0.0,ok
GRP-XHS-69f21772000000003701d4ba-03,69f21772000000003701d4ba,GRP-XHS-69f21772000000003701d4ba,#Gorpcore,你最爱的HOKA是哪双？,你最爱的HOKA是哪双？,2026-04-29,Dataset/xhs/xiaohongshu_images/Gorpcore/69f21772000000003701d4ba/image_03.webp,#BB8E4E,#BEBFB9,yellow,yellow,unknown,Unclear,False,False,False,False,Unclear,Unclear,unclear,,,neutral,,,,,,,,unknown,0.0,ok
GRP-XHS-69f21772000000003701d4ba-04,69f21772000000003701d4ba,GRP-XHS-69f21772000000003701d4ba,#Gorpcore,你最爱的HOKA是哪双？,你最爱的HOKA是哪双？,2026-04-29,Dataset/xhs/xiaohongshu_images/Gorpcore/69f21772000000003701d4ba/image_04.webp,#BEBDB9,#AEADAC,gray,gray,unknown,Unclear,False,False,False,False,Unclear,Unclear,unclear,,,neutral,,,,,,,,unknown,0.0,ok
GRP-XHS-69f21772000000003701d4ba-05,69f21772000000003701d4ba,GRP-XHS-69f21772000000003701d4ba,#Gorpcore,你最爱的HOKA是哪双？,你最爱的HOKA是哪双？,2026-04-29,Dataset/xhs/xiaohongshu_images/Gorpcore/69f21772000000003701d4ba/image_05.webp,#C2C3BF,#B2B4B6,gray,gray,unknown,Unclear,False,False,False,False,Unclear,Unclear,unclear,,,neutral,,,,,,,,unknown,0.0,ok
GRP-XHS-69f21772000000003701d4ba-06,69f21772000000003701d4ba,GRP-XHS-69f21772000000003701d4ba,#Gorpcore,你最爱的HOKA是哪双？,你最爱的HOKA是哪双？,2026-04-29,Dataset/xhs/xiaohongshu_images/Gorpcore/69f21772000000003701d4ba/image_06.webp,#B9BAB6,#AAACAE,gray,gray,unknown,Unclear,False,False,False,False,Unclear,Unclear,unclear,,,neutral,,,,,,,,unknown,0.0,ok
GRP-XHS-69f21772000000003701d4ba-09,69f21772000000003701d4ba,GRP-XHS-69f21772000000003701d4ba,#Gorpcore,你最爱的HOKA是哪双？,你最爱的HOKA是哪双？,2026-04-29,Dataset/xhs/xiaohongshu_images/Gorpcore/69f21772000000003701d4ba/image_09.webp,#B3B0AB,#999695,gray,gray,unknown,Unclear,False,False,False,False,Unclear,Unclear,unclear,,,neutral,,,,,,,,unknown,0.0,ok
GRP-XHS-69f21772000000003701d4ba-10,69f21772000000003701d4ba,GRP-XHS-69f21772000000003701d4ba,#Gorpcore,你最爱的HOKA是哪双？,你最爱的HOKA是哪双？,2026-04-29,Dataset/xhs/xiaohongshu_images/Gorpcore/69f21772000000003701d4ba/image_10.webp,#B9B6B1,#9D9C9B,gray,gray,unknown,Unclear,False,False,False,False,Unclear,Unclear,unclear,,,neutral,,,,,,,,unknown,0.0,ok
GRP-XHS-69f21772000000003701d4ba-12,69f21772000000003701d4ba,GRP-XHS-69f21772000000003701d4ba,#Gorpcore,你最爱的HOKA是哪双？,你最爱的HOKA是哪双？,2026-04-29,Dataset/xhs/xiaohongshu_images/Gorpcore/69f21772000000003701d4ba/image_12.webp,#BBB8B4,#A49D95,gray,gray,unknown,Unclear,False,False,False,False,Unclear,Unclear,unclear,,,neutral,,,,,,,,unknown,0.0,ok
GRP-XHS-693ab0b6000000001f005bfb-01,693ab0b6000000001f005bfb,GRP-XHS-693ab0b6000000001f005bfb,#Gorpcore,你穿的户外Gorpcore风是这样来的？🤫,你穿的户外Gorpcore风是这样来的？🤫,2025-12-11,Dataset/xhs/xiaohongshu_images/Gorpcore/693ab0b6000000001f005bfb/image_01.webp,#F2DD17,#2F2F2E,yellow,yellow,unknown,Unclear,False,False,False,False,Unclear,Outdoor,unclear,户外,,neutral,,,,,户外,,0.4,text_heuristic,0.4,ok
GRP-XHS-693ab0b6000000001f005bfb-02,693ab0b6000000001f005bfb,GRP-XHS-693ab0b6000000001f005bfb,#Gorpcore,你穿的户外Gorpcore风是这样来的？🤫,你穿的户外Gorpcore风是这样来的？🤫,2025-12-11,Dataset/xhs/xiaohongshu_images/Gorpcore/693ab0b6000000001f005bfb/image_02.webp,#0D0D0D,#302E2A,black,black,unknown,Unclear,False,False,False,False,Unclear,Outdoor,unclear,户外,,neutral,,,,,户外,,0.4,text_heuristic,0.4,ok
GRP-XHS-693ab0b6000000001f005bfb-03,693ab0b6000000001f005bfb,GRP-XHS-693ab0b6000000001f005bfb,#Gorpcore,你穿的户外Gorpcore风是这样来的？🤫,你穿的户外Gorpcore风是这样来的？🤫,2025-12-11,Dataset/xhs/xiaohongshu_images/Gorpcore/693ab0b6000000001f005bfb/image_03.webp,#EFE6DB,#A59D93,white,white,unknown,Unclear,False,False,False,False,Unclear,Outdoor,unclear,户外,,neutral,,,,,户外,,0.4,text_heuristic,0.4,ok
GRP-XHS-693ab0b6000000001f005bfb-04,693ab0b6000000001f005bfb,GRP-XHS-693ab0b6000000001f005bfb,#Gorpcore,你穿的户外Gorpcore风是这样来的？🤫,你穿的户外Gorpcore风是这样来的？🤫,2025-12-11,Dataset/xhs/xiaohongshu_images/Gorpcore/693ab0b6000000001f005bfb/image_04.webp,#EEE4D9,#A0988E,white,white,unknown,Unclear,False,False,False,False,Unclear,Outdoor,unclear,户外,,neutral,,,,,户外,,0.4,text_heuristic,0.4,ok
GRP-XHS-693ab0b6000000001f005bfb-05,693ab0b6000000001f005bfb,GRP-XHS-693ab0b6000000001f005bfb,#Gorpcore,你穿的户外Gorpcore风是这样来的？🤫,你穿的户外Gorpcore风是这样来的？🤫,2025-12-11,Dataset/xhs/xiaohongshu_images/Gorpcore/693ab0b6000000001f005bfb/image_05.webp,#ECEBEB,#7F6D60,white,white,unknown,Unclear,False,False,False,False,Unclear,Outdoor,unclear,户外,,neutral,,,,,户外,,0.4,text_heuristic,0.4,ok
GRP-XHS-693ab0b6000000001f005bfb-06,693ab0b6000000001f005bfb,GRP-XHS-693ab0b6000000001f005bfb,#Gorpcore,你穿的户外Gorpcore风是这样来的？🤫,你穿的户外Gorpcore风是这样来的？🤫,2025-12-11,Dataset/xhs/xiaohongshu_images/Gorpcore/693ab0b6000000001f005bfb/image_06.webp,#211717,#583B35,black,black,unknown,Unclear,False,False,False,False,Unclear,Outdoor,unclear,户外,,neutral,,,,,户外,,0.4,text_heuristic,0.4,ok
GRP-XHS-69ff4cde000000003502365c-01,69ff4cde000000003502365c,GRP-XHS-69ff4cde000000003502365c,#Gorpcore,开始想念山里的空气了,开始想念山里的空气了,2026-05-09,Dataset/xhs/xiaohongshu_images/Gorpcore/69ff4cde000000003502365c/image_01.webp,#4A4946,#969899,gray,gray,unknown,Unclear,False,False,False,False,Unclear,Unclear,unclear,,,neutral,,,,,,,,unknown,0.0,ok
GRP-XHS-69ff4cde000000003502365c-03,69ff4cde000000003502365c,GRP-XHS-69ff4cde000000003502365c,#Gorpcore,开始想念山里的空气了,开始想念山里的空气了,2026-05-09,Dataset/xhs/xiaohongshu_images/Gorpcore/69ff4cde000000003502365c/image_03.webp,#D2D8DB,#9E9B8F,white,white,unknown,Unclear,False,False,False,False,Unclear,Unclear,unclear,,,neutral,,,,,,,,unknown,0.0,ok
GRP-XHS-69ff4cde000000003502365c-04,69ff4cde000000003502365c,GRP-XHS-69ff4cde000000003502365c,#Gorpcore,开始想念山里的空气了,开始想念山里的空气了,2026-05-09,Dataset/xhs/xiaohongshu_images/Gorpcore/69ff4cde000000003502365c/image_04.webp,#DBDEE0,#A4A4A4,white,white,unknown,Unclear,False,False,False,False,Unclear,Unclear,unclear,,,neutral,,,,,,,,unknown,0.0,ok
GRP-XHS-6a05b98200000000380205a2-01,6a05b98200000000380205a2,GRP-XHS-6a05b98200000000380205a2,#Gorpcore,Gorpcore ｜韩系🎀穿搭灵魂标配,Gorpcore ｜韩系🎀穿搭灵魂标配,2026-05-21,Dataset/xhs/xiaohongshu_images/Gorpcore/6a05b98200000000380205a2/image_01.webp,#B7B5B3,#878386,gray,gray,unknown,Unclear,False,False,False,False,Unclear,Unclear,unclear,穿搭,,neutral,,,,,,,,unknown,0.0,ok
GRP-XHS-692ffcd0000000000d03af2b-02,692ffcd0000000000d03af2b,GRP-XHS-692ffcd0000000000d03af2b,#Gorpcore,今年最后一次攀登,今年最后一次攀登,2026-05-01,Dataset/xhs/xiaohongshu_images/Gorpcore/692ffcd0000000000d03af2b/image_02.webp,#DEE0ED,#0B67AD,white,white,unknown,Unclear,False,False,False,False,Unclear,Unclear,unclear,,,neutral,,,,,,,,unknown,0.0,ok
GRP-XHS-692ffcd0000000000d03af2b-03,692ffcd0000000000d03af2b,GRP-XHS-692ffcd0000000000d03af2b,#Gorpcore,今年最后一次攀登,今年最后一次攀登,2026-05-01,Dataset/xhs/xiaohongshu_images/Gorpcore/692ffcd0000000000d03af2b/image_03.webp,#105D8D,#08375B,blue,blue,unknown,Unclear,False,False,False,False,Unclear,Unclear,unclear,,,neutral,,,,,,,,unknown,0.0,ok
GRP-XHS-692ffcd0000000000d03af2b-04,692ffcd0000000000d03af2b,GRP-XHS-692ffcd0000000000d03af2b,#Gorpcore,今年最后一次攀登,今年最后一次攀登,2026-05-01,Dataset/xhs/xiaohongshu_images/Gorpcore/692ffcd0000000000d03af2b/image_04.webp,#155888,#09060F,blue,blue,unknown,Unclear,False,False,False,False,Unclear,Unclear,unclear,,,neutral,,,,,,,,unknown,0.0,ok
GRP-XHS-692ffcd0000000000d03af2b-06,692ffcd0000000000d03af2b,GRP-XHS-692ffcd0000000000d03af2b,#Gorpcore,今年最后一次攀登,今年最后一次攀登,2026-05-01,Dataset/xhs/xiaohongshu_images/Gorpcore/692ffcd0000000000d03af2b/image_06.webp,#01519A,#BCC4D5,blue,blue,unknown,Unclear,False,False,False,False,Unclear,Unclear,unclear,,,neutral,,,,,,,,unknown,0.0,ok
GRP-XHS-692ffcd0000000000d03af2b-07,692ffcd0000000000d03af2b,GRP-XHS-692ffcd0000000000d03af2b,#Gorpcore,今年最后一次攀登,今年最后一次攀登,2026-05-01,Dataset/xhs/xiaohongshu_images/Gorpcore/692ffcd0000000000d03af2b/image_07.webp,#AADDFE,#83C4F1,blue,blue,unknown,Unclear,False,False,False,False,Unclear,Unclear,unclear,,,neutral,,,,,,,,unknown,0.0,ok
GRP-XHS-68bbef51000000001b0345b5-01,68bbef51000000001b0345b5,GRP-XHS-68bbef51000000001b0345b5,#Gorpcore,当你像鸟飞往你的山,当你像鸟飞往你的山,2025-09-06,Dataset/xhs/xiaohongshu_images/Gorpcore/68bbef51000000001b0345b5/image_01.webp,#629AD7,#705F41,blue,blue,unknown,Unclear,False,False,False,False,Unclear,Unclear,unclear,,,neutral,,,,,,,,unknown,0.0,ok
GRP-XHS-68bbef51000000001b0345b5-02,68bbef51000000001b0345b5,GRP-XHS-68bbef51000000001b0345b5,#Gorpcore,当你像鸟飞往你的山,当你像鸟飞往你的山,2025-09-06,Dataset/xhs/xiaohongshu_images/Gorpcore/68bbef51000000001b0345b5/image_02.webp,#7C633A,#3674AF,yellow,yellow,unknown,Unclear,False,False,False,False,Unclear,Unclear,unclear,,,neutral,,,,,,,,unknown,0.0,ok
GRP-XHS-68bbef51000000001b0345b5-03,68bbef51000000001b0345b5,GRP-XHS-68bbef51000000001b0345b5,#Gorpcore,当你像鸟飞往你的山,当你像鸟飞往你的山,2025-09-06,Dataset/xhs/xiaohongshu_images/Gorpcore/68bbef51000000001b0345b5/image_03.webp,#5D8BC9,#474131,blue,blue,unknown,Unclear,False,False,False,False,Unclear,Unclear,unclear,,,neutral,,,,,,,,unknown,0.0,ok
GRP-XHS-68bbef51000000001b0345b5-04,68bbef51000000001b0345b5,GRP-XHS-68bbef51000000001b0345b5,#Gorpcore,当你像鸟飞往你的山,当你像鸟飞往你的山,2025-09-06,Dataset/xhs/xiaohongshu_images/Gorpcore/68bbef51000000001b0345b5/image_04.webp,#736342,#4F8BCD,brown,brown,unknown,Unclear,False,False,False,False,Unclear,Unclear,unclear,,,neutral,,,,,,,,unknown,0.0,ok
GRP-XHS-68bbef51000000001b0345b5-06,68bbef51000000001b0345b5,GRP-XHS-68bbef51000000001b0345b5,#Gorpcore,当你像鸟飞往你的山,当你像鸟飞往你的山,2025-09-06,Dataset/xhs/xiaohongshu_images/Gorpcore/68bbef51000000001b0345b5/image_06.webp,#796545,#5E8BC3,brown,brown,unknown,Unclear,False,False,False,False,Unclear,Unclear,unclear,,,neutral,,,,,,,,unknown,0.0,ok
GRP-XHS-68bbef51000000001b0345b5-08,68bbef51000000001b0345b5,GRP-XHS-68bbef51000000001b0345b5,#Gorpcore,当你像鸟飞往你的山,当你像鸟飞往你的山,2025-09-06,Dataset/xhs/xiaohongshu_images/Gorpcore/68bbef51000000001b0345b5/image_08.webp,#7F6A45,#4C83C3,yellow,yellow,unknown,Unclear,False,False,False,False,Unclear,Unclear,unclear,,,neutral,,,,,,,,unknown,0.0,ok
GRP-XHS-683437710000000021008566-01,683437710000000021008566,GRP-XHS-683437710000000021008566,#Gorpcore,你的“骆驼🐫”已上线…,你的“骆驼🐫”已上线…,2025-05-26,Dataset/xhs/xiaohongshu_images/Gorpcore/683437710000000021008566/image_01.webp,#2A2723,#BFB299,black,black,unknown,Unclear,False,False,False,False,Unclear,Unclear,unclear,,,neutral,,,,,,,,unknown,0.0,ok
GRP-XHS-683437710000000021008566-02,683437710000000021008566,GRP-XHS-683437710000000021008566,#Gorpcore,你的“骆驼🐫”已上线…,你的“骆驼🐫”已上线…,2025-05-26,Dataset/xhs/xiaohongshu_images/Gorpcore/683437710000000021008566/image_02.webp,#C3C1B8,#A29B87,gray,gray,unknown,Unclear,False,False,False,False,Unclear,Unclear,unclear,,,neutral,,,,,,,,unknown,0.0,ok
GRP-XHS-683437710000000021008566-03,683437710000000021008566,GRP-XHS-683437710000000021008566,#Gorpcore,你的“骆驼🐫”已上线…,你的“骆驼🐫”已上线…,2025-05-26,Dataset/xhs/xiaohongshu_images/Gorpcore/683437710000000021008566/image_03.webp,#0D0403,#2E201E,black,black,unknown,Unclear,False,False,False,False,Unclear,Unclear,unclear,,,neutral,,,,,,,,unknown,0.0,ok
GRP-XHS-683437710000000021008566-04,683437710000000021008566,GRP-XHS-683437710000000021008566,#Gorpcore,你的“骆驼🐫”已上线…,你的“骆驼🐫”已上线…,2025-05-26,Dataset/xhs/xiaohongshu_images/Gorpcore/683437710000000021008566/image_04.webp,#0D0403,#2D1F20,black,black,unknown,Unclear,False,False,False,False,Unclear,Unclear,unclear,,,neutral,,,,,,,,unknown,0.0,ok
GRP-XHS-683437710000000021008566-05,683437710000000021008566,GRP-XHS-683437710000000021008566,#Gorpcore,你的“骆驼🐫”已上线…,你的“骆驼🐫”已上线…,2025-05-26,Dataset/xhs/xiaohongshu_images/Gorpcore/683437710000000021008566/image_05.webp,#D8D1BB,#56483D,khaki,khaki_or_beige,unknown,Unclear,False,False,False,False,Unclear,Unclear,unclear,,,neutral,,,,,,,,unknown,0.0,ok
GRP-XHS-683437710000000021008566-06,683437710000000021008566,GRP-XHS-683437710000000021008566,#Gorpcore,你的“骆驼🐫”已上线…,你的“骆驼🐫”已上线…,2025-05-26,Dataset/xhs/xiaohongshu_images/Gorpcore/683437710000000021008566/image_06.webp,#A29483,#1D1B1A,orange,red_or_orange,unknown,Unclear,False,False,False,False,Unclear,Unclear,unclear,,,neutral,,,,,,,,unknown,0.0,ok
GRP-XHS-68835e78000000002400cc99-01,68835e78000000002400cc99,GRP-XHS-68835e78000000002400cc99,#Gorpcore,闯进现实版“绿野仙踪”,闯进现实版“绿野仙踪”,2025-07-28,Dataset/xhs/xiaohongshu_images/Gorpcore/68835e78000000002400cc99/image_01.webp,#78804C,#4D522D,olive,olive_or_green,unknown,Unclear,False,False,False,False,Unclear,Unclear,unclear,,,neutral,,,,,,,,unknown,0.0,ok
GRP-XHS-68835e78000000002400cc99-02,68835e78000000002400cc99,GRP-XHS-68835e78000000002400cc99,#Gorpcore,闯进现实版“绿野仙踪”,闯进现实版“绿野仙踪”,2025-07-28,Dataset/xhs/xiaohongshu_images/Gorpcore/68835e78000000002400cc99/image_02.webp,#191B1B,#D8C7B2,black,black,unknown,Unclear,False,False,False,False,Unclear,Unclear,unclear,,,neutral,,,,,,,,unknown,0.0,ok
GRP-XHS-68835e78000000002400cc99-04,68835e78000000002400cc99,GRP-XHS-68835e78000000002400cc99,#Gorpcore,闯进现实版“绿野仙踪”,闯进现实版“绿野仙踪”,2025-07-28,Dataset/xhs/xiaohongshu_images/Gorpcore/68835e78000000002400cc99/image_04.webp,#504E3A,#79765D,brown,brown,unknown,Unclear,False,False,False,False,Unclear,Unclear,unclear,,,neutral,,,,,,,,unknown,0.0,ok
GRP-XHS-68835e78000000002400cc99-06,68835e78000000002400cc99,GRP-XHS-68835e78000000002400cc99,#Gorpcore,闯进现实版“绿野仙踪”,闯进现实版“绿野仙踪”,2025-07-28,Dataset/xhs/xiaohongshu_images/Gorpcore/68835e78000000002400cc99/image_06.webp,#2F2214,#C0C786,orange,red_or_orange,unknown,Unclear,False,False,False,False,Unclear,Unclear,unclear,,,neutral,,,,,,,,unknown,0.0,ok
GRP-XHS-68835e78000000002400cc99-08,68835e78000000002400cc99,GRP-XHS-68835e78000000002400cc99,#Gorpcore,闯进现实版“绿野仙踪”,闯进现实版“绿野仙踪”,2025-07-28,Dataset/xhs/xiaohongshu_images/Gorpcore/68835e78000000002400cc99/image_08.webp,#1B3026,#3E6345,green,olive_or_green,unknown,Unclear,False,False,False,False,Unclear,Unclear,unclear,,,neutral,,,,,,,,unknown,0.0,ok
GRP-XHS-69d20d15000000001d01e8ae-01,69d20d15000000001d01e8ae,GRP-XHS-69d20d15000000001d01e8ae,#Gorpcore,适合早春假期的穿搭风格🍃City Gorpcore,适合早春假期的穿搭风格🍃City Gorpcore,2026-04-05,Dataset/xhs/xiaohongshu_images/Gorpcore/69d20d15000000001d01e8ae/image_01.webp,#817060,#B3A99D,orange,red_or_orange,unknown,Unclear,False,False,False,False,Unclear,Unclear,unclear,穿搭,,neutral,,,,,,,,unknown,0.0,ok
GRP-XHS-69d20d15000000001d01e8ae-02,69d20d15000000001d01e8ae,GRP-XHS-69d20d15000000001d01e8ae,#Gorpcore,适合早春假期的穿搭风格🍃City Gorpcore,适合早春假期的穿搭风格🍃City Gorpcore,2026-04-05,Dataset/xhs/xiaohongshu_images/Gorpcore/69d20d15000000001d01e8ae/image_02.webp,#DDDBD8,#A59783,white,white,unknown,Unclear,False,False,False,False,Unclear,Unclear,unclear,穿搭,,neutral,,,,,,,,unknown,0.0,ok
GRP-XHS-69d20d15000000001d01e8ae-03,69d20d15000000001d01e8ae,GRP-XHS-69d20d15000000001d01e8ae,#Gorpcore,适合早春假期的穿搭风格🍃City Gorpcore,适合早春假期的穿搭风格🍃City Gorpcore,2026-04-05,Dataset/xhs/xiaohongshu_images/Gorpcore/69d20d15000000001d01e8ae/image_03.webp,#191C1E,#ADAAA2,black,black,unknown,Unclear,False,False,False,False,Unclear,Unclear,unclear,穿搭,,neutral,,,,,,,,unknown,0.0,ok
GRP-XHS-69d20d15000000001d01e8ae-04,69d20d15000000001d01e8ae,GRP-XHS-69d20d15000000001d01e8ae,#Gorpcore,适合早春假期的穿搭风格🍃City Gorpcore,适合早春假期的穿搭风格🍃City Gorpcore,2026-04-05,Dataset/xhs/xiaohongshu_images/Gorpcore/69d20d15000000001d01e8ae/image_04.webp,#A1A29E,#80807C,gray,gray,unknown,Unclear,False,False,False,False,Unclear,Unclear,unclear,穿搭,,neutral,,,,,,,,unknown,0.0,ok
GRP-XHS-69d20d15000000001d01e8ae-05,69d20d15000000001d01e8ae,GRP-XHS-69d20d15000000001d01e8ae,#Gorpcore,适合早春假期的穿搭风格🍃City Gorpcore,适合早春假期的穿搭风格🍃City Gorpcore,2026-04-05,Dataset/xhs/xiaohongshu_images/Gorpcore/69d20d15000000001d01e8ae/image_05.webp,#918E85,#A7A49C,gray,gray,unknown,Unclear,False,False,False,False,Unclear,Unclear,unclear,穿搭,,neutral,,,,,,,,unknown,0.0,ok
GRP-XHS-69d20d15000000001d01e8ae-06,69d20d15000000001d01e8ae,GRP-XHS-69d20d15000000001d01e8ae,#Gorpcore,适合早春假期的穿搭风格🍃City Gorpcore,适合早春假期的穿搭风格🍃City Gorpcore,2026-04-05,Dataset/xhs/xiaohongshu_images/Gorpcore/69d20d15000000001d01e8ae/image_06.webp,#B9B8AC,#DCE0D3,gray,gray,unknown,Unclear,False,False,False,False,Unclear,Unclear,unclear,穿搭,,neutral,,,,,,,,unknown,0.0,ok
GRP-XHS-69d20d15000000001d01e8ae-07,69d20d15000000001d01e8ae,GRP-XHS-69d20d15000000001d01e8ae,#Gorpcore,适合早春假期的穿搭风格🍃City Gorpcore,适合早春假期的穿搭风格🍃City Gorpcore,2026-04-05,Dataset/xhs/xiaohongshu_images/Gorpcore/69d20d15000000001d01e8ae/image_07.webp,#B6A891,#836F5C,khaki,khaki_or_beige,unknown,Unclear,False,False,False,False,Unclear,Unclear,unclear,穿搭,,neutral,,,,,,,,unknown,0.0,ok
GRP-XHS-69d20d15000000001d01e8ae-08,69d20d15000000001d01e8ae,GRP-XHS-69d20d15000000001d01e8ae,#Gorpcore,适合早春假期的穿搭风格🍃City Gorpcore,适合早春假期的穿搭风格🍃City Gorpcore,2026-04-05,Dataset/xhs/xiaohongshu_images/Gorpcore/69d20d15000000001d01e8ae/image_08.webp,#060B0C,#D5C9CC,black,black,unknown,Unclear,False,False,False,False,Unclear,Unclear,unclear,穿搭,,neutral,,,,,,,,unknown,0.0,ok
GRP-XHS-69d20d15000000001d01e8ae-09,69d20d15000000001d01e8ae,GRP-XHS-69d20d15000000001d01e8ae,#Gorpcore,适合早春假期的穿搭风格🍃City Gorpcore,适合早春假期的穿搭风格🍃City Gorpcore,2026-04-05,Dataset/xhs/xiaohongshu_images/Gorpcore/69d20d15000000001d01e8ae/image_09.webp,#D2D0CF,#B6B0AA,white,white,unknown,Unclear,False,False,False,False,Unclear,Unclear,unclear,穿搭,,neutral,,,,,,,,unknown,0.0,ok
GRP-XHS-69d20d15000000001d01e8ae-10,69d20d15000000001d01e8ae,GRP-XHS-69d20d15000000001d01e8ae,#Gorpcore,适合早春假期的穿搭风格🍃City Gorpcore,适合早春假期的穿搭风格🍃City Gorpcore,2026-04-05,Dataset/xhs/xiaohongshu_images/Gorpcore/69d20d15000000001d01e8ae/image_10.webp,#DDD9D0,#CAC4BA,white,white,unknown,Unclear,False,False,False,False,Unclear,Unclear,unclear,穿搭,,neutral,,,,,,,,unknown,0.0,ok
GRP-XHS-69d20d15000000001d01e8ae-11,69d20d15000000001d01e8ae,GRP-XHS-69d20d15000000001d01e8ae,#Gorpcore,适合早春假期的穿搭风格🍃City Gorpcore,适合早春假期的穿搭风格🍃City Gorpcore,2026-04-05,Dataset/xhs/xiaohongshu_images/Gorpcore/69d20d15000000001d01e8ae/image_11.webp,#261F25,#61524C,black,black,unknown,Unclear,False,False,False,False,Unclear,Unclear,unclear,穿搭,,neutral,,,,,,,,unknown,0.0,ok
GRP-XHS-69d20d15000000001d01e8ae-12,69d20d15000000001d01e8ae,GRP-XHS-69d20d15000000001d01e8ae,#Gorpcore,适合早春假期的穿搭风格🍃City Gorpcore,适合早春假期的穿搭风格🍃City Gorpcore,2026-04-05,Dataset/xhs/xiaohongshu_images/Gorpcore/69d20d15000000001d01e8ae/image_12.webp,#7B6E61,#1D1E20,orange,red_or_orange,unknown,Unclear,False,False,False,False,Unclear,Unclear,unclear,穿搭,,neutral,,,,,,,,unknown,0.0,ok
GRP-XHS-69d20d15000000001d01e8ae-13,69d20d15000000001d01e8ae,GRP-XHS-69d20d15000000001d01e8ae,#Gorpcore,适合早春假期的穿搭风格🍃City Gorpcore,适合早春假期的穿搭风格🍃City Gorpcore,2026-04-05,Dataset/xhs/xiaohongshu_images/Gorpcore/69d20d15000000001d01e8ae/image_13.webp,#FFFFFF,#E6E4D9,white,white,unknown,Unclear,False,False,False,False,Unclear,Unclear,unclear,穿搭,,neutral,,,,,,,,unknown,0.0,ok
GRP-XHS-6a0940aa000000000803f9e3-01,6a0940aa000000000803f9e3,GRP-XHS-6a0940aa000000000803f9e3,#Gorpcore,,你在多大程度上会推荐他人使用网页版小红书？,2026-05-18,Dataset/xhs/xiaohongshu_images/Gorpcore/6a0940aa000000000803f9e3/image_01.webp,#A08F80,#D4D3D2,orange,red_or_orange,unknown,Unclear,False,False,False,False,Unclear,Unclear,unclear,红,,positive,1.0,红,,,,,,unknown,0.0,ok
GRP-XHS-6936cb07000000001e0062c4-01,6936cb07000000001e0062c4,GRP-XHS-6936cb07000000001e0062c4,#Gorpcore,记录1️⃣次山野徒步,记录1️⃣次山野徒步,2025-12-10,Dataset/xhs/xiaohongshu_images/Gorpcore/6936cb07000000001e0062c4/image_01.webp,#2F322C,#0D0F0D,green,olive_or_green,unknown,Unclear,False,False,False,False,Unclear,Outdoor,unclear,徒步,,neutral,,,,,徒步,,0.4,text_heuristic,0.4,ok
GRP-XHS-6936cb07000000001e0062c4-02,6936cb07000000001e0062c4,GRP-XHS-6936cb07000000001e0062c4,#Gorpcore,记录1️⃣次山野徒步,记录1️⃣次山野徒步,2025-12-10,Dataset/xhs/xiaohongshu_images/Gorpcore/6936cb07000000001e0062c4/image_02.webp,#293224,#4C5944,green,olive_or_green,unknown,Unclear,False,False,False,False,Unclear,Outdoor,unclear,徒步,,neutral,,,,,徒步,,0.4,text_heuristic,0.4,ok
GRP-XHS-6936cb07000000001e0062c4-03,6936cb07000000001e0062c4,GRP-XHS-6936cb07000000001e0062c4,#Gorpcore,记录1️⃣次山野徒步,记录1️⃣次山野徒步,2025-12-10,Dataset/xhs/xiaohongshu_images/Gorpcore/6936cb07000000001e0062c4/image_03.webp,#292E23,#484E43,black,black,unknown,Unclear,False,False,False,False,Unclear,Outdoor,unclear,徒步,,neutral,,,,,徒步,,0.4,text_heuristic,0.4,ok
GRP-XHS-6936cb07000000001e0062c4-04,6936cb07000000001e0062c4,GRP-XHS-6936cb07000000001e0062c4,#Gorpcore,记录1️⃣次山野徒步,记录1️⃣次山野徒步,2025-12-10,Dataset/xhs/xiaohongshu_images/Gorpcore/6936cb07000000001e0062c4/image_04.webp,#3D423E,#1E2121,gray,gray,unknown,Unclear,False,False,False,False,Unclear,Outdoor,unclear,徒步,,neutral,,,,,徒步,,0.4,text_heuristic,0.4,ok
GRP-XHS-6936cb07000000001e0062c4-05,6936cb07000000001e0062c4,GRP-XHS-6936cb07000000001e0062c4,#Gorpcore,记录1️⃣次山野徒步,记录1️⃣次山野徒步,2025-12-10,Dataset/xhs/xiaohongshu_images/Gorpcore/6936cb07000000001e0062c4/image_05.webp,#737766,#4B5248,olive,olive_or_green,unknown,Unclear,False,False,False,False,Unclear,Outdoor,unclear,徒步,,neutral,,,,,徒步,,0.4,text_heuristic,0.4,ok
GRP-XHS-6936cb07000000001e0062c4-06,6936cb07000000001e0062c4,GRP-XHS-6936cb07000000001e0062c4,#Gorpcore,记录1️⃣次山野徒步,记录1️⃣次山野徒步,2025-12-10,Dataset/xhs/xiaohongshu_images/Gorpcore/6936cb07000000001e0062c4/image_06.webp,#6F6C55,#1B1E1A,brown,brown,unknown,Unclear,False,False,False,False,Unclear,Outdoor,unclear,徒步,,neutral,,,,,徒步,,0.4,text_heuristic,0.4,ok
GRP-XHS-6936cb07000000001e0062c4-07,6936cb07000000001e0062c4,GRP-XHS-6936cb07000000001e0062c4,#Gorpcore,记录1️⃣次山野徒步,记录1️⃣次山野徒步,2025-12-10,Dataset/xhs/xiaohongshu_images/Gorpcore/6936cb07000000001e0062c4/image_07.webp,#728492,#0F0E0B,blue,blue,unknown,Unclear,False,False,False,False,Unclear,Outdoor,unclear,徒步,,neutral,,,,,徒步,,0.4,text_heuristic,0.4,ok
GRP-XHS-6936cb07000000001e0062c4-08,6936cb07000000001e0062c4,GRP-XHS-6936cb07000000001e0062c4,#Gorpcore,记录1️⃣次山野徒步,记录1️⃣次山野徒步,2025-12-10,Dataset/xhs/xiaohongshu_images/Gorpcore/6936cb07000000001e0062c4/image_08.webp,#96A690,#374134,green,olive_or_green,unknown,Unclear,False,False,False,False,Unclear,Outdoor,unclear,徒步,,neutral,,,,,徒步,,0.4,text_heuristic,0.4,ok
GRP-XHS-6a02ee460000000038037c4e-01,6a02ee460000000038037c4e,GRP-XHS-6a02ee460000000038037c4e,#Gorpcore,#街头机能美学,#街头机能美学,2026-05-12,Dataset/xhs/xiaohongshu_images/Gorpcore/6a02ee460000000038037c4e/image_01.webp,#F9F6F3,#413F3B,white,white,unknown,Unclear,False,False,False,False,Unclear,Unclear,unclear,,,neutral,,,,,,,,unknown,0.0,ok
GRP-XHS-6a02ee460000000038037c4e-02,6a02ee460000000038037c4e,GRP-XHS-6a02ee460000000038037c4e,#Gorpcore,#街头机能美学,#街头机能美学,2026-05-12,Dataset/xhs/xiaohongshu_images/Gorpcore/6a02ee460000000038037c4e/image_02.webp,#FEFEFE,#E8E8E8,white,white,unknown,Unclear,False,False,False,False,Unclear,Unclear,unclear,,,neutral,,,,,,,,unknown,0.0,ok
GRP-XHS-6a02ee460000000038037c4e-03,6a02ee460000000038037c4e,GRP-XHS-6a02ee460000000038037c4e,#Gorpcore,#街头机能美学,#街头机能美学,2026-05-12,Dataset/xhs/xiaohongshu_images/Gorpcore/6a02ee460000000038037c4e/image_03.webp,#FEFEFE,#BBB8B1,white,white,unknown,Unclear,False,False,False,False,Unclear,Unclear,unclear,,,neutral,,,,,,,,unknown,0.0,ok
GRP-XHS-6a02ee460000000038037c4e-04,6a02ee460000000038037c4e,GRP-XHS-6a02ee460000000038037c4e,#Gorpcore,#街头机能美学,#街头机能美学,2026-05-12,Dataset/xhs/xiaohongshu_images/Gorpcore/6a02ee460000000038037c4e/image_04.webp,#FDFDFD,#E9E9E9,white,white,unknown,Unclear,False,False,False,False,Unclear,Unclear,unclear,,,neutral,,,,,,,,unknown,0.0,ok
GRP-XHS-68442fd9000000002300c389-01,68442fd9000000002300c389,GRP-XHS-68442fd9000000002300c389,#Gorpcore,帅就完了,帅就完了,2025-06-08,Dataset/xhs/xiaohongshu_images/Gorpcore/68442fd9000000002300c389/image_01.webp,#D6D4CF,#606450,white,white,unknown,Unclear,False,False,False,False,Unclear,Unclear,unclear,,,neutral,,,,,,,,unknown,0.0,ok
GRP-XHS-68442fd9000000002300c389-02,68442fd9000000002300c389,GRP-XHS-68442fd9000000002300c389,#Gorpcore,帅就完了,帅就完了,2025-06-08,Dataset/xhs/xiaohongshu_images/Gorpcore/68442fd9000000002300c389/image_02.webp,#22251E,#696462,black,black,unknown,Unclear,False,False,False,False,Unclear,Unclear,unclear,,,neutral,,,,,,,,unknown,0.0,ok
GRP-XHS-68442fd9000000002300c389-03,68442fd9000000002300c389,GRP-XHS-68442fd9000000002300c389,#Gorpcore,帅就完了,帅就完了,2025-06-08,Dataset/xhs/xiaohongshu_images/Gorpcore/68442fd9000000002300c389/image_03.webp,#4F3E22,#231B0E,brown,brown,unknown,Unclear,False,False,False,False,Unclear,Unclear,unclear,,,neutral,,,,,,,,unknown,0.0,ok
GRP-XHS-68442fd9000000002300c389-04,68442fd9000000002300c389,GRP-XHS-68442fd9000000002300c389,#Gorpcore,帅就完了,帅就完了,2025-06-08,Dataset/xhs/xiaohongshu_images/Gorpcore/68442fd9000000002300c389/image_04.webp,#535740,#1B1E18,olive,olive_or_green,unknown,Unclear,False,False,False,False,Unclear,Unclear,unclear,,,neutral,,,,,,,,unknown,0.0,ok
GRP-XHS-6a0c3bbd0000000006022c83-01,6a0c3bbd0000000006022c83,GRP-XHS-6a0c3bbd0000000006022c83,#Gorpcore,OOTD｜今日工装boy,OOTD｜今日工装boy,2026-05-20,Dataset/xhs/xiaohongshu_images/Gorpcore/6a0c3bbd0000000006022c83/image_01.webp,#1A1A15,#94928B,black,black,unknown,Unclear,False,False,False,False,Unclear,Unclear,unclear,工装,,neutral,,,,,,,,unknown,0.0,ok
GRP-XHS-6a0c3bbd0000000006022c83-02,6a0c3bbd0000000006022c83,GRP-XHS-6a0c3bbd0000000006022c83,#Gorpcore,OOTD｜今日工装boy,OOTD｜今日工装boy,2026-05-20,Dataset/xhs/xiaohongshu_images/Gorpcore/6a0c3bbd0000000006022c83/image_02.webp,#1D1C17,#4B473F,black,black,unknown,Unclear,False,False,False,False,Unclear,Unclear,unclear,工装,,neutral,,,,,,,,unknown,0.0,ok
GRP-XHS-6a0c3bbd0000000006022c83-05,6a0c3bbd0000000006022c83,GRP-XHS-6a0c3bbd0000000006022c83,#Gorpcore,OOTD｜今日工装boy,OOTD｜今日工装boy,2026-05-20,Dataset/xhs/xiaohongshu_images/Gorpcore/6a0c3bbd0000000006022c83/image_05.webp,#1F1E18,#4D4B42,black,black,unknown,Unclear,False,False,False,False,Unclear,Unclear,unclear,工装,,neutral,,,,,,,,unknown,0.0,ok
GRP-XHS-69ecc624000000001f0000ed-01,69ecc624000000001f0000ed,GRP-XHS-69ecc624000000001f0000ed,#Gorpcore,请选择你的户外穿搭！,请选择你的户外穿搭！,2026-04-25,Dataset/xhs/xiaohongshu_images/Gorpcore/69ecc624000000001f0000ed/image_01.webp,#1C1D1D,#474342,black,black,unknown,Unclear,False,False,False,False,Unclear,Outdoor,unclear,穿搭 | 户外,,neutral,,,,,户外,,0.4,text_heuristic,0.4,ok
GRP-XHS-69ecc624000000001f0000ed-03,69ecc624000000001f0000ed,GRP-XHS-69ecc624000000001f0000ed,#Gorpcore,请选择你的户外穿搭！,请选择你的户外穿搭！,2026-04-25,Dataset/xhs/xiaohongshu_images/Gorpcore/69ecc624000000001f0000ed/image_03.webp,#353A3E,#151819,blue,blue,unknown,Unclear,False,False,False,False,Unclear,Outdoor,unclear,穿搭 | 户外,,neutral,,,,,户外,,0.4,text_heuristic,0.4,ok
GRP-XHS-69ecc624000000001f0000ed-04,69ecc624000000001f0000ed,GRP-XHS-69ecc624000000001f0000ed,#Gorpcore,请选择你的户外穿搭！,请选择你的户外穿搭！,2026-04-25,Dataset/xhs/xiaohongshu_images/Gorpcore/69ecc624000000001f0000ed/image_04.webp,#15161A,#8B96A5,black,black,unknown,Unclear,False,False,False,False,Unclear,Outdoor,unclear,穿搭 | 户外,,neutral,,,,,户外,,0.4,text_heuristic,0.4,ok
GRP-XHS-69ecc624000000001f0000ed-07,69ecc624000000001f0000ed,GRP-XHS-69ecc624000000001f0000ed,#Gorpcore,请选择你的户外穿搭！,请选择你的户外穿搭！,2026-04-25,Dataset/xhs/xiaohongshu_images/Gorpcore/69ecc624000000001f0000ed/image_07.webp,#252622,#575854,black,black,unknown,Unclear,False,False,False,False,Unclear,Outdoor,unclear,穿搭 | 户外,,neutral,,,,,户外,,0.4,text_heuristic,0.4,ok
GRP-XHS-69ecc624000000001f0000ed-08,69ecc624000000001f0000ed,GRP-XHS-69ecc624000000001f0000ed,#Gorpcore,请选择你的户外穿搭！,请选择你的户外穿搭！,2026-04-25,Dataset/xhs/xiaohongshu_images/Gorpcore/69ecc624000000001f0000ed/image_08.webp,#5E83B0,#3A608F,blue,blue,unknown,Unclear,False,False,False,False,Unclear,Outdoor,unclear,穿搭 | 户外,,neutral,,,,,户外,,0.4,text_heuristic,0.4,ok
GRP-XHS-69ecc624000000001f0000ed-09,69ecc624000000001f0000ed,GRP-XHS-69ecc624000000001f0000ed,#Gorpcore,请选择你的户外穿搭！,请选择你的户外穿搭！,2026-04-25,Dataset/xhs/xiaohongshu_images/Gorpcore/69ecc624000000001f0000ed/image_09.webp,#5E7994,#2D2621,blue,blue,unknown,Unclear,False,False,False,False,Unclear,Outdoor,unclear,穿搭 | 户外,,neutral,,,,,户外,,0.4,text_heuristic,0.4,ok
GRP-XHS-6a0d81eb000000003502dcf1-01,6a0d81eb000000003502dcf1,GRP-XHS-6a0d81eb000000003502dcf1,#Gorpcore,变成葱吧！我！,变成葱吧！我！,2026-05-21,Dataset/xhs/xiaohongshu_images/Gorpcore/6a0d81eb000000003502dcf1/image_01.webp,#857259,#B89866,orange,red_or_orange,unknown,Unclear,False,False,False,False,Unclear,Unclear,unclear,,,neutral,,,,,,,,unknown,0.0,ok
GRP-XHS-69d3a506000000001d01bf7c-01,69d3a506000000001d01bf7c,GRP-XHS-69d3a506000000001d01bf7c,#Gorpcore,在外如何一眼记住你,在外如何一眼记住你,2026-04-06,Dataset/xhs/xiaohongshu_images/Gorpcore/69d3a506000000001d01bf7c/image_01.webp,#787672,#201C14,gray,gray,unknown,Unclear,False,False,False,False,Unclear,Unclear,unclear,,,neutral,,,,,,,,unknown,0.0,ok
GRP-XHS-69d3a506000000001d01bf7c-03,69d3a506000000001d01bf7c,GRP-XHS-69d3a506000000001d01bf7c,#Gorpcore,在外如何一眼记住你,在外如何一眼记住你,2026-04-06,Dataset/xhs/xiaohongshu_images/Gorpcore/69d3a506000000001d01bf7c/image_03.webp,#5C5248,#231C1B,orange,red_or_orange,unknown,Unclear,False,False,False,False,Unclear,Unclear,unclear,,,neutral,,,,,,,,unknown,0.0,ok
GRP-XHS-69d3a506000000001d01bf7c-05,69d3a506000000001d01bf7c,GRP-XHS-69d3a506000000001d01bf7c,#Gorpcore,在外如何一眼记住你,在外如何一眼记住你,2026-04-06,Dataset/xhs/xiaohongshu_images/Gorpcore/69d3a506000000001d01bf7c/image_05.webp,#1F1B14,#A6A4A0,black,black,unknown,Unclear,False,False,False,False,Unclear,Unclear,unclear,,,neutral,,,,,,,,unknown,0.0,ok
GRP-XHS-69d3a506000000001d01bf7c-06,69d3a506000000001d01bf7c,GRP-XHS-69d3a506000000001d01bf7c,#Gorpcore,在外如何一眼记住你,在外如何一眼记住你,2026-04-06,Dataset/xhs/xiaohongshu_images/Gorpcore/69d3a506000000001d01bf7c/image_06.webp,#A09D98,#BCB9B5,gray,gray,unknown,Unclear,False,False,False,False,Unclear,Unclear,unclear,,,neutral,,,,,,,,unknown,0.0,ok
GRP-XHS-69259203000000001e0372c2-01,69259203000000001e0372c2,GRP-XHS-69259203000000001e0372c2,#Gorpcore,城市也能实现徒步十公里,城市也能实现徒步十公里,2025-11-25,Dataset/xhs/xiaohongshu_images/Gorpcore/69259203000000001e0372c2/image_01.webp,#0E0F10,#825943,black,black,unknown,Unclear,False,False,False,False,Unclear,Urban_Commute,unclear,城市 | 徒步,,neutral,,,,,城市 | 徒步,,0.4,text_heuristic,0.4,ok
GRP-XHS-69259203000000001e0372c2-02,69259203000000001e0372c2,GRP-XHS-69259203000000001e0372c2,#Gorpcore,城市也能实现徒步十公里,城市也能实现徒步十公里,2025-11-25,Dataset/xhs/xiaohongshu_images/Gorpcore/69259203000000001e0372c2/image_02.webp,#0B0D0D,#212729,black,black,unknown,Unclear,False,False,False,False,Unclear,Urban_Commute,unclear,城市 | 徒步,,neutral,,,,,城市 | 徒步,,0.4,text_heuristic,0.4,ok
GRP-XHS-69259203000000001e0372c2-03,69259203000000001e0372c2,GRP-XHS-69259203000000001e0372c2,#Gorpcore,城市也能实现徒步十公里,城市也能实现徒步十公里,2025-11-25,Dataset/xhs/xiaohongshu_images/Gorpcore/69259203000000001e0372c2/image_03.webp,#121314,#8D6B55,black,black,unknown,Unclear,False,False,False,False,Unclear,Urban_Commute,unclear,城市 | 徒步,,neutral,,,,,城市 | 徒步,,0.4,text_heuristic,0.4,ok
GRP-XHS-69259203000000001e0372c2-04,69259203000000001e0372c2,GRP-XHS-69259203000000001e0372c2,#Gorpcore,城市也能实现徒步十公里,城市也能实现徒步十公里,2025-11-25,Dataset/xhs/xiaohongshu_images/Gorpcore/69259203000000001e0372c2/image_04.webp,#09090A,#1B1D1F,black,black,unknown,Unclear,False,False,False,False,Unclear,Urban_Commute,unclear,城市 | 徒步,,neutral,,,,,城市 | 徒步,,0.4,text_heuristic,0.4,ok
GRP-XHS-69259203000000001e0372c2-05,69259203000000001e0372c2,GRP-XHS-69259203000000001e0372c2,#Gorpcore,城市也能实现徒步十公里,城市也能实现徒步十公里,2025-11-25,Dataset/xhs/xiaohongshu_images/Gorpcore/69259203000000001e0372c2/image_05.webp,#080909,#191C1D,black,black,unknown,Unclear,False,False,False,False,Unclear,Urban_Commute,unclear,城市 | 徒步,,neutral,,,,,城市 | 徒步,,0.4,text_heuristic,0.4,ok
GRP-XHS-6975edd2000000002800b5c8-01,6975edd2000000002800b5c8,GRP-XHS-6975edd2000000002800b5c8,#Gorpcore,Gorpcore风｜春季松弛感穿搭,Gorpcore风｜春季松弛感穿搭,2026-01-25,Dataset/xhs/xiaohongshu_images/Gorpcore/6975edd2000000002800b5c8/image_01.webp,#817D6A,#A5A091,khaki,khaki_or_beige,unknown,Unclear,False,False,False,False,Unclear,Unclear,unclear,穿搭,,neutral,,,,,,,,unknown,0.0,ok
GRP-XHS-6975edd2000000002800b5c8-02,6975edd2000000002800b5c8,GRP-XHS-6975edd2000000002800b5c8,#Gorpcore,Gorpcore风｜春季松弛感穿搭,Gorpcore风｜春季松弛感穿搭,2026-01-25,Dataset/xhs/xiaohongshu_images/Gorpcore/6975edd2000000002800b5c8/image_02.webp,#7A7664,#9F998F,brown,brown,unknown,Unclear,False,False,False,False,Unclear,Unclear,unclear,穿搭,,neutral,,,,,,,,unknown,0.0,ok
GRP-XHS-6975edd2000000002800b5c8-03,6975edd2000000002800b5c8,GRP-XHS-6975edd2000000002800b5c8,#Gorpcore,Gorpcore风｜春季松弛感穿搭,Gorpcore风｜春季松弛感穿搭,2026-01-25,Dataset/xhs/xiaohongshu_images/Gorpcore/6975edd2000000002800b5c8/image_03.webp,#84806C,#A19C8C,khaki,khaki_or_beige,unknown,Unclear,False,False,False,False,Unclear,Unclear,unclear,穿搭,,neutral,,,,,,,,unknown,0.0,ok
GRP-XHS-6975edd2000000002800b5c8-04,6975edd2000000002800b5c8,GRP-XHS-6975edd2000000002800b5c8,#Gorpcore,Gorpcore风｜春季松弛感穿搭,Gorpcore风｜春季松弛感穿搭,2026-01-25,Dataset/xhs/xiaohongshu_images/Gorpcore/6975edd2000000002800b5c8/image_04.webp,#908C78,#B4AEA3,khaki,khaki_or_beige,unknown,Unclear,False,False,False,False,Unclear,Unclear,unclear,穿搭,,neutral,,,,,,,,unknown,0.0,ok
GRP-XHS-6975edd2000000002800b5c8-05,6975edd2000000002800b5c8,GRP-XHS-6975edd2000000002800b5c8,#Gorpcore,Gorpcore风｜春季松弛感穿搭,Gorpcore风｜春季松弛感穿搭,2026-01-25,Dataset/xhs/xiaohongshu_images/Gorpcore/6975edd2000000002800b5c8/image_05.webp,#85826F,#AAA595,khaki,khaki_or_beige,unknown,Unclear,False,False,False,False,Unclear,Unclear,unclear,穿搭,,neutral,,,,,,,,unknown,0.0,ok
GRP-XHS-6975edd2000000002800b5c8-06,6975edd2000000002800b5c8,GRP-XHS-6975edd2000000002800b5c8,#Gorpcore,Gorpcore风｜春季松弛感穿搭,Gorpcore风｜春季松弛感穿搭,2026-01-25,Dataset/xhs/xiaohongshu_images/Gorpcore/6975edd2000000002800b5c8/image_06.webp,#97927C,#787260,khaki,khaki_or_beige,unknown,Unclear,False,False,False,False,Unclear,Unclear,unclear,穿搭,,neutral,,,,,,,,unknown,0.0,ok
GRP-XHS-6975edd2000000002800b5c8-07,6975edd2000000002800b5c8,GRP-XHS-6975edd2000000002800b5c8,#Gorpcore,Gorpcore风｜春季松弛感穿搭,Gorpcore风｜春季松弛感穿搭,2026-01-25,Dataset/xhs/xiaohongshu_images/Gorpcore/6975edd2000000002800b5c8/image_07.webp,#908A6F,#AAA68E,khaki,khaki_or_beige,unknown,Unclear,False,False,False,False,Unclear,Unclear,unclear,穿搭,,neutral,,,,,,,,unknown,0.0,ok
GRP-XHS-69ee18a6000000001f00585d-01,69ee18a6000000001f00585d,GRP-XHS-69ee18a6000000001f00585d,#Gorpcore,Nouveau Project SS26,Nouveau Project SS26,2026-04-26,Dataset/xhs/xiaohongshu_images/Gorpcore/69ee18a6000000001f00585d/image_01.webp,#BDBAB3,#918C85,gray,gray,unknown,Unclear,False,False,False,False,Unclear,Unclear,unclear,,,neutral,,,,,,,,unknown,0.0,ok
GRP-XHS-69ee18a6000000001f00585d-02,69ee18a6000000001f00585d,GRP-XHS-69ee18a6000000001f00585d,#Gorpcore,Nouveau Project SS26,Nouveau Project SS26,2026-04-26,Dataset/xhs/xiaohongshu_images/Gorpcore/69ee18a6000000001f00585d/image_02.webp,#6D6B66,#C5C6C6,gray,gray,unknown,Unclear,False,False,False,False,Unclear,Unclear,unclear,,,neutral,,,,,,,,unknown,0.0,ok
GRP-XHS-69ee18a6000000001f00585d-04,69ee18a6000000001f00585d,GRP-XHS-69ee18a6000000001f00585d,#Gorpcore,Nouveau Project SS26,Nouveau Project SS26,2026-04-26,Dataset/xhs/xiaohongshu_images/Gorpcore/69ee18a6000000001f00585d/image_04.webp,#D2CEC7,#B9AFA4,white,white,unknown,Unclear,False,False,False,False,Unclear,Unclear,unclear,,,neutral,,,,,,,,unknown,0.0,ok
GRP-XHS-69ee18a6000000001f00585d-05,69ee18a6000000001f00585d,GRP-XHS-69ee18a6000000001f00585d,#Gorpcore,Nouveau Project SS26,Nouveau Project SS26,2026-04-26,Dataset/xhs/xiaohongshu_images/Gorpcore/69ee18a6000000001f00585d/image_05.webp,#CFC8B9,#5E646B,gray,gray,unknown,Unclear,False,False,False,False,Unclear,Unclear,unclear,,,neutral,,,,,,,,unknown,0.0,ok
GRP-XHS-69ee18a6000000001f00585d-06,69ee18a6000000001f00585d,GRP-XHS-69ee18a6000000001f00585d,#Gorpcore,Nouveau Project SS26,Nouveau Project SS26,2026-04-26,Dataset/xhs/xiaohongshu_images/Gorpcore/69ee18a6000000001f00585d/image_06.webp,#CFCBC0,#707170,gray,gray,unknown,Unclear,False,False,False,False,Unclear,Unclear,unclear,,,neutral,,,,,,,,unknown,0.0,ok
GRP-XHS-69ee18a6000000001f00585d-07,69ee18a6000000001f00585d,GRP-XHS-69ee18a6000000001f00585d,#Gorpcore,Nouveau Project SS26,Nouveau Project SS26,2026-04-26,Dataset/xhs/xiaohongshu_images/Gorpcore/69ee18a6000000001f00585d/image_07.webp,#B5B2AE,#CECCC9,gray,gray,unknown,Unclear,False,False,False,False,Unclear,Unclear,unclear,,,neutral,,,,,,,,unknown,0.0,ok
GRP-XHS-69ee18a6000000001f00585d-08,69ee18a6000000001f00585d,GRP-XHS-69ee18a6000000001f00585d,#Gorpcore,Nouveau Project SS26,Nouveau Project SS26,2026-04-26,Dataset/xhs/xiaohongshu_images/Gorpcore/69ee18a6000000001f00585d/image_08.webp,#766F60,#D9D6D1,brown,brown,unknown,Unclear,False,False,False,False,Unclear,Unclear,unclear,,,neutral,,,,,,,,unknown,0.0,ok
GRP-XHS-69ee18a6000000001f00585d-09,69ee18a6000000001f00585d,GRP-XHS-69ee18a6000000001f00585d,#Gorpcore,Nouveau Project SS26,Nouveau Project SS26,2026-04-26,Dataset/xhs/xiaohongshu_images/Gorpcore/69ee18a6000000001f00585d/image_09.webp,#75665B,#E0D8C2,orange,red_or_orange,unknown,Unclear,False,False,False,False,Unclear,Unclear,unclear,,,neutral,,,,,,,,unknown,0.0,ok
GRP-XHS-683e7d20000000002100c440-01,683e7d20000000002100c440,GRP-XHS-683e7d20000000002100c440,#Gorpcore,*Gorpcore|解锁城市户外穿搭🧗,*Gorpcore|解锁城市户外穿搭🧗,2025-06-03,Dataset/xhs/xiaohongshu_images/Gorpcore/683e7d20000000002100c440/image_01.webp,#796045,#DABD9A,orange,red_or_orange,unknown,Unclear,False,False,False,False,Unclear,Urban_Commute,unclear,穿搭 | 户外 | 城市,,neutral,,,,,城市 | 户外,,0.4,text_heuristic,0.4,ok
GRP-XHS-6a0ed78f0000000035022f85-03,6a0ed78f0000000035022f85,GRP-XHS-6a0ed78f0000000035022f85,#Gorpcore,一键解锁gorpcore穿搭,一键解锁gorpcore穿搭,2026-05-22,Dataset/xhs/xiaohongshu_images/Gorpcore/6a0ed78f0000000035022f85/image_03.webp,#F7F7F7,#3C3E41,white,white,unknown,Unclear,False,False,False,False,Unclear,Unclear,unclear,gorpcore | gorp | 穿搭,,neutral,,,,,,,,unknown,0.0,ok
GRP-XHS-6a0ed78f0000000035022f85-04,6a0ed78f0000000035022f85,GRP-XHS-6a0ed78f0000000035022f85,#Gorpcore,一键解锁gorpcore穿搭,一键解锁gorpcore穿搭,2026-05-22,Dataset/xhs/xiaohongshu_images/Gorpcore/6a0ed78f0000000035022f85/image_04.webp,#F7F7F7,#2E3033,white,white,unknown,Unclear,False,False,False,False,Unclear,Unclear,unclear,gorpcore | gorp | 穿搭,,neutral,,,,,,,,unknown,0.0,ok
GRP-XHS-6a0ed78f0000000035022f85-05,6a0ed78f0000000035022f85,GRP-XHS-6a0ed78f0000000035022f85,#Gorpcore,一键解锁gorpcore穿搭,一键解锁gorpcore穿搭,2026-05-22,Dataset/xhs/xiaohongshu_images/Gorpcore/6a0ed78f0000000035022f85/image_05.webp,#F7F7F7,#1A1C1F,white,white,unknown,Unclear,False,False,False,False,Unclear,Unclear,unclear,gorpcore | gorp | 穿搭,,neutral,,,,,,,,unknown,0.0,ok
GRP-XHS-6900448b0000000005002ba0-01,6900448b0000000005002ba0,GRP-XHS-6900448b0000000005002ba0,#Gorpcore,很冷的感觉…,很冷的感觉…,2025-11-03,Dataset/xhs/xiaohongshu_images/Gorpcore/6900448b0000000005002ba0/image_01.webp,#27281F,#7C7C7A,black,black,unknown,Unclear,False,False,False,False,Unclear,Unclear,unclear,,,neutral,,,,,,,,unknown,0.0,ok
GRP-XHS-6900448b0000000005002ba0-02,6900448b0000000005002ba0,GRP-XHS-6900448b0000000005002ba0,#Gorpcore,很冷的感觉…,很冷的感觉…,2025-11-03,Dataset/xhs/xiaohongshu_images/Gorpcore/6900448b0000000005002ba0/image_02.webp,#222421,#4E4E46,black,black,unknown,Unclear,False,False,False,False,Unclear,Unclear,unclear,,,neutral,,,,,,,,unknown,0.0,ok
GRP-XHS-6900448b0000000005002ba0-03,6900448b0000000005002ba0,GRP-XHS-6900448b0000000005002ba0,#Gorpcore,很冷的感觉…,很冷的感觉…,2025-11-03,Dataset/xhs/xiaohongshu_images/Gorpcore/6900448b0000000005002ba0/image_03.webp,#25281D,#5A5F52,black,black,unknown,Unclear,False,False,False,False,Unclear,Unclear,unclear,,,neutral,,,,,,,,unknown,0.0,ok
GRP-XHS-6900448b0000000005002ba0-04,6900448b0000000005002ba0,GRP-XHS-6900448b0000000005002ba0,#Gorpcore,很冷的感觉…,很冷的感觉…,2025-11-03,Dataset/xhs/xiaohongshu_images/Gorpcore/6900448b0000000005002ba0/image_04.webp,#82726A,#23251D,orange,red_or_orange,unknown,Unclear,False,False,False,False,Unclear,Unclear,unclear,,,neutral,,,,,,,,unknown,0.0,ok
GRP-XHS-6900448b0000000005002ba0-05,6900448b0000000005002ba0,GRP-XHS-6900448b0000000005002ba0,#Gorpcore,很冷的感觉…,很冷的感觉…,2025-11-03,Dataset/xhs/xiaohongshu_images/Gorpcore/6900448b0000000005002ba0/image_05.webp,#74675E,#474436,orange,red_or_orange,unknown,Unclear,False,False,False,False,Unclear,Unclear,unclear,,,neutral,,,,,,,,unknown,0.0,ok
GRP-XHS-6900448b0000000005002ba0-06,6900448b0000000005002ba0,GRP-XHS-6900448b0000000005002ba0,#Gorpcore,很冷的感觉…,很冷的感觉…,2025-11-03,Dataset/xhs/xiaohongshu_images/Gorpcore/6900448b0000000005002ba0/image_06.webp,#82807C,#262820,gray,gray,unknown,Unclear,False,False,False,False,Unclear,Unclear,unclear,,,neutral,,,,,,,,unknown,0.0,ok
GRP-XHS-6900448b0000000005002ba0-07,6900448b0000000005002ba0,GRP-XHS-6900448b0000000005002ba0,#Gorpcore,很冷的感觉…,很冷的感觉…,2025-11-03,Dataset/xhs/xiaohongshu_images/Gorpcore/6900448b0000000005002ba0/image_07.webp,#252721,#535043,black,black,unknown,Unclear,False,False,False,False,Unclear,Unclear,unclear,,,neutral,,,,,,,,unknown,0.0,ok
GRP-XHS-6900448b0000000005002ba0-09,6900448b0000000005002ba0,GRP-XHS-6900448b0000000005002ba0,#Gorpcore,很冷的感觉…,很冷的感觉…,2025-11-03,Dataset/xhs/xiaohongshu_images/Gorpcore/6900448b0000000005002ba0/image_09.webp,#212727,#484C43,black,black,unknown,Unclear,False,False,False,False,Unclear,Unclear,unclear,,,neutral,,,,,,,,unknown,0.0,ok
GRP-XHS-69bf6e53000000001f00420d-01,69bf6e53000000001f00420d,GRP-XHS-69bf6e53000000001f00420d,#Gorpcore,超帅的冲锋背心,超帅的冲锋背心,2026-03-22,Dataset/xhs/xiaohongshu_images/Gorpcore/69bf6e53000000001f00420d/image_01.webp,#170D0D,#695852,black,black,unknown,Unclear,False,False,False,False,Unclear,Unclear,unclear,,,neutral,,,,,,,,unknown,0.0,ok
GRP-XHS-69bf6e53000000001f00420d-02,69bf6e53000000001f00420d,GRP-XHS-69bf6e53000000001f00420d,#Gorpcore,超帅的冲锋背心,超帅的冲锋背心,2026-03-22,Dataset/xhs/xiaohongshu_images/Gorpcore/69bf6e53000000001f00420d/image_02.webp,#334D82,#1F1C1C,blue,blue,unknown,Unclear,False,False,False,False,Unclear,Unclear,unclear,,,neutral,,,,,,,,unknown,0.0,ok
GRP-XHS-69bf6e53000000001f00420d-03,69bf6e53000000001f00420d,GRP-XHS-69bf6e53000000001f00420d,#Gorpcore,超帅的冲锋背心,超帅的冲锋背心,2026-03-22,Dataset/xhs/xiaohongshu_images/Gorpcore/69bf6e53000000001f00420d/image_03.webp,#171615,#BEAC8C,black,black,unknown,Unclear,False,False,False,False,Unclear,Unclear,unclear,,,neutral,,,,,,,,unknown,0.0,ok
GRP-XHS-69bf6e53000000001f00420d-04,69bf6e53000000001f00420d,GRP-XHS-69bf6e53000000001f00420d,#Gorpcore,超帅的冲锋背心,超帅的冲锋背心,2026-03-22,Dataset/xhs/xiaohongshu_images/Gorpcore/69bf6e53000000001f00420d/image_04.webp,#B3B9BE,#181414,gray,gray,unknown,Unclear,False,False,False,False,Unclear,Unclear,unclear,,,neutral,,,,,,,,unknown,0.0,ok
GRP-XHS-69fca9a40000000023016bdf-01,69fca9a40000000023016bdf,GRP-XHS-69fca9a40000000023016bdf,#Gorpcore,保持向上的态度☁️,保持向上的态度☁️,2026-05-07,Dataset/xhs/xiaohongshu_images/Gorpcore/69fca9a40000000023016bdf/image_01.webp,#444345,#E9E7E7,gray,gray,unknown,Unclear,False,False,False,False,Unclear,Unclear,unclear,,,neutral,,,,,,,,unknown,0.0,ok
GRP-XHS-69fca9a40000000023016bdf-02,69fca9a40000000023016bdf,GRP-XHS-69fca9a40000000023016bdf,#Gorpcore,保持向上的态度☁️,保持向上的态度☁️,2026-05-07,Dataset/xhs/xiaohongshu_images/Gorpcore/69fca9a40000000023016bdf/image_02.webp,#565350,#96928C,gray,gray,unknown,Unclear,False,False,False,False,Unclear,Unclear,unclear,,,neutral,,,,,,,,unknown,0.0,ok
GRP-XHS-69fca9a40000000023016bdf-03,69fca9a40000000023016bdf,GRP-XHS-69fca9a40000000023016bdf,#Gorpcore,保持向上的态度☁️,保持向上的态度☁️,2026-05-07,Dataset/xhs/xiaohongshu_images/Gorpcore/69fca9a40000000023016bdf/image_03.webp,#413D3C,#18191B,gray,gray,unknown,Unclear,False,False,False,False,Unclear,Unclear,unclear,,,neutral,,,,,,,,unknown,0.0,ok
GRP-XHS-69fca9a40000000023016bdf-04,69fca9a40000000023016bdf,GRP-XHS-69fca9a40000000023016bdf,#Gorpcore,保持向上的态度☁️,保持向上的态度☁️,2026-05-07,Dataset/xhs/xiaohongshu_images/Gorpcore/69fca9a40000000023016bdf/image_04.webp,#595650,#7E776D,gray,gray,unknown,Unclear,False,False,False,False,Unclear,Unclear,unclear,,,neutral,,,,,,,,unknown,0.0,ok
GRP-XHS-69fca9a40000000023016bdf-05,69fca9a40000000023016bdf,GRP-XHS-69fca9a40000000023016bdf,#Gorpcore,保持向上的态度☁️,保持向上的态度☁️,2026-05-07,Dataset/xhs/xiaohongshu_images/Gorpcore/69fca9a40000000023016bdf/image_05.webp,#474B53,#B4AFA9,blue,blue,unknown,Unclear,False,False,False,False,Unclear,Unclear,unclear,,,neutral,,,,,,,,unknown,0.0,ok
GRP-XHS-69fca9a40000000023016bdf-06,69fca9a40000000023016bdf,GRP-XHS-69fca9a40000000023016bdf,#Gorpcore,保持向上的态度☁️,保持向上的态度☁️,2026-05-07,Dataset/xhs/xiaohongshu_images/Gorpcore/69fca9a40000000023016bdf/image_06.webp,#4E4947,#6E6D6E,gray,gray,unknown,Unclear,False,False,False,False,Unclear,Unclear,unclear,,,neutral,,,,,,,,unknown,0.0,ok
GRP-XHS-69fca9a40000000023016bdf-07,69fca9a40000000023016bdf,GRP-XHS-69fca9a40000000023016bdf,#Gorpcore,保持向上的态度☁️,保持向上的态度☁️,2026-05-07,Dataset/xhs/xiaohongshu_images/Gorpcore/69fca9a40000000023016bdf/image_07.webp,#383A3C,#D4D9DF,gray,gray,unknown,Unclear,False,False,False,False,Unclear,Unclear,unclear,,,neutral,,,,,,,,unknown,0.0,ok
GRP-XHS-68694b7e0000000012023f13-01,68694b7e0000000012023f13,GRP-XHS-68694b7e0000000012023f13,#Gorpcore,轻户外穿搭🍃|2025年夏季流行趋势,轻户外穿搭🍃|2025年夏季流行趋势,2025-07-05,Dataset/xhs/xiaohongshu_images/Gorpcore/68694b7e0000000012023f13/image_01.webp,#D4DFBC,#FBFCFB,olive,olive_or_green,unknown,Unclear,False,False,False,False,Unclear,Outdoor,unclear,穿搭 | 户外 | 夏季,,positive,1.0,,,,夏季 | 户外,,0.4,text_heuristic,0.4,ok
GRP-XHS-68694b7e0000000012023f13-02,68694b7e0000000012023f13,GRP-XHS-68694b7e0000000012023f13,#Gorpcore,轻户外穿搭🍃|2025年夏季流行趋势,轻户外穿搭🍃|2025年夏季流行趋势,2025-07-05,Dataset/xhs/xiaohongshu_images/Gorpcore/68694b7e0000000012023f13/image_02.webp,#E2EACF,#CEDCB2,white,white,unknown,Unclear,False,False,False,False,Unclear,Outdoor,unclear,穿搭 | 户外 | 夏季,,positive,1.0,,,,夏季 | 户外,,0.4,text_heuristic,0.4,ok
GRP-XHS-68694b7e0000000012023f13-03,68694b7e0000000012023f13,GRP-XHS-68694b7e0000000012023f13,#Gorpcore,轻户外穿搭🍃|2025年夏季流行趋势,轻户外穿搭🍃|2025年夏季流行趋势,2025-07-05,Dataset/xhs/xiaohongshu_images/Gorpcore/68694b7e0000000012023f13/image_03.webp,#E0EACC,#CCD9AD,olive,olive_or_green,unknown,Unclear,False,False,False,False,Unclear,Outdoor,unclear,穿搭 | 户外 | 夏季,,positive,1.0,,,,夏季 | 户外,,0.4,text_heuristic,0.4,ok
GRP-XHS-68694b7e0000000012023f13-04,68694b7e0000000012023f13,GRP-XHS-68694b7e0000000012023f13,#Gorpcore,轻户外穿搭🍃|2025年夏季流行趋势,轻户外穿搭🍃|2025年夏季流行趋势,2025-07-05,Dataset/xhs/xiaohongshu_images/Gorpcore/68694b7e0000000012023f13/image_04.webp,#E0EACB,#CDDBAC,olive,olive_or_green,unknown,Unclear,False,False,False,False,Unclear,Outdoor,unclear,穿搭 | 户外 | 夏季,,positive,1.0,,,,夏季 | 户外,,0.4,text_heuristic,0.4,ok
GRP-XHS-68694b7e0000000012023f13-05,68694b7e0000000012023f13,GRP-XHS-68694b7e0000000012023f13,#Gorpcore,轻户外穿搭🍃|2025年夏季流行趋势,轻户外穿搭🍃|2025年夏季流行趋势,2025-07-05,Dataset/xhs/xiaohongshu_images/Gorpcore/68694b7e0000000012023f13/image_05.webp,#E1EACD,#CFDFB2,olive,olive_or_green,unknown,Unclear,False,False,False,False,Unclear,Outdoor,unclear,穿搭 | 户外 | 夏季,,positive,1.0,,,,夏季 | 户外,,0.4,text_heuristic,0.4,ok
GRP-XHS-68694b7e0000000012023f13-06,68694b7e0000000012023f13,GRP-XHS-68694b7e0000000012023f13,#Gorpcore,轻户外穿搭🍃|2025年夏季流行趋势,轻户外穿搭🍃|2025年夏季流行趋势,2025-07-05,Dataset/xhs/xiaohongshu_images/Gorpcore/68694b7e0000000012023f13/image_06.webp,#D2E1B5,#E4ECD1,olive,olive_or_green,unknown,Unclear,False,False,False,False,Unclear,Outdoor,unclear,穿搭 | 户外 | 夏季,,positive,1.0,,,,夏季 | 户外,,0.4,text_heuristic,0.4,ok
GRP-XHS-69e5fad4000000001f004b26-01,69e5fad4000000001f004b26,GRP-XHS-69e5fad4000000001f004b26,#Gorpcore,把野生颓废感穿到极致的男人「Softcore」,把野生颓废感穿到极致的男人「Softcore」,2026-04-20,Dataset/xhs/xiaohongshu_images/Gorpcore/69e5fad4000000001f004b26/image_01.webp,#514335,#837059,orange,red_or_orange,unknown,Unclear,False,False,False,False,Unclear,Unclear,unclear,,,neutral,,,,,,,,unknown,0.0,ok
GRP-XHS-6a0f0ad9000000003701c81e-01,6a0f0ad9000000003701c81e,GRP-XHS-6a0f0ad9000000003701c81e,#Gorpcore,战术穿搭119,战术穿搭119,2026-05-22,Dataset/xhs/xiaohongshu_images/Gorpcore/6a0f0ad9000000003701c81e/image_01.webp,#FEFEFE,#897155,white,white,unknown,Unclear,False,False,False,False,Unclear,Unclear,unclear,穿搭,,neutral,,,,,,,,unknown,0.0,ok
GRP-XHS-6a01aea70000000007021ee1-01,6a01aea70000000007021ee1,GRP-XHS-6a01aea70000000007021ee1,#Gorpcore,户外Gorpcore ｜夏日运动，轻薄又防晒☀️,户外Gorpcore ｜夏日运动，轻薄又防晒☀️,2026-05-15,Dataset/xhs/xiaohongshu_images/Gorpcore/6a01aea70000000007021ee1/image_01.webp,#2E221C,#989088,black,black,unknown,Unclear,False,False,False,False,Unclear,Outdoor,unclear,户外,,neutral,,,,,户外,,0.4,text_heuristic,0.4,ok
GRP-XHS-69b6b7dc000000002800a698-01,69b6b7dc000000002800a698,GRP-XHS-69b6b7dc000000002800a698,#Gorpcore,,你在多大程度上会推荐他人使用网页版小红书？,2026-03-15,Dataset/xhs/xiaohongshu_images/Gorpcore/69b6b7dc000000002800a698/image_01.webp,#788592,#96A2AB,blue,blue,unknown,Unclear,False,False,False,False,Unclear,Unclear,unclear,红,,positive,1.0,红,,,,,,unknown,0.0,ok
GRP-XHS-69b6b7dc000000002800a698-02,69b6b7dc000000002800a698,GRP-XHS-69b6b7dc000000002800a698,#Gorpcore,,你在多大程度上会推荐他人使用网页版小红书？,2026-03-15,Dataset/xhs/xiaohongshu_images/Gorpcore/69b6b7dc000000002800a698/image_02.webp,#636E7C,#D1D8DA,blue,blue,unknown,Unclear,False,False,False,False,Unclear,Unclear,unclear,红,,positive,1.0,红,,,,,,unknown,0.0,ok
GRP-XHS-69b6b7dc000000002800a698-03,69b6b7dc000000002800a698,GRP-XHS-69b6b7dc000000002800a698,#Gorpcore,,你在多大程度上会推荐他人使用网页版小红书？,2026-03-15,Dataset/xhs/xiaohongshu_images/Gorpcore/69b6b7dc000000002800a698/image_03.webp,#83909B,#67717C,blue,blue,unknown,Unclear,False,False,False,False,Unclear,Unclear,unclear,红,,positive,1.0,红,,,,,,unknown,0.0,ok
GRP-XHS-69b6b7dc000000002800a698-04,69b6b7dc000000002800a698,GRP-XHS-69b6b7dc000000002800a698,#Gorpcore,,你在多大程度上会推荐他人使用网页版小红书？,2026-03-15,Dataset/xhs/xiaohongshu_images/Gorpcore/69b6b7dc000000002800a698/image_04.webp,#8A9BA8,#5F7991,blue,blue,unknown,Unclear,False,False,False,False,Unclear,Unclear,unclear,红,,positive,1.0,红,,,,,,unknown,0.0,ok
GRP-XHS-69b6b7dc000000002800a698-05,69b6b7dc000000002800a698,GRP-XHS-69b6b7dc000000002800a698,#Gorpcore,,你在多大程度上会推荐他人使用网页版小红书？,2026-03-15,Dataset/xhs/xiaohongshu_images/Gorpcore/69b6b7dc000000002800a698/image_05.webp,#717E8A,#525B63,blue,blue,unknown,Unclear,False,False,False,False,Unclear,Unclear,unclear,红,,positive,1.0,红,,,,,,unknown,0.0,ok
GRP-XHS-68cab82e000000000e033c94-01,68cab82e000000000e033c94,GRP-XHS-68cab82e000000000e033c94,#Gorpcore,继续,继续,2025-09-17,Dataset/xhs/xiaohongshu_images/Gorpcore/68cab82e000000000e033c94/image_01.webp,#1E222B,#E4E5DF,black,black,unknown,Unclear,False,False,False,False,Unclear,Unclear,unclear,,,neutral,,,,,,,,unknown,0.0,ok
GRP-XHS-68cab82e000000000e033c94-02,68cab82e000000000e033c94,GRP-XHS-68cab82e000000000e033c94,#Gorpcore,继续,继续,2025-09-17,Dataset/xhs/xiaohongshu_images/Gorpcore/68cab82e000000000e033c94/image_02.webp,#151D27,#A8ABA9,black,black,unknown,Unclear,False,False,False,False,Unclear,Unclear,unclear,,,neutral,,,,,,,,unknown,0.0,ok
GRP-XHS-6a08700700000000070298e2-01,6a08700700000000070298e2,GRP-XHS-6a08700700000000070298e2,#Gorpcore,,你在多大程度上会推荐他人使用网页版小红书？,2026-05-17,Dataset/xhs/xiaohongshu_images/Gorpcore/6a08700700000000070298e2/image_01.webp,#0F0F0C,#21211D,black,black,unknown,Unclear,False,False,False,False,Unclear,Unclear,unclear,红,,positive,1.0,红,,,,,,unknown,0.0,ok
GRP-XHS-6a08700700000000070298e2-02,6a08700700000000070298e2,GRP-XHS-6a08700700000000070298e2,#Gorpcore,,你在多大程度上会推荐他人使用网页版小红书？,2026-05-17,Dataset/xhs/xiaohongshu_images/Gorpcore/6a08700700000000070298e2/image_02.webp,#060604,#29251F,black,black,unknown,Unclear,False,False,False,False,Unclear,Unclear,unclear,红,,positive,1.0,红,,,,,,unknown,0.0,ok
GRP-XHS-6a0d7a39000000000702b101-01,6a0d7a39000000000702b101,GRP-XHS-6a0d7a39000000000702b101,#Gorpcore,今天够翠绿的,今天够翠绿的,2026-05-21,Dataset/xhs/xiaohongshu_images/Gorpcore/6a0d7a39000000000702b101/image_01.webp,#101711,#364336,black,black,unknown,Unclear,False,False,False,False,Unclear,Unclear,unclear,,,neutral,,,,,,,,unknown,0.0,ok
GRP-XHS-6a0d7a39000000000702b101-02,6a0d7a39000000000702b101,GRP-XHS-6a0d7a39000000000702b101,#Gorpcore,今天够翠绿的,今天够翠绿的,2026-05-21,Dataset/xhs/xiaohongshu_images/Gorpcore/6a0d7a39000000000702b101/image_02.webp,#101611,#646B61,black,black,unknown,Unclear,False,False,False,False,Unclear,Unclear,unclear,,,neutral,,,,,,,,unknown,0.0,ok
GRP-XHS-6a0d7a39000000000702b101-03,6a0d7a39000000000702b101,GRP-XHS-6a0d7a39000000000702b101,#Gorpcore,今天够翠绿的,今天够翠绿的,2026-05-21,Dataset/xhs/xiaohongshu_images/Gorpcore/6a0d7a39000000000702b101/image_03.webp,#0D130E,#2D3A2E,black,black,unknown,Unclear,False,False,False,False,Unclear,Unclear,unclear,,,neutral,,,,,,,,unknown,0.0,ok
GRP-XHS-6a0d7a39000000000702b101-04,6a0d7a39000000000702b101,GRP-XHS-6a0d7a39000000000702b101,#Gorpcore,今天够翠绿的,今天够翠绿的,2026-05-21,Dataset/xhs/xiaohongshu_images/Gorpcore/6a0d7a39000000000702b101/image_04.webp,#0E130E,#2E3B2F,black,black,unknown,Unclear,False,False,False,False,Unclear,Unclear,unclear,,,neutral,,,,,,,,unknown,0.0,ok
GRP-XHS-6a0d7a39000000000702b101-05,6a0d7a39000000000702b101,GRP-XHS-6a0d7a39000000000702b101,#Gorpcore,今天够翠绿的,今天够翠绿的,2026-05-21,Dataset/xhs/xiaohongshu_images/Gorpcore/6a0d7a39000000000702b101/image_05.webp,#0F2363,#675945,blue,blue,unknown,Unclear,False,False,False,False,Unclear,Unclear,unclear,,,neutral,,,,,,,,unknown,0.0,ok
GRP-XHS-6a0d7a39000000000702b101-07,6a0d7a39000000000702b101,GRP-XHS-6a0d7a39000000000702b101,#Gorpcore,今天够翠绿的,今天够翠绿的,2026-05-21,Dataset/xhs/xiaohongshu_images/Gorpcore/6a0d7a39000000000702b101/image_07.webp,#0F2D6D,#84776E,blue,blue,unknown,Unclear,False,False,False,False,Unclear,Unclear,unclear,,,neutral,,,,,,,,unknown,0.0,ok
GRP-XHS-6a0d7a39000000000702b101-08,6a0d7a39000000000702b101,GRP-XHS-6a0d7a39000000000702b101,#Gorpcore,今天够翠绿的,今天够翠绿的,2026-05-21,Dataset/xhs/xiaohongshu_images/Gorpcore/6a0d7a39000000000702b101/image_08.webp,#4F4E31,#716657,olive,olive_or_green,unknown,Unclear,False,False,False,False,Unclear,Unclear,unclear,,,neutral,,,,,,,,unknown,0.0,ok
GRP-XHS-6a0d7a39000000000702b101-09,6a0d7a39000000000702b101,GRP-XHS-6a0d7a39000000000702b101,#Gorpcore,今天够翠绿的,今天够翠绿的,2026-05-21,Dataset/xhs/xiaohongshu_images/Gorpcore/6a0d7a39000000000702b101/image_09.webp,#5F6262,#43453F,gray,gray,unknown,Unclear,False,False,False,False,Unclear,Unclear,unclear,,,neutral,,,,,,,,unknown,0.0,ok
GRP-XHS-6a0fd65e0000000007010d85-01,6a0fd65e0000000007010d85,GRP-XHS-6a0fd65e0000000007010d85,#Gorpcore,📷 “你抓吧”,📷 “你抓吧”,2026-05-22 20:00,Dataset/xhs/xiaohongshu_images/Gorpcore/6a0fd65e0000000007010d85/image_01.webp,#2E2B26,#544F4A,orange,red_or_orange,unknown,Unclear,False,False,False,False,Unclear,Unclear,unclear,,,neutral,,,,,,,,unknown,0.0,ok
GRP-XHS-6a0fd65e0000000007010d85-02,6a0fd65e0000000007010d85,GRP-XHS-6a0fd65e0000000007010d85,#Gorpcore,📷 “你抓吧”,📷 “你抓吧”,2026-05-22 20:00,Dataset/xhs/xiaohongshu_images/Gorpcore/6a0fd65e0000000007010d85/image_02.webp,#CFCFC9,#BBB9B2,gray,gray,unknown,Unclear,False,False,False,False,Unclear,Unclear,unclear,,,neutral,,,,,,,,unknown,0.0,ok
GRP-XHS-6a0fd65e0000000007010d85-03,6a0fd65e0000000007010d85,GRP-XHS-6a0fd65e0000000007010d85,#Gorpcore,📷 “你抓吧”,📷 “你抓吧”,2026-05-22 20:00,Dataset/xhs/xiaohongshu_images/Gorpcore/6a0fd65e0000000007010d85/image_03.webp,#181615,#B5B2AF,black,black,unknown,Unclear,False,False,False,False,Unclear,Unclear,unclear,,,neutral,,,,,,,,unknown,0.0,ok
GRP-XHS-6a0fd65e0000000007010d85-04,6a0fd65e0000000007010d85,GRP-XHS-6a0fd65e0000000007010d85,#Gorpcore,📷 “你抓吧”,📷 “你抓吧”,2026-05-22 20:00,Dataset/xhs/xiaohongshu_images/Gorpcore/6a0fd65e0000000007010d85/image_04.webp,#3A3B41,#111114,gray,gray,unknown,Unclear,False,False,False,False,Unclear,Unclear,unclear,,,neutral,,,,,,,,unknown,0.0,ok
GRP-XHS-6a0fd65e0000000007010d85-05,6a0fd65e0000000007010d85,GRP-XHS-6a0fd65e0000000007010d85,#Gorpcore,📷 “你抓吧”,📷 “你抓吧”,2026-05-22 20:00,Dataset/xhs/xiaohongshu_images/Gorpcore/6a0fd65e0000000007010d85/image_05.webp,#A1A09B,#1C1819,gray,gray,unknown,Unclear,False,False,False,False,Unclear,Unclear,unclear,,,neutral,,,,,,,,unknown,0.0,ok
GRP-XHS-6a0fd65e0000000007010d85-06,6a0fd65e0000000007010d85,GRP-XHS-6a0fd65e0000000007010d85,#Gorpcore,📷 “你抓吧”,📷 “你抓吧”,2026-05-22 20:00,Dataset/xhs/xiaohongshu_images/Gorpcore/6a0fd65e0000000007010d85/image_06.webp,#171819,#4B4743,black,black,unknown,Unclear,False,False,False,False,Unclear,Unclear,unclear,,,neutral,,,,,,,,unknown,0.0,ok
GRP-XHS-6a0fd65e0000000007010d85-07,6a0fd65e0000000007010d85,GRP-XHS-6a0fd65e0000000007010d85,#Gorpcore,📷 “你抓吧”,📷 “你抓吧”,2026-05-22 20:00,Dataset/xhs/xiaohongshu_images/Gorpcore/6a0fd65e0000000007010d85/image_07.webp,#1A1B1B,#494845,black,black,unknown,Unclear,False,False,False,False,Unclear,Unclear,unclear,,,neutral,,,,,,,,unknown,0.0,ok
GRP-XHS-6a0fd65e0000000007010d85-08,6a0fd65e0000000007010d85,GRP-XHS-6a0fd65e0000000007010d85,#Gorpcore,📷 “你抓吧”,📷 “你抓吧”,2026-05-22 20:00,Dataset/xhs/xiaohongshu_images/Gorpcore/6a0fd65e0000000007010d85/image_08.webp,#2A2C2D,#4E4E4D,black,black,unknown,Unclear,False,False,False,False,Unclear,Unclear,unclear,,,neutral,,,,,,,,unknown,0.0,ok
GRP-XHS-6a0fd65e0000000007010d85-09,6a0fd65e0000000007010d85,GRP-XHS-6a0fd65e0000000007010d85,#Gorpcore,📷 “你抓吧”,📷 “你抓吧”,2026-05-22 20:00,Dataset/xhs/xiaohongshu_images/Gorpcore/6a0fd65e0000000007010d85/image_09.webp,#030304,#201E1C,black,black,unknown,Unclear,False,False,False,False,Unclear,Unclear,unclear,,,neutral,,,,,,,,unknown,0.0,ok
GRP-XHS-69e7248f000000002102dd79-01,69e7248f000000002102dd79,GRP-XHS-69e7248f000000002102dd79,#Gorpcore,山野男孩的自然感📸,山野男孩的自然感📸,2026-04-21,Dataset/xhs/xiaohongshu_images/Gorpcore/69e7248f000000002102dd79/image_01.webp,#32362B,#171A13,olive,olive_or_green,unknown,Unclear,False,False,False,False,Unclear,Unclear,unclear,,,neutral,,,,,,,,unknown,0.0,ok
GRP-XHS-69e7248f000000002102dd79-02,69e7248f000000002102dd79,GRP-XHS-69e7248f000000002102dd79,#Gorpcore,山野男孩的自然感📸,山野男孩的自然感📸,2026-04-21,Dataset/xhs/xiaohongshu_images/Gorpcore/69e7248f000000002102dd79/image_02.webp,#555049,#786C59,brown,brown,unknown,Unclear,False,False,False,False,Unclear,Unclear,unclear,,,neutral,,,,,,,,unknown,0.0,ok
GRP-XHS-69e7248f000000002102dd79-03,69e7248f000000002102dd79,GRP-XHS-69e7248f000000002102dd79,#Gorpcore,山野男孩的自然感📸,山野男孩的自然感📸,2026-04-21,Dataset/xhs/xiaohongshu_images/Gorpcore/69e7248f000000002102dd79/image_03.webp,#262721,#4B4943,black,black,unknown,Unclear,False,False,False,False,Unclear,Unclear,unclear,,,neutral,,,,,,,,unknown,0.0,ok
GRP-XHS-69e7248f000000002102dd79-04,69e7248f000000002102dd79,GRP-XHS-69e7248f000000002102dd79,#Gorpcore,山野男孩的自然感📸,山野男孩的自然感📸,2026-04-21,Dataset/xhs/xiaohongshu_images/Gorpcore/69e7248f000000002102dd79/image_04.webp,#938260,#6A6232,khaki,khaki_or_beige,unknown,Unclear,False,False,False,False,Unclear,Unclear,unclear,,,neutral,,,,,,,,unknown,0.0,ok
GRP-XHS-69e7248f000000002102dd79-05,69e7248f000000002102dd79,GRP-XHS-69e7248f000000002102dd79,#Gorpcore,山野男孩的自然感📸,山野男孩的自然感📸,2026-04-21,Dataset/xhs/xiaohongshu_images/Gorpcore/69e7248f000000002102dd79/image_05.webp,#414437,#21241C,olive,olive_or_green,unknown,Unclear,False,False,False,False,Unclear,Unclear,unclear,,,neutral,,,,,,,,unknown,0.0,ok
GRP-XHS-69e7248f000000002102dd79-06,69e7248f000000002102dd79,GRP-XHS-69e7248f000000002102dd79,#Gorpcore,山野男孩的自然感📸,山野男孩的自然感📸,2026-04-21,Dataset/xhs/xiaohongshu_images/Gorpcore/69e7248f000000002102dd79/image_06.webp,#3C4035,#1E211C,olive,olive_or_green,unknown,Unclear,False,False,False,False,Unclear,Unclear,unclear,,,neutral,,,,,,,,unknown,0.0,ok
GRP-XHS-6a0be8fa000000000702cc93-01,6a0be8fa000000000702cc93,GRP-XHS-6a0be8fa000000000702cc93,#Gorpcore,来香山跑零号线,来香山跑零号线,2026-05-20,Dataset/xhs/xiaohongshu_images/Gorpcore/6a0be8fa000000000702cc93/image_01.webp,#6D6961,#4E4C44,gray,gray,unknown,Unclear,False,False,False,False,Unclear,Unclear,unclear,,,neutral,,,,,,,,unknown,0.0,ok
GRP-XHS-6a0be8fa000000000702cc93-02,6a0be8fa000000000702cc93,GRP-XHS-6a0be8fa000000000702cc93,#Gorpcore,来香山跑零号线,来香山跑零号线,2026-05-20,Dataset/xhs/xiaohongshu_images/Gorpcore/6a0be8fa000000000702cc93/image_02.webp,#3C4629,#1F2216,olive,olive_or_green,unknown,Unclear,False,False,False,False,Unclear,Unclear,unclear,,,neutral,,,,,,,,unknown,0.0,ok
GRP-XHS-6a0be8fa000000000702cc93-04,6a0be8fa000000000702cc93,GRP-XHS-6a0be8fa000000000702cc93,#Gorpcore,来香山跑零号线,来香山跑零号线,2026-05-20,Dataset/xhs/xiaohongshu_images/Gorpcore/6a0be8fa000000000702cc93/image_04.webp,#353B2C,#151813,green,olive_or_green,unknown,Unclear,False,False,False,False,Unclear,Unclear,unclear,,,neutral,,,,,,,,unknown,0.0,ok
GRP-XHS-6a0be8fa000000000702cc93-05,6a0be8fa000000000702cc93,GRP-XHS-6a0be8fa000000000702cc93,#Gorpcore,来香山跑零号线,来香山跑零号线,2026-05-20,Dataset/xhs/xiaohongshu_images/Gorpcore/6a0be8fa000000000702cc93/image_05.webp,#6F715C,#97937F,olive,olive_or_green,unknown,Unclear,False,False,False,False,Unclear,Unclear,unclear,,,neutral,,,,,,,,unknown,0.0,ok
GRP-XHS-6a0be8fa000000000702cc93-07,6a0be8fa000000000702cc93,GRP-XHS-6a0be8fa000000000702cc93,#Gorpcore,来香山跑零号线,来香山跑零号线,2026-05-20,Dataset/xhs/xiaohongshu_images/Gorpcore/6a0be8fa000000000702cc93/image_07.webp,#494B34,#2B2B1C,olive,olive_or_green,unknown,Unclear,False,False,False,False,Unclear,Unclear,unclear,,,neutral,,,,,,,,unknown,0.0,ok
GRP-XHS-6870eeb30000000010025b35-01,6870eeb30000000010025b35,GRP-XHS-6870eeb30000000010025b35,#Gorpcore,FILA足迹｜今夏Gorpcore穿搭指南.zip,FILA足迹｜今夏Gorpcore穿搭指南.zip,2025-07-11,Dataset/xhs/xiaohongshu_images/Gorpcore/6870eeb30000000010025b35/image_01.webp,#2B2A13,#5A5629,black,black,unknown,Unclear,False,False,False,False,Unclear,Unclear,unclear,穿搭,,neutral,,,,,,,,unknown,0.0,ok
GRP-XHS-6870eeb30000000010025b35-02,6870eeb30000000010025b35,GRP-XHS-6870eeb30000000010025b35,#Gorpcore,FILA足迹｜今夏Gorpcore穿搭指南.zip,FILA足迹｜今夏Gorpcore穿搭指南.zip,2025-07-11,Dataset/xhs/xiaohongshu_images/Gorpcore/6870eeb30000000010025b35/image_02.webp,#CBE4F2,#96A8AE,blue,blue,unknown,Unclear,False,False,False,False,Unclear,Unclear,unclear,穿搭,,neutral,,,,,,,,unknown,0.0,ok
GRP-XHS-6870eeb30000000010025b35-03,6870eeb30000000010025b35,GRP-XHS-6870eeb30000000010025b35,#Gorpcore,FILA足迹｜今夏Gorpcore穿搭指南.zip,FILA足迹｜今夏Gorpcore穿搭指南.zip,2025-07-11,Dataset/xhs/xiaohongshu_images/Gorpcore/6870eeb30000000010025b35/image_03.webp,#98ACAD,#595C47,blue,blue,unknown,Unclear,False,False,False,False,Unclear,Unclear,unclear,穿搭,,neutral,,,,,,,,unknown,0.0,ok
GRP-XHS-6870eeb30000000010025b35-04,6870eeb30000000010025b35,GRP-XHS-6870eeb30000000010025b35,#Gorpcore,FILA足迹｜今夏Gorpcore穿搭指南.zip,FILA足迹｜今夏Gorpcore穿搭指南.zip,2025-07-11,Dataset/xhs/xiaohongshu_images/Gorpcore/6870eeb30000000010025b35/image_04.webp,#4A5C5C,#839EA2,blue,blue,unknown,Unclear,False,False,False,False,Unclear,Unclear,unclear,穿搭,,neutral,,,,,,,,unknown,0.0,ok
GRP-XHS-6870eeb30000000010025b35-05,6870eeb30000000010025b35,GRP-XHS-6870eeb30000000010025b35,#Gorpcore,FILA足迹｜今夏Gorpcore穿搭指南.zip,FILA足迹｜今夏Gorpcore穿搭指南.zip,2025-07-11,Dataset/xhs/xiaohongshu_images/Gorpcore/6870eeb30000000010025b35/image_05.webp,#262F25,#849699,green,olive_or_green,unknown,Unclear,False,False,False,False,Unclear,Unclear,unclear,穿搭,,neutral,,,,,,,,unknown,0.0,ok
GRP-XHS-6a0429160000000036018955-01,6a0429160000000036018955,GRP-XHS-6a0429160000000036018955,#Gorpcore,,,2026-05-13,Dataset/xhs/xiaohongshu_images/Gorpcore/6a0429160000000036018955/image_01.webp,#4F564A,#827A67,green,olive_or_green,unknown,Unclear,False,False,False,False,Unclear,Unclear,unclear,,,neutral,,,,,,,,unknown,0.0,ok
GRP-XHS-6a104309000000000803ebe0-01,6a104309000000000803ebe0,GRP-XHS-6a104309000000000803ebe0,#Gorpcore,Backpack｜为啥这么多人喜欢Gregory nano20,Backpack｜为啥这么多人喜欢Gregory nano20,2026-05-23 04:00,Dataset/xhs/xiaohongshu_images/Gorpcore/6a104309000000000803ebe0/image_01.webp,#B4B0AD,#8E827F,gray,gray,unknown,Unclear,False,False,False,False,Unclear,Unclear,unclear,,,positive,1.0,,,,,,,unknown,0.0,ok
GRP-XHS-68f6083c000000000703242f-01,68f6083c000000000703242f,GRP-XHS-68f6083c000000000703242f,#Gorpcore,Gorpcore户外时髦精 👣,Gorpcore户外时髦精 👣,2025-10-22,Dataset/xhs/xiaohongshu_images/Gorpcore/68f6083c000000000703242f/image_01.webp,#A9A29A,#89877F,gray,gray,unknown,Unclear,False,False,False,False,Unclear,Outdoor,unclear,户外,,neutral,,,,,户外,,0.4,text_heuristic,0.4,ok
GRP-XHS-68f6083c000000000703242f-02,68f6083c000000000703242f,GRP-XHS-68f6083c000000000703242f,#Gorpcore,Gorpcore户外时髦精 👣,Gorpcore户外时髦精 👣,2025-10-22,Dataset/xhs/xiaohongshu_images/Gorpcore/68f6083c000000000703242f/image_02.webp,#D6C6B5,#725B40,orange,red_or_orange,unknown,Unclear,False,False,False,False,Unclear,Outdoor,unclear,户外,,neutral,,,,,户外,,0.4,text_heuristic,0.4,ok
GRP-XHS-68f6083c000000000703242f-03,68f6083c000000000703242f,GRP-XHS-68f6083c000000000703242f,#Gorpcore,Gorpcore户外时髦精 👣,Gorpcore户外时髦精 👣,2025-10-22,Dataset/xhs/xiaohongshu_images/Gorpcore/68f6083c000000000703242f/image_03.webp,#71685A,#CBC7C0,brown,brown,unknown,Unclear,False,False,False,False,Unclear,Outdoor,unclear,户外,,neutral,,,,,户外,,0.4,text_heuristic,0.4,ok
GRP-XHS-68f6083c000000000703242f-04,68f6083c000000000703242f,GRP-XHS-68f6083c000000000703242f,#Gorpcore,Gorpcore户外时髦精 👣,Gorpcore户外时髦精 👣,2025-10-22,Dataset/xhs/xiaohongshu_images/Gorpcore/68f6083c000000000703242f/image_04.webp,#353228,#16140F,brown,brown,unknown,Unclear,False,False,False,False,Unclear,Outdoor,unclear,户外,,neutral,,,,,户外,,0.4,text_heuristic,0.4,ok
GRP-XHS-68f6083c000000000703242f-05,68f6083c000000000703242f,GRP-XHS-68f6083c000000000703242f,#Gorpcore,Gorpcore户外时髦精 👣,Gorpcore户外时髦精 👣,2025-10-22,Dataset/xhs/xiaohongshu_images/Gorpcore/68f6083c000000000703242f/image_05.webp,#857F74,#392F19,khaki,khaki_or_beige,unknown,Unclear,False,False,False,False,Unclear,Outdoor,unclear,户外,,neutral,,,,,户外,,0.4,text_heuristic,0.4,ok
GRP-XHS-68f6083c000000000703242f-06,68f6083c000000000703242f,GRP-XHS-68f6083c000000000703242f,#Gorpcore,Gorpcore户外时髦精 👣,Gorpcore户外时髦精 👣,2025-10-22,Dataset/xhs/xiaohongshu_images/Gorpcore/68f6083c000000000703242f/image_06.webp,#24201C,#505051,black,black,unknown,Unclear,False,False,False,False,Unclear,Outdoor,unclear,户外,,neutral,,,,,户外,,0.4,text_heuristic,0.4,ok
GRP-XHS-68f6083c000000000703242f-07,68f6083c000000000703242f,GRP-XHS-68f6083c000000000703242f,#Gorpcore,Gorpcore户外时髦精 👣,Gorpcore户外时髦精 👣,2025-10-22,Dataset/xhs/xiaohongshu_images/Gorpcore/68f6083c000000000703242f/image_07.webp,#1E1B18,#89816E,black,black,unknown,Unclear,False,False,False,False,Unclear,Outdoor,unclear,户外,,neutral,,,,,户外,,0.4,text_heuristic,0.4,ok
GRP-XHS-68f6083c000000000703242f-08,68f6083c000000000703242f,GRP-XHS-68f6083c000000000703242f,#Gorpcore,Gorpcore户外时髦精 👣,Gorpcore户外时髦精 👣,2025-10-22,Dataset/xhs/xiaohongshu_images/Gorpcore/68f6083c000000000703242f/image_08.webp,#352F28,#575043,orange,red_or_orange,unknown,Unclear,False,False,False,False,Unclear,Outdoor,unclear,户外,,neutral,,,,,户外,,0.4,text_heuristic,0.4,ok
GRP-XHS-68f6083c000000000703242f-09,68f6083c000000000703242f,GRP-XHS-68f6083c000000000703242f,#Gorpcore,Gorpcore户外时髦精 👣,Gorpcore户外时髦精 👣,2025-10-22,Dataset/xhs/xiaohongshu_images/Gorpcore/68f6083c000000000703242f/image_09.webp,#99864D,#CDC1A7,yellow,yellow,unknown,Unclear,False,False,False,False,Unclear,Outdoor,unclear,户外,,neutral,,,,,户外,,0.4,text_heuristic,0.4,ok
GRP-XHS-69d11b3100000000220032d6-01,69d11b3100000000220032d6,GRP-XHS-69d11b3100000000220032d6,#Gorpcore,GNF图文纯享~,GNF图文纯享~,2026-04-04,Dataset/xhs/xiaohongshu_images/Gorpcore/69d11b3100000000220032d6/image_01.webp,#101012,#DACFC0,black,black,unknown,Unclear,False,False,False,False,Unclear,Unclear,unclear,,,neutral,,,,,,,,unknown,0.0,ok
GRP-XHS-69d11b3100000000220032d6-02,69d11b3100000000220032d6,GRP-XHS-69d11b3100000000220032d6,#Gorpcore,GNF图文纯享~,GNF图文纯享~,2026-04-04,Dataset/xhs/xiaohongshu_images/Gorpcore/69d11b3100000000220032d6/image_02.webp,#1D1817,#94897F,black,black,unknown,Unclear,False,False,False,False,Unclear,Unclear,unclear,,,neutral,,,,,,,,unknown,0.0,ok
GRP-XHS-69d11b3100000000220032d6-03,69d11b3100000000220032d6,GRP-XHS-69d11b3100000000220032d6,#Gorpcore,GNF图文纯享~,GNF图文纯享~,2026-04-04,Dataset/xhs/xiaohongshu_images/Gorpcore/69d11b3100000000220032d6/image_03.webp,#443F42,#716B67,gray,gray,unknown,Unclear,False,False,False,False,Unclear,Unclear,unclear,,,neutral,,,,,,,,unknown,0.0,ok
GRP-XHS-69d11b3100000000220032d6-04,69d11b3100000000220032d6,GRP-XHS-69d11b3100000000220032d6,#Gorpcore,GNF图文纯享~,GNF图文纯享~,2026-04-04,Dataset/xhs/xiaohongshu_images/Gorpcore/69d11b3100000000220032d6/image_04.webp,#A79890,#46393A,orange,red_or_orange,unknown,Unclear,False,False,False,False,Unclear,Unclear,unclear,,,neutral,,,,,,,,unknown,0.0,ok
GRP-XHS-69d11b3100000000220032d6-05,69d11b3100000000220032d6,GRP-XHS-69d11b3100000000220032d6,#Gorpcore,GNF图文纯享~,GNF图文纯享~,2026-04-04,Dataset/xhs/xiaohongshu_images/Gorpcore/69d11b3100000000220032d6/image_05.webp,#120D0B,#38251F,black,black,unknown,Unclear,False,False,False,False,Unclear,Unclear,unclear,,,neutral,,,,,,,,unknown,0.0,ok
GRP-XHS-69d11b3100000000220032d6-06,69d11b3100000000220032d6,GRP-XHS-69d11b3100000000220032d6,#Gorpcore,GNF图文纯享~,GNF图文纯享~,2026-04-04,Dataset/xhs/xiaohongshu_images/Gorpcore/69d11b3100000000220032d6/image_06.webp,#27201E,#635049,black,black,unknown,Unclear,False,False,False,False,Unclear,Unclear,unclear,,,neutral,,,,,,,,unknown,0.0,ok
GRP-XHS-69d11b3100000000220032d6-07,69d11b3100000000220032d6,GRP-XHS-69d11b3100000000220032d6,#Gorpcore,GNF图文纯享~,GNF图文纯享~,2026-04-04,Dataset/xhs/xiaohongshu_images/Gorpcore/69d11b3100000000220032d6/image_07.webp,#272526,#7D7B72,black,black,unknown,Unclear,False,False,False,False,Unclear,Unclear,unclear,,,neutral,,,,,,,,unknown,0.0,ok
GRP-XHS-69d11b3100000000220032d6-08,69d11b3100000000220032d6,GRP-XHS-69d11b3100000000220032d6,#Gorpcore,GNF图文纯享~,GNF图文纯享~,2026-04-04,Dataset/xhs/xiaohongshu_images/Gorpcore/69d11b3100000000220032d6/image_08.webp,#110F12,#31373D,black,black,unknown,Unclear,False,False,False,False,Unclear,Unclear,unclear,,,neutral,,,,,,,,unknown,0.0,ok
GRP-XHS-69d11b3100000000220032d6-09,69d11b3100000000220032d6,GRP-XHS-69d11b3100000000220032d6,#Gorpcore,GNF图文纯享~,GNF图文纯享~,2026-04-04,Dataset/xhs/xiaohongshu_images/Gorpcore/69d11b3100000000220032d6/image_09.webp,#251E20,#635652,black,black,unknown,Unclear,False,False,False,False,Unclear,Unclear,unclear,,,neutral,,,,,,,,unknown,0.0,ok
GRP-XHS-69d11b3100000000220032d6-10,69d11b3100000000220032d6,GRP-XHS-69d11b3100000000220032d6,#Gorpcore,GNF图文纯享~,GNF图文纯享~,2026-04-04,Dataset/xhs/xiaohongshu_images/Gorpcore/69d11b3100000000220032d6/image_10.webp,#0D0C0B,#3A3727,black,black,unknown,Unclear,False,False,False,False,Unclear,Unclear,unclear,,,neutral,,,,,,,,unknown,0.0,ok
GRP-XHS-69d11b3100000000220032d6-11,69d11b3100000000220032d6,GRP-XHS-69d11b3100000000220032d6,#Gorpcore,GNF图文纯享~,GNF图文纯享~,2026-04-04,Dataset/xhs/xiaohongshu_images/Gorpcore/69d11b3100000000220032d6/image_11.webp,#180E0B,#332119,black,black,unknown,Unclear,False,False,False,False,Unclear,Unclear,unclear,,,neutral,,,,,,,,unknown,0.0,ok
GRP-XHS-6a0d2a7e00000000060310e8-01,6a0d2a7e00000000060310e8,GRP-XHS-6a0d2a7e00000000060310e8,#Gorpcore,真要成猴子🐒了,真要成猴子🐒了,2026-05-21,Dataset/xhs/xiaohongshu_images/Gorpcore/6a0d2a7e00000000060310e8/image_01.webp,#D4DFE2,#47503A,white,white,unknown,Unclear,False,False,False,False,Unclear,Unclear,unclear,,,neutral,,,,,,,,unknown,0.0,ok
GRP-XHS-6a0d2a7e00000000060310e8-02,6a0d2a7e00000000060310e8,GRP-XHS-6a0d2a7e00000000060310e8,#Gorpcore,真要成猴子🐒了,真要成猴子🐒了,2026-05-21,Dataset/xhs/xiaohongshu_images/Gorpcore/6a0d2a7e00000000060310e8/image_02.webp,#32372E,#9F978B,green,olive_or_green,unknown,Unclear,False,False,False,False,Unclear,Unclear,unclear,,,neutral,,,,,,,,unknown,0.0,ok
GRP-XHS-6a0d2a7e00000000060310e8-03,6a0d2a7e00000000060310e8,GRP-XHS-6a0d2a7e00000000060310e8,#Gorpcore,真要成猴子🐒了,真要成猴子🐒了,2026-05-21,Dataset/xhs/xiaohongshu_images/Gorpcore/6a0d2a7e00000000060310e8/image_03.webp,#82807A,#4F4F49,gray,gray,unknown,Unclear,False,False,False,False,Unclear,Unclear,unclear,,,neutral,,,,,,,,unknown,0.0,ok
GRP-XHS-6a0d2a7e00000000060310e8-04,6a0d2a7e00000000060310e8,GRP-XHS-6a0d2a7e00000000060310e8,#Gorpcore,真要成猴子🐒了,真要成猴子🐒了,2026-05-21,Dataset/xhs/xiaohongshu_images/Gorpcore/6a0d2a7e00000000060310e8/image_04.webp,#B1AF94,#5D5B58,olive,olive_or_green,unknown,Unclear,False,False,False,False,Unclear,Unclear,unclear,,,neutral,,,,,,,,unknown,0.0,ok
GRP-XHS-6a0d2a7e00000000060310e8-05,6a0d2a7e00000000060310e8,GRP-XHS-6a0d2a7e00000000060310e8,#Gorpcore,真要成猴子🐒了,真要成猴子🐒了,2026-05-21,Dataset/xhs/xiaohongshu_images/Gorpcore/6a0d2a7e00000000060310e8/image_05.webp,#595B5D,#0A0B0A,gray,gray,unknown,Unclear,False,False,False,False,Unclear,Unclear,unclear,,,neutral,,,,,,,,unknown,0.0,ok
GRP-XHS-6a0d2a7e00000000060310e8-06,6a0d2a7e00000000060310e8,GRP-XHS-6a0d2a7e00000000060310e8,#Gorpcore,真要成猴子🐒了,真要成猴子🐒了,2026-05-21,Dataset/xhs/xiaohongshu_images/Gorpcore/6a0d2a7e00000000060310e8/image_06.webp,#9E9E61,#747B48,olive,olive_or_green,unknown,Unclear,False,False,False,False,Unclear,Unclear,unclear,,,neutral,,,,,,,,unknown,0.0,ok
GRP-XHS-6a0d2a7e00000000060310e8-07,6a0d2a7e00000000060310e8,GRP-XHS-6a0d2a7e00000000060310e8,#Gorpcore,真要成猴子🐒了,真要成猴子🐒了,2026-05-21,Dataset/xhs/xiaohongshu_images/Gorpcore/6a0d2a7e00000000060310e8/image_07.webp,#CDD4D3,#868B86,white,white,unknown,Unclear,False,False,False,False,Unclear,Unclear,unclear,,,neutral,,,,,,,,unknown,0.0,ok
GRP-XHS-6a0d2a7e00000000060310e8-08,6a0d2a7e00000000060310e8,GRP-XHS-6a0d2a7e00000000060310e8,#Gorpcore,真要成猴子🐒了,真要成猴子🐒了,2026-05-21,Dataset/xhs/xiaohongshu_images/Gorpcore/6a0d2a7e00000000060310e8/image_08.webp,#8C905C,#ABAA7B,olive,olive_or_green,unknown,Unclear,False,False,False,False,Unclear,Unclear,unclear,,,neutral,,,,,,,,unknown,0.0,ok
GRP-XHS-6a0d2a7e00000000060310e8-09,6a0d2a7e00000000060310e8,GRP-XHS-6a0d2a7e00000000060310e8,#Gorpcore,真要成猴子🐒了,真要成猴子🐒了,2026-05-21,Dataset/xhs/xiaohongshu_images/Gorpcore/6a0d2a7e00000000060310e8/image_09.webp,#949A94,#57614A,gray,gray,unknown,Unclear,False,False,False,False,Unclear,Unclear,unclear,,,neutral,,,,,,,,unknown,0.0,ok
GRP-XHS-6a0d2a7e00000000060310e8-10,6a0d2a7e00000000060310e8,GRP-XHS-6a0d2a7e00000000060310e8,#Gorpcore,真要成猴子🐒了,真要成猴子🐒了,2026-05-21,Dataset/xhs/xiaohongshu_images/Gorpcore/6a0d2a7e00000000060310e8/image_10.webp,#B1AC93,#6E6F70,khaki,khaki_or_beige,unknown,Unclear,False,False,False,False,Unclear,Unclear,unclear,,,neutral,,,,,,,,unknown,0.0,ok
GRP-XHS-6a0ed2bb000000000803cd34-01,6a0ed2bb000000000803cd34,GRP-XHS-6a0ed2bb000000000803cd34,#Gorpcore,gorpcore夏日轻户外,gorpcore夏日轻户外,2026-05-22,Dataset/xhs/xiaohongshu_images/Gorpcore/6a0ed2bb000000000803cd34/image_01.webp,#DCE0E1,#545838,white,white,unknown,Unclear,False,False,False,False,Unclear,Outdoor,unclear,gorpcore | gorp | 户外,,positive,1.0,,,,户外,,0.4,text_heuristic,0.4,ok
GRP-XHS-6a0ed2bb000000000803cd34-02,6a0ed2bb000000000803cd34,GRP-XHS-6a0ed2bb000000000803cd34,#Gorpcore,gorpcore夏日轻户外,gorpcore夏日轻户外,2026-05-22,Dataset/xhs/xiaohongshu_images/Gorpcore/6a0ed2bb000000000803cd34/image_02.webp,#5A5F29,#848449,yellow green,olive_or_green,unknown,Unclear,False,False,False,False,Unclear,Outdoor,unclear,gorpcore | gorp | 户外,,positive,1.0,,,,户外,,0.4,text_heuristic,0.4,ok
GRP-XHS-6a0ed2bb000000000803cd34-03,6a0ed2bb000000000803cd34,GRP-XHS-6a0ed2bb000000000803cd34,#Gorpcore,gorpcore夏日轻户外,gorpcore夏日轻户外,2026-05-22,Dataset/xhs/xiaohongshu_images/Gorpcore/6a0ed2bb000000000803cd34/image_03.webp,#676255,#888276,brown,brown,unknown,Unclear,False,False,False,False,Unclear,Outdoor,unclear,gorpcore | gorp | 户外,,positive,1.0,,,,户外,,0.4,text_heuristic,0.4,ok
GRP-XHS-6a0ed2bb000000000803cd34-04,6a0ed2bb000000000803cd34,GRP-XHS-6a0ed2bb000000000803cd34,#Gorpcore,gorpcore夏日轻户外,gorpcore夏日轻户外,2026-05-22,Dataset/xhs/xiaohongshu_images/Gorpcore/6a0ed2bb000000000803cd34/image_04.webp,#E4E4E3,#979E9E,white,white,unknown,Unclear,False,False,False,False,Unclear,Outdoor,unclear,gorpcore | gorp | 户外,,positive,1.0,,,,户外,,0.4,text_heuristic,0.4,ok
GRP-XHS-6a0ed2bb000000000803cd34-05,6a0ed2bb000000000803cd34,GRP-XHS-6a0ed2bb000000000803cd34,#Gorpcore,gorpcore夏日轻户外,gorpcore夏日轻户外,2026-05-22,Dataset/xhs/xiaohongshu_images/Gorpcore/6a0ed2bb000000000803cd34/image_05.webp,#727779,#2C331A,gray,gray,unknown,Unclear,False,False,False,False,Unclear,Outdoor,unclear,gorpcore | gorp | 户外,,positive,1.0,,,,户外,,0.4,text_heuristic,0.4,ok
GRP-XHS-6a0ed2bb000000000803cd34-07,6a0ed2bb000000000803cd34,GRP-XHS-6a0ed2bb000000000803cd34,#Gorpcore,gorpcore夏日轻户外,gorpcore夏日轻户外,2026-05-22,Dataset/xhs/xiaohongshu_images/Gorpcore/6a0ed2bb000000000803cd34/image_07.webp,#E7EBEE,#61653E,white,white,unknown,Unclear,False,False,False,False,Unclear,Outdoor,unclear,gorpcore | gorp | 户外,,positive,1.0,,,,户外,,0.4,text_heuristic,0.4,ok
GRP-XHS-6a0ed2bb000000000803cd34-08,6a0ed2bb000000000803cd34,GRP-XHS-6a0ed2bb000000000803cd34,#Gorpcore,gorpcore夏日轻户外,gorpcore夏日轻户外,2026-05-22,Dataset/xhs/xiaohongshu_images/Gorpcore/6a0ed2bb000000000803cd34/image_08.webp,#555335,#8C8567,olive,olive_or_green,unknown,Unclear,False,False,False,False,Unclear,Outdoor,unclear,gorpcore | gorp | 户外,,positive,1.0,,,,户外,,0.4,text_heuristic,0.4,ok
GRP-XHS-6a0d34f40000000007022e4b-01,6a0d34f40000000007022e4b,GRP-XHS-6a0d34f40000000007022e4b,#Gorpcore,Gorpcore｜在绿野间漫步🍃,Gorpcore｜在绿野间漫步🍃,2026-05-21,Dataset/xhs/xiaohongshu_images/Gorpcore/6a0d34f40000000007022e4b/image_01.webp,#0E180F,#2B3C2E,black,black,unknown,Unclear,False,False,False,False,Unclear,Unclear,unclear,,,neutral,,,,,,,,unknown,0.0,ok
GRP-XHS-6a0d34f40000000007022e4b-03,6a0d34f40000000007022e4b,GRP-XHS-6a0d34f40000000007022e4b,#Gorpcore,Gorpcore｜在绿野间漫步🍃,Gorpcore｜在绿野间漫步🍃,2026-05-21,Dataset/xhs/xiaohongshu_images/Gorpcore/6a0d34f40000000007022e4b/image_03.webp,#2C371D,#475133,yellow green,olive_or_green,unknown,Unclear,False,False,False,False,Unclear,Unclear,unclear,,,neutral,,,,,,,,unknown,0.0,ok
GRP-XHS-6a0d34f40000000007022e4b-04,6a0d34f40000000007022e4b,GRP-XHS-6a0d34f40000000007022e4b,#Gorpcore,Gorpcore｜在绿野间漫步🍃,Gorpcore｜在绿野间漫步🍃,2026-05-21,Dataset/xhs/xiaohongshu_images/Gorpcore/6a0d34f40000000007022e4b/image_04.webp,#060B07,#C1CAD1,black,black,unknown,Unclear,False,False,False,False,Unclear,Unclear,unclear,,,neutral,,,,,,,,unknown,0.0,ok
GRP-XHS-6a0d34f40000000007022e4b-05,6a0d34f40000000007022e4b,GRP-XHS-6a0d34f40000000007022e4b,#Gorpcore,Gorpcore｜在绿野间漫步🍃,Gorpcore｜在绿野间漫步🍃,2026-05-21,Dataset/xhs/xiaohongshu_images/Gorpcore/6a0d34f40000000007022e4b/image_05.webp,#2B361A,#4C5133,yellow green,olive_or_green,unknown,Unclear,False,False,False,False,Unclear,Unclear,unclear,,,neutral,,,,,,,,unknown,0.0,ok
GRP-XHS-6a0d34f40000000007022e4b-06,6a0d34f40000000007022e4b,GRP-XHS-6a0d34f40000000007022e4b,#Gorpcore,Gorpcore｜在绿野间漫步🍃,Gorpcore｜在绿野间漫步🍃,2026-05-21,Dataset/xhs/xiaohongshu_images/Gorpcore/6a0d34f40000000007022e4b/image_06.webp,#0E190E,#283628,black,black,unknown,Unclear,False,False,False,False,Unclear,Unclear,unclear,,,neutral,,,,,,,,unknown,0.0,ok
GRP-XHS-6a0d34f40000000007022e4b-07,6a0d34f40000000007022e4b,GRP-XHS-6a0d34f40000000007022e4b,#Gorpcore,Gorpcore｜在绿野间漫步🍃,Gorpcore｜在绿野间漫步🍃,2026-05-21,Dataset/xhs/xiaohongshu_images/Gorpcore/6a0d34f40000000007022e4b/image_07.webp,#56613C,#0B0D0C,olive,olive_or_green,unknown,Unclear,False,False,False,False,Unclear,Unclear,unclear,,,neutral,,,,,,,,unknown,0.0,ok
GRP-XHS-6a0d34f40000000007022e4b-08,6a0d34f40000000007022e4b,GRP-XHS-6a0d34f40000000007022e4b,#Gorpcore,Gorpcore｜在绿野间漫步🍃,Gorpcore｜在绿野间漫步🍃,2026-05-21,Dataset/xhs/xiaohongshu_images/Gorpcore/6a0d34f40000000007022e4b/image_08.webp,#0C0C07,#302519,black,black,unknown,Unclear,False,False,False,False,Unclear,Unclear,unclear,,,neutral,,,,,,,,unknown,0.0,ok
GRP-XHS-6a03b44f000000003701e815-01,6a03b44f000000003701e815,GRP-XHS-6a03b44f000000003701e815,#Gorpcore,小哥的GRPO经验之谈！太干了,小哥的GRPO经验之谈！太干了,2026-05-13,Dataset/xhs/xiaohongshu_images/Gorpcore/6a03b44f000000003701e815/image_01.webp,#FEFFFF,#B2B6B7,white,white,unknown,Unclear,False,False,False,False,Unclear,Unclear,unclear,,,neutral,,,,,,,,unknown,0.0,ok
GRP-XHS-69f08beb0000000035022b23-01,69f08beb0000000035022b23,GRP-XHS-69f08beb0000000035022b23,#Gorpcore,高海拔徒步定装照,高海拔徒步定装照,2026-04-28,Dataset/xhs/xiaohongshu_images/Gorpcore/69f08beb0000000035022b23/image_01.webp,#2A2724,#686968,black,black,unknown,Unclear,False,False,False,False,Unclear,Outdoor,unclear,徒步,,neutral,,,,,徒步,,0.4,text_heuristic,0.4,ok
GRP-XHS-6a0a56280000000008001c9d-01,6a0a56280000000008001c9d,GRP-XHS-6a0a56280000000008001c9d,#Gorpcore,Gorpcore｜条纹控的夏天来咯,Gorpcore｜条纹控的夏天来咯,2026-05-19,Dataset/xhs/xiaohongshu_images/Gorpcore/6a0a56280000000008001c9d/image_01.webp,#A4A49D,#DCE6DF,gray,gray,unknown,Unclear,False,False,False,False,Unclear,Unclear,unclear,,,neutral,,,,,,,,unknown,0.0,ok
GRP-XHS-69f1cf5200000000350389b9-01,69f1cf5200000000350389b9,GRP-XHS-69f1cf5200000000350389b9,#Gorpcore,光看我跑 你不打算追一下吗？,光看我跑 你不打算追一下吗？,2026-04-29,Dataset/xhs/xiaohongshu_images/Gorpcore/69f1cf5200000000350389b9/image_01.webp,#CB8279,#D5A7A1,red,red_or_orange,unknown,Unclear,False,False,False,False,Unclear,Unclear,unclear,,,neutral,,,,,,,,unknown,0.0,ok
GRP-XHS-69f1cf5200000000350389b9-02,69f1cf5200000000350389b9,GRP-XHS-69f1cf5200000000350389b9,#Gorpcore,光看我跑 你不打算追一下吗？,光看我跑 你不打算追一下吗？,2026-04-29,Dataset/xhs/xiaohongshu_images/Gorpcore/69f1cf5200000000350389b9/image_02.webp,#CA8174,#E1A697,red,red_or_orange,unknown,Unclear,False,False,False,False,Unclear,Unclear,unclear,,,neutral,,,,,,,,unknown,0.0,ok
GRP-XHS-69f1cf5200000000350389b9-03,69f1cf5200000000350389b9,GRP-XHS-69f1cf5200000000350389b9,#Gorpcore,光看我跑 你不打算追一下吗？,光看我跑 你不打算追一下吗？,2026-04-29,Dataset/xhs/xiaohongshu_images/Gorpcore/69f1cf5200000000350389b9/image_03.webp,#BF7871,#CEA29C,red,red_or_orange,unknown,Unclear,False,False,False,False,Unclear,Unclear,unclear,,,neutral,,,,,,,,unknown,0.0,ok
GRP-XHS-69f1cf5200000000350389b9-04,69f1cf5200000000350389b9,GRP-XHS-69f1cf5200000000350389b9,#Gorpcore,光看我跑 你不打算追一下吗？,光看我跑 你不打算追一下吗？,2026-04-29,Dataset/xhs/xiaohongshu_images/Gorpcore/69f1cf5200000000350389b9/image_04.webp,#CF786D,#63815B,red,red_or_orange,unknown,Unclear,False,False,False,False,Unclear,Unclear,unclear,,,neutral,,,,,,,,unknown,0.0,ok
GRP-XHS-69f1cf5200000000350389b9-05,69f1cf5200000000350389b9,GRP-XHS-69f1cf5200000000350389b9,#Gorpcore,光看我跑 你不打算追一下吗？,光看我跑 你不打算追一下吗？,2026-04-29,Dataset/xhs/xiaohongshu_images/Gorpcore/69f1cf5200000000350389b9/image_05.webp,#C87868,#DEA898,red,red_or_orange,unknown,Unclear,False,False,False,False,Unclear,Unclear,unclear,,,neutral,,,,,,,,unknown,0.0,ok
GRP-XHS-69f1cf5200000000350389b9-06,69f1cf5200000000350389b9,GRP-XHS-69f1cf5200000000350389b9,#Gorpcore,光看我跑 你不打算追一下吗？,光看我跑 你不打算追一下吗？,2026-04-29,Dataset/xhs/xiaohongshu_images/Gorpcore/69f1cf5200000000350389b9/image_06.webp,#D06C5E,#BB574A,red,red_or_orange,unknown,Unclear,False,False,False,False,Unclear,Unclear,unclear,,,neutral,,,,,,,,unknown,0.0,ok
GRP-XHS-69f1cf5200000000350389b9-07,69f1cf5200000000350389b9,GRP-XHS-69f1cf5200000000350389b9,#Gorpcore,光看我跑 你不打算追一下吗？,光看我跑 你不打算追一下吗？,2026-04-29,Dataset/xhs/xiaohongshu_images/Gorpcore/69f1cf5200000000350389b9/image_07.webp,#BB7567,#C39C87,red,red_or_orange,unknown,Unclear,False,False,False,False,Unclear,Unclear,unclear,,,neutral,,,,,,,,unknown,0.0,ok
GRP-XHS-69f1cf5200000000350389b9-08,69f1cf5200000000350389b9,GRP-XHS-69f1cf5200000000350389b9,#Gorpcore,光看我跑 你不打算追一下吗？,光看我跑 你不打算追一下吗？,2026-04-29,Dataset/xhs/xiaohongshu_images/Gorpcore/69f1cf5200000000350389b9/image_08.webp,#C7887C,#DCD3D0,red,red_or_orange,unknown,Unclear,False,False,False,False,Unclear,Unclear,unclear,,,neutral,,,,,,,,unknown,0.0,ok
GRP-XHS-684bf88e000000002102d871-01,684bf88e000000002102d871,GRP-XHS-684bf88e000000002102d871,#Gorpcore,📷定格边佑锡的夏日胶片日志,📷定格边佑锡的夏日胶片日志,2025-06-16,Dataset/xhs/xiaohongshu_images/Gorpcore/684bf88e000000002102d871/image_01.webp,#7A836F,#454C3A,green,olive_or_green,unknown,Unclear,False,False,False,False,Unclear,Unclear,unclear,,,neutral,,,,,,,,unknown,0.0,ok
GRP-XHS-68c37ba0000000001d02c498-01,68c37ba0000000001d02c498,GRP-XHS-68c37ba0000000001d02c498,#Gorpcore,【Qwen】GSPO：让大模型RLHF进入新纪元,【Qwen】GSPO：让大模型RLHF进入新纪元,2025-09-12,Dataset/xhs/xiaohongshu_images/Gorpcore/68c37ba0000000001d02c498/image_01.webp,#FFFFFF,#CBCBCB,white,white,unknown,Unclear,False,False,False,False,Unclear,Unclear,unclear,,,neutral,,,,,,,,unknown,0.0,ok
GRP-XHS-68c37ba0000000001d02c498-02,68c37ba0000000001d02c498,GRP-XHS-68c37ba0000000001d02c498,#Gorpcore,【Qwen】GSPO：让大模型RLHF进入新纪元,【Qwen】GSPO：让大模型RLHF进入新纪元,2025-09-12,Dataset/xhs/xiaohongshu_images/Gorpcore/68c37ba0000000001d02c498/image_02.webp,#FFFFFF,#E7E8E7,white,white,unknown,Unclear,False,False,False,False,Unclear,Unclear,unclear,,,neutral,,,,,,,,unknown,0.0,ok
GRP-XHS-68c37ba0000000001d02c498-03,68c37ba0000000001d02c498,GRP-XHS-68c37ba0000000001d02c498,#Gorpcore,【Qwen】GSPO：让大模型RLHF进入新纪元,【Qwen】GSPO：让大模型RLHF进入新纪元,2025-09-12,Dataset/xhs/xiaohongshu_images/Gorpcore/68c37ba0000000001d02c498/image_03.webp,#FFFFFF,#D2D3D2,white,white,unknown,Unclear,False,False,False,False,Unclear,Unclear,unclear,,,neutral,,,,,,,,unknown,0.0,ok
GRP-XHS-68c37ba0000000001d02c498-04,68c37ba0000000001d02c498,GRP-XHS-68c37ba0000000001d02c498,#Gorpcore,【Qwen】GSPO：让大模型RLHF进入新纪元,【Qwen】GSPO：让大模型RLHF进入新纪元,2025-09-12,Dataset/xhs/xiaohongshu_images/Gorpcore/68c37ba0000000001d02c498/image_04.webp,#FFFFFF,#D3D6D3,white,white,unknown,Unclear,False,False,False,False,Unclear,Unclear,unclear,,,neutral,,,,,,,,unknown,0.0,ok
GRP-XHS-6a0c5cb2000000003502e4b5-01,6a0c5cb2000000003502e4b5,GRP-XHS-6a0c5cb2000000003502e4b5,#Gorpcore,户外服装厂日常｜波澜不惊的日复一日🧚🏻‍♀️,户外服装厂日常｜波澜不惊的日复一日🧚🏻‍♀️,2026-05-20,Dataset/xhs/xiaohongshu_images/Gorpcore/6a0c5cb2000000003502e4b5/image_01.webp,#8C8C83,#ACB2AD,gray,gray,unknown,Unclear,False,False,False,False,Unclear,Outdoor,unclear,户外 | 日常,,positive,1.0,,,,日常 | 户外,,0.4,text_heuristic,0.4,ok
GRP-XHS-6a0c5cb2000000003502e4b5-02,6a0c5cb2000000003502e4b5,GRP-XHS-6a0c5cb2000000003502e4b5,#Gorpcore,户外服装厂日常｜波澜不惊的日复一日🧚🏻‍♀️,户外服装厂日常｜波澜不惊的日复一日🧚🏻‍♀️,2026-05-20,Dataset/xhs/xiaohongshu_images/Gorpcore/6a0c5cb2000000003502e4b5/image_02.webp,#404144,#726F68,gray,gray,unknown,Unclear,False,False,False,False,Unclear,Outdoor,unclear,户外 | 日常,,positive,1.0,,,,日常 | 户外,,0.4,text_heuristic,0.4,ok
GRP-XHS-6a0c5cb2000000003502e4b5-03,6a0c5cb2000000003502e4b5,GRP-XHS-6a0c5cb2000000003502e4b5,#Gorpcore,户外服装厂日常｜波澜不惊的日复一日🧚🏻‍♀️,户外服装厂日常｜波澜不惊的日复一日🧚🏻‍♀️,2026-05-20,Dataset/xhs/xiaohongshu_images/Gorpcore/6a0c5cb2000000003502e4b5/image_03.webp,#373122,#5C5540,brown,brown,unknown,Unclear,False,False,False,False,Unclear,Outdoor,unclear,户外 | 日常,,positive,1.0,,,,日常 | 户外,,0.4,text_heuristic,0.4,ok
GRP-XHS-6a0c5cb2000000003502e4b5-04,6a0c5cb2000000003502e4b5,GRP-XHS-6a0c5cb2000000003502e4b5,#Gorpcore,户外服装厂日常｜波澜不惊的日复一日🧚🏻‍♀️,户外服装厂日常｜波澜不惊的日复一日🧚🏻‍♀️,2026-05-20,Dataset/xhs/xiaohongshu_images/Gorpcore/6a0c5cb2000000003502e4b5/image_04.webp,#A8A9A3,#CECFCC,gray,gray,unknown,Unclear,False,False,False,False,Unclear,Outdoor,unclear,户外 | 日常,,positive,1.0,,,,日常 | 户外,,0.4,text_heuristic,0.4,ok
GRP-XHS-6a0c5cb2000000003502e4b5-05,6a0c5cb2000000003502e4b5,GRP-XHS-6a0c5cb2000000003502e4b5,#Gorpcore,户外服装厂日常｜波澜不惊的日复一日🧚🏻‍♀️,户外服装厂日常｜波澜不惊的日复一日🧚🏻‍♀️,2026-05-20,Dataset/xhs/xiaohongshu_images/Gorpcore/6a0c5cb2000000003502e4b5/image_05.webp,#807C77,#5B5859,gray,gray,unknown,Unclear,False,False,False,False,Unclear,Outdoor,unclear,户外 | 日常,,positive,1.0,,,,日常 | 户外,,0.4,text_heuristic,0.4,ok
GRP-XHS-6a0c5cb2000000003502e4b5-06,6a0c5cb2000000003502e4b5,GRP-XHS-6a0c5cb2000000003502e4b5,#Gorpcore,户外服装厂日常｜波澜不惊的日复一日🧚🏻‍♀️,户外服装厂日常｜波澜不惊的日复一日🧚🏻‍♀️,2026-05-20,Dataset/xhs/xiaohongshu_images/Gorpcore/6a0c5cb2000000003502e4b5/image_06.webp,#D1D1CB,#1F2120,white,white,unknown,Unclear,False,False,False,False,Unclear,Outdoor,unclear,户外 | 日常,,positive,1.0,,,,日常 | 户外,,0.4,text_heuristic,0.4,ok
GRP-XHS-6a0c5cb2000000003502e4b5-07,6a0c5cb2000000003502e4b5,GRP-XHS-6a0c5cb2000000003502e4b5,#Gorpcore,户外服装厂日常｜波澜不惊的日复一日🧚🏻‍♀️,户外服装厂日常｜波澜不惊的日复一日🧚🏻‍♀️,2026-05-20,Dataset/xhs/xiaohongshu_images/Gorpcore/6a0c5cb2000000003502e4b5/image_07.webp,#838481,#6A6050,gray,gray,unknown,Unclear,False,False,False,False,Unclear,Outdoor,unclear,户外 | 日常,,positive,1.0,,,,日常 | 户外,,0.4,text_heuristic,0.4,ok
GRP-XHS-6a0c5cb2000000003502e4b5-08,6a0c5cb2000000003502e4b5,GRP-XHS-6a0c5cb2000000003502e4b5,#Gorpcore,户外服装厂日常｜波澜不惊的日复一日🧚🏻‍♀️,户外服装厂日常｜波澜不惊的日复一日🧚🏻‍♀️,2026-05-20,Dataset/xhs/xiaohongshu_images/Gorpcore/6a0c5cb2000000003502e4b5/image_08.webp,#808079,#62645E,gray,gray,unknown,Unclear,False,False,False,False,Unclear,Outdoor,unclear,户外 | 日常,,positive,1.0,,,,日常 | 户外,,0.4,text_heuristic,0.4,ok
GRP-XHS-6a0c5cb2000000003502e4b5-09,6a0c5cb2000000003502e4b5,GRP-XHS-6a0c5cb2000000003502e4b5,#Gorpcore,户外服装厂日常｜波澜不惊的日复一日🧚🏻‍♀️,户外服装厂日常｜波澜不惊的日复一日🧚🏻‍♀️,2026-05-20,Dataset/xhs/xiaohongshu_images/Gorpcore/6a0c5cb2000000003502e4b5/image_09.webp,#826E3B,#B29D56,yellow,yellow,unknown,Unclear,False,False,False,False,Unclear,Outdoor,unclear,户外 | 日常,,positive,1.0,,,,日常 | 户外,,0.4,text_heuristic,0.4,ok
GRP-XHS-6a0c5cb2000000003502e4b5-10,6a0c5cb2000000003502e4b5,GRP-XHS-6a0c5cb2000000003502e4b5,#Gorpcore,户外服装厂日常｜波澜不惊的日复一日🧚🏻‍♀️,户外服装厂日常｜波澜不惊的日复一日🧚🏻‍♀️,2026-05-20,Dataset/xhs/xiaohongshu_images/Gorpcore/6a0c5cb2000000003502e4b5/image_10.webp,#342F30,#3F393A,gray,gray,unknown,Unclear,False,False,False,False,Unclear,Outdoor,unclear,户外 | 日常,,positive,1.0,,,,日常 | 户外,,0.4,text_heuristic,0.4,ok
GRP-XHS-6a05510b0000000036031cbe-01,6a05510b0000000036031cbe,GRP-XHS-6a05510b0000000036031cbe,#Gorpcore,,,2026-05-14,Dataset/xhs/xiaohongshu_images/Gorpcore/6a05510b0000000036031cbe/image_01.webp,#171816,#78796F,black,black,unknown,Unclear,False,False,False,False,Unclear,Unclear,unclear,,,neutral,,,,,,,,unknown,0.0,ok
GRP-XHS-6a05510b0000000036031cbe-02,6a05510b0000000036031cbe,GRP-XHS-6a05510b0000000036031cbe,#Gorpcore,,,2026-05-14,Dataset/xhs/xiaohongshu_images/Gorpcore/6a05510b0000000036031cbe/image_02.webp,#080B0A,#1E2221,black,black,unknown,Unclear,False,False,False,False,Unclear,Unclear,unclear,,,neutral,,,,,,,,unknown,0.0,ok
GRP-XHS-6a05510b0000000036031cbe-03,6a05510b0000000036031cbe,GRP-XHS-6a05510b0000000036031cbe,#Gorpcore,,,2026-05-14,Dataset/xhs/xiaohongshu_images/Gorpcore/6a05510b0000000036031cbe/image_03.webp,#67530F,#4A4238,brown,brown,unknown,Unclear,False,False,False,False,Unclear,Unclear,unclear,,,neutral,,,,,,,,unknown,0.0,ok
GRP-XHS-6a05510b0000000036031cbe-04,6a05510b0000000036031cbe,GRP-XHS-6a05510b0000000036031cbe,#Gorpcore,,,2026-05-14,Dataset/xhs/xiaohongshu_images/Gorpcore/6a05510b0000000036031cbe/image_04.webp,#4F4D47,#A39C8E,gray,gray,unknown,Unclear,False,False,False,False,Unclear,Unclear,unclear,,,neutral,,,,,,,,unknown,0.0,ok
GRP-XHS-6a0aa1b7000000003601ec65-01,6a0aa1b7000000003601ec65,GRP-XHS-6a0aa1b7000000003601ec65,#Gorpcore,ootd｜美式街头夏日穿搭,ootd｜美式街头夏日穿搭,2026-05-21,Dataset/xhs/xiaohongshu_images/Gorpcore/6a0aa1b7000000003601ec65/image_01.webp,#887A67,#D9D5CD,khaki,khaki_or_beige,unknown,Unclear,False,False,False,False,Unclear,Unclear,unclear,穿搭,,neutral,,,,,,,,unknown,0.0,ok
GRP-XHS-6a07567c000000000800167d-01,6a07567c000000000800167d,GRP-XHS-6a07567c000000000800167d,#Gorpcore,世首萌,世首萌,2026-05-17,Dataset/xhs/xiaohongshu_images/Gorpcore/6a07567c000000000800167d/image_01.webp,#FCFBFB,#F8EB27,white,white,unknown,Unclear,False,False,False,False,Unclear,Unclear,unclear,,,neutral,,,,,,,,unknown,0.0,ok
GRP-XHS-687616360000000024008944-01,687616360000000024008944,GRP-XHS-687616360000000024008944,#Gorpcore,爱你们希望你们喜欢,爱你们希望你们喜欢,2025-07-15,Dataset/xhs/xiaohongshu_images/Gorpcore/687616360000000024008944/image_01.webp,#90705D,#FBF9E6,orange,red_or_orange,unknown,Unclear,False,False,False,False,Unclear,Unclear,unclear,,,positive,1.0,,,,,,,unknown,0.0,ok
GRP-XHS-69fc8174000000001f005fe7-01,69fc8174000000001f005fe7,GRP-XHS-69fc8174000000001f005fe7,#Gorpcore,Patagonia SST飞钓夹克｜山系Gorpcore毕业款,Patagonia SST飞钓夹克｜山系Gorpcore毕业款,2026-05-07,Dataset/xhs/xiaohongshu_images/Gorpcore/69fc8174000000001f005fe7/image_01.webp,#D8D6D2,#797A7C,white,white,unknown,Unclear,False,False,False,False,Unclear,Unclear,unclear,山系,,neutral,,,,,,,,unknown,0.0,ok
GRP-XHS-69fc8174000000001f005fe7-02,69fc8174000000001f005fe7,GRP-XHS-69fc8174000000001f005fe7,#Gorpcore,Patagonia SST飞钓夹克｜山系Gorpcore毕业款,Patagonia SST飞钓夹克｜山系Gorpcore毕业款,2026-05-07,Dataset/xhs/xiaohongshu_images/Gorpcore/69fc8174000000001f005fe7/image_02.webp,#53524D,#6E6E69,gray,gray,unknown,Unclear,False,False,False,False,Unclear,Unclear,unclear,山系,,neutral,,,,,,,,unknown,0.0,ok
GRP-XHS-69fc8174000000001f005fe7-03,69fc8174000000001f005fe7,GRP-XHS-69fc8174000000001f005fe7,#Gorpcore,Patagonia SST飞钓夹克｜山系Gorpcore毕业款,Patagonia SST飞钓夹克｜山系Gorpcore毕业款,2026-05-07,Dataset/xhs/xiaohongshu_images/Gorpcore/69fc8174000000001f005fe7/image_03.webp,#DBDBDA,#B9B9B6,white,white,unknown,Unclear,False,False,False,False,Unclear,Unclear,unclear,山系,,neutral,,,,,,,,unknown,0.0,ok
GRP-XHS-69fc8174000000001f005fe7-05,69fc8174000000001f005fe7,GRP-XHS-69fc8174000000001f005fe7,#Gorpcore,Patagonia SST飞钓夹克｜山系Gorpcore毕业款,Patagonia SST飞钓夹克｜山系Gorpcore毕业款,2026-05-07,Dataset/xhs/xiaohongshu_images/Gorpcore/69fc8174000000001f005fe7/image_05.webp,#A5A39E,#817F7A,gray,gray,unknown,Unclear,False,False,False,False,Unclear,Unclear,unclear,山系,,neutral,,,,,,,,unknown,0.0,ok
GRP-XHS-69fd66fd000000003601d750-01,69fd66fd000000003601d750,GRP-XHS-69fd66fd000000003601d750,#Gorpcore,始祖鸟5月新品 山系穿搭终于开始高级起来了,始祖鸟5月新品 山系穿搭终于开始高级起来了,2026-05-08,Dataset/xhs/xiaohongshu_images/Gorpcore/69fd66fd000000003601d750/image_01.webp,#E8E3DF,#C7B3BB,white,white,unknown,Unclear,False,False,False,False,Unclear,Unclear,unclear,始祖鸟 | 穿搭 | 山系,,neutral,,,,,,,,unknown,0.0,ok
GRP-XHS-69fd66fd000000003601d750-02,69fd66fd000000003601d750,GRP-XHS-69fd66fd000000003601d750,#Gorpcore,始祖鸟5月新品 山系穿搭终于开始高级起来了,始祖鸟5月新品 山系穿搭终于开始高级起来了,2026-05-08,Dataset/xhs/xiaohongshu_images/Gorpcore/69fd66fd000000003601d750/image_02.webp,#EAE7E2,#FEFEFD,white,white,unknown,Unclear,False,False,False,False,Unclear,Unclear,unclear,始祖鸟 | 穿搭 | 山系,,neutral,,,,,,,,unknown,0.0,ok
GRP-XHS-69fd66fd000000003601d750-03,69fd66fd000000003601d750,GRP-XHS-69fd66fd000000003601d750,#Gorpcore,始祖鸟5月新品 山系穿搭终于开始高级起来了,始祖鸟5月新品 山系穿搭终于开始高级起来了,2026-05-08,Dataset/xhs/xiaohongshu_images/Gorpcore/69fd66fd000000003601d750/image_03.webp,#E1DDD5,#FFFFFF,white,white,unknown,Unclear,False,False,False,False,Unclear,Unclear,unclear,始祖鸟 | 穿搭 | 山系,,neutral,,,,,,,,unknown,0.0,ok
GRP-XHS-69fd66fd000000003601d750-05,69fd66fd000000003601d750,GRP-XHS-69fd66fd000000003601d750,#Gorpcore,始祖鸟5月新品 山系穿搭终于开始高级起来了,始祖鸟5月新品 山系穿搭终于开始高级起来了,2026-05-08,Dataset/xhs/xiaohongshu_images/Gorpcore/69fd66fd000000003601d750/image_05.webp,#EAE7E3,#FFFFFF,white,white,unknown,Unclear,False,False,False,False,Unclear,Unclear,unclear,始祖鸟 | 穿搭 | 山系,,neutral,,,,,,,,unknown,0.0,ok
GRP-XHS-69fd66fd000000003601d750-06,69fd66fd000000003601d750,GRP-XHS-69fd66fd000000003601d750,#Gorpcore,始祖鸟5月新品 山系穿搭终于开始高级起来了,始祖鸟5月新品 山系穿搭终于开始高级起来了,2026-05-08,Dataset/xhs/xiaohongshu_images/Gorpcore/69fd66fd000000003601d750/image_06.webp,#E4E1DF,#FEFEFE,white,white,unknown,Unclear,False,False,False,False,Unclear,Unclear,unclear,始祖鸟 | 穿搭 | 山系,,neutral,,,,,,,,unknown,0.0,ok
GRP-XHS-69fd66fd000000003601d750-09,69fd66fd000000003601d750,GRP-XHS-69fd66fd000000003601d750,#Gorpcore,始祖鸟5月新品 山系穿搭终于开始高级起来了,始祖鸟5月新品 山系穿搭终于开始高级起来了,2026-05-08,Dataset/xhs/xiaohongshu_images/Gorpcore/69fd66fd000000003601d750/image_09.webp,#EDE7E0,#FFFFFE,white,white,unknown,Unclear,False,False,False,False,Unclear,Unclear,unclear,始祖鸟 | 穿搭 | 山系,,neutral,,,,,,,,unknown,0.0,ok
GRP-XHS-6a0a63a4000000000803e2f7-01,6a0a63a4000000000803e2f7,GRP-XHS-6a0a63a4000000000803e2f7,#Gorpcore,现身,现身,2026-05-19,Dataset/xhs/xiaohongshu_images/Gorpcore/6a0a63a4000000000803e2f7/image_01.webp,#161B1B,#5D5B56,black,black,unknown,Unclear,False,False,False,False,Unclear,Unclear,unclear,,,neutral,,,,,,,,unknown,0.0,ok
GRP-XHS-6a0ee0480000000035039a6c-01,6a0ee0480000000035039a6c,GRP-XHS-6a0ee0480000000035039a6c,#Gorpcore,《不去跑山也能穿 越野跑鞋捕获都市潮人》,《不去跑山也能穿 越野跑鞋捕获都市潮人》,2026-05-22,Dataset/xhs/xiaohongshu_images/Gorpcore/6a0ee0480000000035039a6c/image_01.webp,#3E585C,#1B2B2E,blue,blue,unknown,Unclear,False,False,False,False,Unclear,Unclear,unclear,,,neutral,,,,,,,,unknown,0.0,ok
GRP-XHS-698c2730000000001a029b8f-01,698c2730000000001a029b8f,GRP-XHS-698c2730000000001a029b8f,#Gorpcore,🇨🇦加拿大小狗狗火在巴西🇧🇷,🇨🇦加拿大小狗狗火在巴西🇧🇷,2026-02-11,Dataset/xhs/xiaohongshu_images/Gorpcore/698c2730000000001a029b8f/image_01.webp,#FBFCFC,#1E232C,white,white,unknown,Unclear,False,False,False,False,Unclear,Unclear,unclear,,,neutral,,,,,,,,unknown,0.0,ok
GRP-XHS-69870ff70000000009039a7b-01,69870ff70000000009039a7b,GRP-XHS-69870ff70000000009039a7b,#Gorpcore,攀岩传奇| 真正的攀登是与岩壁的对话,攀岩传奇| 真正的攀登是与岩壁的对话,2026-02-07,Dataset/xhs/xiaohongshu_images/Gorpcore/69870ff70000000009039a7b/image_01.webp,#372B27,#B9A395,red,red_or_orange,unknown,Unclear,False,False,False,False,Unclear,Unclear,unclear,,,neutral,,,,,,,,unknown,0.0,ok
GRP-XHS-69870ff70000000009039a7b-02,69870ff70000000009039a7b,GRP-XHS-69870ff70000000009039a7b,#Gorpcore,攀岩传奇| 真正的攀登是与岩壁的对话,攀岩传奇| 真正的攀登是与岩壁的对话,2026-02-07,Dataset/xhs/xiaohongshu_images/Gorpcore/69870ff70000000009039a7b/image_02.webp,#080908,#1A1A1A,black,black,unknown,Unclear,False,False,False,False,Unclear,Unclear,unclear,,,neutral,,,,,,,,unknown,0.0,ok
GRP-XHS-69870ff70000000009039a7b-03,69870ff70000000009039a7b,GRP-XHS-69870ff70000000009039a7b,#Gorpcore,攀岩传奇| 真正的攀登是与岩壁的对话,攀岩传奇| 真正的攀登是与岩壁的对话,2026-02-07,Dataset/xhs/xiaohongshu_images/Gorpcore/69870ff70000000009039a7b/image_03.webp,#090908,#1C1C1C,black,black,unknown,Unclear,False,False,False,False,Unclear,Unclear,unclear,,,neutral,,,,,,,,unknown,0.0,ok
GRP-XHS-69870ff70000000009039a7b-04,69870ff70000000009039a7b,GRP-XHS-69870ff70000000009039a7b,#Gorpcore,攀岩传奇| 真正的攀登是与岩壁的对话,攀岩传奇| 真正的攀登是与岩壁的对话,2026-02-07,Dataset/xhs/xiaohongshu_images/Gorpcore/69870ff70000000009039a7b/image_04.webp,#846356,#5B4137,orange,red_or_orange,unknown,Unclear,False,False,False,False,Unclear,Unclear,unclear,,,neutral,,,,,,,,unknown,0.0,ok
GRP-XHS-69870ff70000000009039a7b-05,69870ff70000000009039a7b,GRP-XHS-69870ff70000000009039a7b,#Gorpcore,攀岩传奇| 真正的攀登是与岩壁的对话,攀岩传奇| 真正的攀登是与岩壁的对话,2026-02-07,Dataset/xhs/xiaohongshu_images/Gorpcore/69870ff70000000009039a7b/image_05.webp,#7A594A,#9D7764,orange,red_or_orange,unknown,Unclear,False,False,False,False,Unclear,Unclear,unclear,,,neutral,,,,,,,,unknown,0.0,ok
GRP-XHS-69870ff70000000009039a7b-06,69870ff70000000009039a7b,GRP-XHS-69870ff70000000009039a7b,#Gorpcore,攀岩传奇| 真正的攀登是与岩壁的对话,攀岩传奇| 真正的攀登是与岩壁的对话,2026-02-07,Dataset/xhs/xiaohongshu_images/Gorpcore/69870ff70000000009039a7b/image_06.webp,#98745F,#1D4C85,orange,red_or_orange,unknown,Unclear,False,False,False,False,Unclear,Unclear,unclear,,,neutral,,,,,,,,unknown,0.0,ok
GRP-XHS-69870ff70000000009039a7b-07,69870ff70000000009039a7b,GRP-XHS-69870ff70000000009039a7b,#Gorpcore,攀岩传奇| 真正的攀登是与岩壁的对话,攀岩传奇| 真正的攀登是与岩壁的对话,2026-02-07,Dataset/xhs/xiaohongshu_images/Gorpcore/69870ff70000000009039a7b/image_07.webp,#755D53,#9B7F73,orange,red_or_orange,unknown,Unclear,False,False,False,False,Unclear,Unclear,unclear,,,neutral,,,,,,,,unknown,0.0,ok
GRP-XHS-69870ff70000000009039a7b-08,69870ff70000000009039a7b,GRP-XHS-69870ff70000000009039a7b,#Gorpcore,攀岩传奇| 真正的攀登是与岩壁的对话,攀岩传奇| 真正的攀登是与岩壁的对话,2026-02-07,Dataset/xhs/xiaohongshu_images/Gorpcore/69870ff70000000009039a7b/image_08.webp,#8A6C5C,#624A3F,orange,red_or_orange,unknown,Unclear,False,False,False,False,Unclear,Unclear,unclear,,,neutral,,,,,,,,unknown,0.0,ok
GRP-XHS-69870ff70000000009039a7b-09,69870ff70000000009039a7b,GRP-XHS-69870ff70000000009039a7b,#Gorpcore,攀岩传奇| 真正的攀登是与岩壁的对话,攀岩传奇| 真正的攀登是与岩壁的对话,2026-02-07,Dataset/xhs/xiaohongshu_images/Gorpcore/69870ff70000000009039a7b/image_09.webp,#050407,#2C3D5A,black,black,unknown,Unclear,False,False,False,False,Unclear,Unclear,unclear,,,neutral,,,,,,,,unknown,0.0,ok
GRP-XHS-6959103e000000001f00f209-01,6959103e000000001f00f209,GRP-XHS-6959103e000000001f00f209,#Gorpcore,开箱｜为了这碟醋包顿🥟吃,开箱｜为了这碟醋包顿🥟吃,2026-01-03,Dataset/xhs/xiaohongshu_images/Gorpcore/6959103e000000001f00f209/image_01.webp,#E1D9CD,#28221A,white,white,unknown,Unclear,False,False,False,False,Unclear,Unclear,unclear,,,neutral,,,,,,,,unknown,0.0,ok
GRP-XHS-6959103e000000001f00f209-02,6959103e000000001f00f209,GRP-XHS-6959103e000000001f00f209,#Gorpcore,开箱｜为了这碟醋包顿🥟吃,开箱｜为了这碟醋包顿🥟吃,2026-01-03,Dataset/xhs/xiaohongshu_images/Gorpcore/6959103e000000001f00f209/image_02.webp,#413A2F,#17150E,brown,brown,unknown,Unclear,False,False,False,False,Unclear,Unclear,unclear,,,neutral,,,,,,,,unknown,0.0,ok
GRP-XHS-6959103e000000001f00f209-03,6959103e000000001f00f209,GRP-XHS-6959103e000000001f00f209,#Gorpcore,开箱｜为了这碟醋包顿🥟吃,开箱｜为了这碟醋包顿🥟吃,2026-01-03,Dataset/xhs/xiaohongshu_images/Gorpcore/6959103e000000001f00f209/image_03.webp,#1D1915,#574137,black,black,unknown,Unclear,False,False,False,False,Unclear,Unclear,unclear,,,neutral,,,,,,,,unknown,0.0,ok
GRP-XHS-698f2ffe000000000e00e50f-01,698f2ffe000000000e00e50f,GRP-XHS-698f2ffe000000000e00e50f,#Gorpcore,早春徒步封神｜这件紫冲直接焊我身上⛰️,早春徒步封神｜这件紫冲直接焊我身上⛰️,2026-02-15,Dataset/xhs/xiaohongshu_images/Gorpcore/698f2ffe000000000e00e50f/image_01.webp,#E1DFDD,#3B316E,white,white,unknown,Unclear,False,False,False,False,Unclear,Outdoor,unclear,紫 | 徒步,,neutral,,紫,,,徒步,,0.4,text_heuristic,0.4,ok
GRP-XHS-698f2ffe000000000e00e50f-02,698f2ffe000000000e00e50f,GRP-XHS-698f2ffe000000000e00e50f,#Gorpcore,早春徒步封神｜这件紫冲直接焊我身上⛰️,早春徒步封神｜这件紫冲直接焊我身上⛰️,2026-02-15,Dataset/xhs/xiaohongshu_images/Gorpcore/698f2ffe000000000e00e50f/image_02.webp,#73838B,#526061,blue,blue,unknown,Unclear,False,False,False,False,Unclear,Outdoor,unclear,紫 | 徒步,,neutral,,紫,,,徒步,,0.4,text_heuristic,0.4,ok
GRP-XHS-698f2ffe000000000e00e50f-03,698f2ffe000000000e00e50f,GRP-XHS-698f2ffe000000000e00e50f,#Gorpcore,早春徒步封神｜这件紫冲直接焊我身上⛰️,早春徒步封神｜这件紫冲直接焊我身上⛰️,2026-02-15,Dataset/xhs/xiaohongshu_images/Gorpcore/698f2ffe000000000e00e50f/image_03.webp,#515D74,#758393,blue,blue,unknown,Unclear,False,False,False,False,Unclear,Outdoor,unclear,紫 | 徒步,,neutral,,紫,,,徒步,,0.4,text_heuristic,0.4,ok
GRP-XHS-698f2ffe000000000e00e50f-04,698f2ffe000000000e00e50f,GRP-XHS-698f2ffe000000000e00e50f,#Gorpcore,早春徒步封神｜这件紫冲直接焊我身上⛰️,早春徒步封神｜这件紫冲直接焊我身上⛰️,2026-02-15,Dataset/xhs/xiaohongshu_images/Gorpcore/698f2ffe000000000e00e50f/image_04.webp,#5C717F,#48544F,blue,blue,unknown,Unclear,False,False,False,False,Unclear,Outdoor,unclear,紫 | 徒步,,neutral,,紫,,,徒步,,0.4,text_heuristic,0.4,ok
GRP-XHS-698f2ffe000000000e00e50f-05,698f2ffe000000000e00e50f,GRP-XHS-698f2ffe000000000e00e50f,#Gorpcore,早春徒步封神｜这件紫冲直接焊我身上⛰️,早春徒步封神｜这件紫冲直接焊我身上⛰️,2026-02-15,Dataset/xhs/xiaohongshu_images/Gorpcore/698f2ffe000000000e00e50f/image_05.webp,#414A33,#807E44,olive,olive_or_green,unknown,Unclear,False,False,False,False,Unclear,Outdoor,unclear,紫 | 徒步,,neutral,,紫,,,徒步,,0.4,text_heuristic,0.4,ok
GRP-XHS-698f2ffe000000000e00e50f-06,698f2ffe000000000e00e50f,GRP-XHS-698f2ffe000000000e00e50f,#Gorpcore,早春徒步封神｜这件紫冲直接焊我身上⛰️,早春徒步封神｜这件紫冲直接焊我身上⛰️,2026-02-15,Dataset/xhs/xiaohongshu_images/Gorpcore/698f2ffe000000000e00e50f/image_06.webp,#141813,#3D4028,black,black,unknown,Unclear,False,False,False,False,Unclear,Outdoor,unclear,紫 | 徒步,,neutral,,紫,,,徒步,,0.4,text_heuristic,0.4,ok
GRP-XHS-698f2ffe000000000e00e50f-07,698f2ffe000000000e00e50f,GRP-XHS-698f2ffe000000000e00e50f,#Gorpcore,早春徒步封神｜这件紫冲直接焊我身上⛰️,早春徒步封神｜这件紫冲直接焊我身上⛰️,2026-02-15,Dataset/xhs/xiaohongshu_images/Gorpcore/698f2ffe000000000e00e50f/image_07.webp,#2E3139,#09090A,blue,blue,unknown,Unclear,False,False,False,False,Unclear,Outdoor,unclear,紫 | 徒步,,neutral,,紫,,,徒步,,0.4,text_heuristic,0.4,ok
GRP-XHS-69fb02180000000036030612-01,69fb02180000000036030612,GRP-XHS-69fb02180000000036030612,#Gorpcore,"龚翔宇""找不到自己的眼睛""！""排球世界""推文","龚翔宇""找不到自己的眼睛""！""排球世界""推文",2026-05-06,Dataset/xhs/xiaohongshu_images/Gorpcore/69fb02180000000036030612/image_01.webp,#F9F8F8,#DCCFD3,white,white,unknown,Unclear,False,False,False,False,Unclear,Unclear,unclear,,,neutral,,,,,,,,unknown,0.0,ok
GRP-XHS-69fb02180000000036030612-02,69fb02180000000036030612,GRP-XHS-69fb02180000000036030612,#Gorpcore,"龚翔宇""找不到自己的眼睛""！""排球世界""推文","龚翔宇""找不到自己的眼睛""！""排球世界""推文",2026-05-06,Dataset/xhs/xiaohongshu_images/Gorpcore/69fb02180000000036030612/image_02.webp,#F9F9F9,#F5F2F3,white,white,unknown,Unclear,False,False,False,False,Unclear,Unclear,unclear,,,neutral,,,,,,,,unknown,0.0,ok
GRP-XHS-69fb02180000000036030612-03,69fb02180000000036030612,GRP-XHS-69fb02180000000036030612,#Gorpcore,"龚翔宇""找不到自己的眼睛""！""排球世界""推文","龚翔宇""找不到自己的眼睛""！""排球世界""推文",2026-05-06,Dataset/xhs/xiaohongshu_images/Gorpcore/69fb02180000000036030612/image_03.webp,#F9F9F9,#979797,white,white,unknown,Unclear,False,False,False,False,Unclear,Unclear,unclear,,,neutral,,,,,,,,unknown,0.0,ok
GRP-XHS-69fb02180000000036030612-04,69fb02180000000036030612,GRP-XHS-69fb02180000000036030612,#Gorpcore,"龚翔宇""找不到自己的眼睛""！""排球世界""推文","龚翔宇""找不到自己的眼睛""！""排球世界""推文",2026-05-06,Dataset/xhs/xiaohongshu_images/Gorpcore/69fb02180000000036030612/image_04.webp,#F9F9F9,#FAFAFA,white,white,unknown,Unclear,False,False,False,False,Unclear,Unclear,unclear,,,neutral,,,,,,,,unknown,0.0,ok
GRP-XHS-6a094ab10000000036003739-01,6a094ab10000000036003739,GRP-XHS-6a094ab10000000036003739,#Gorpcore,G社：此生分明了！,G社：此生分明了！,2026-05-18,Dataset/xhs/xiaohongshu_images/Gorpcore/6a094ab10000000036003739/image_01.webp,#F7F7F7,#1E1B23,white,white,unknown,Unclear,False,False,False,False,Unclear,Unclear,unclear,,,neutral,,,,,,,,unknown,0.0,ok
GRP-XHS-6a0d911d000000003701c98a-01,6a0d911d000000003701c98a,GRP-XHS-6a0d911d000000003701c98a,#Gorpcore,小小瓦屋山🫴拿捏👍,小小瓦屋山🫴拿捏👍,2026-05-21,Dataset/xhs/xiaohongshu_images/Gorpcore/6a0d911d000000003701c98a/image_01.webp,#42432A,#717150,olive,olive_or_green,unknown,Unclear,False,False,False,False,Unclear,Unclear,unclear,,,neutral,,,,,,,,unknown,0.0,ok
GRP-XHS-6a0d911d000000003701c98a-02,6a0d911d000000003701c98a,GRP-XHS-6a0d911d000000003701c98a,#Gorpcore,小小瓦屋山🫴拿捏👍,小小瓦屋山🫴拿捏👍,2026-05-21,Dataset/xhs/xiaohongshu_images/Gorpcore/6a0d911d000000003701c98a/image_02.webp,#90B5A9,#6C6937,green,olive_or_green,unknown,Unclear,False,False,False,False,Unclear,Unclear,unclear,,,neutral,,,,,,,,unknown,0.0,ok
GRP-XHS-6a0d911d000000003701c98a-03,6a0d911d000000003701c98a,GRP-XHS-6a0d911d000000003701c98a,#Gorpcore,小小瓦屋山🫴拿捏👍,小小瓦屋山🫴拿捏👍,2026-05-21,Dataset/xhs/xiaohongshu_images/Gorpcore/6a0d911d000000003701c98a/image_03.webp,#080903,#8C7E6C,black,black,unknown,Unclear,False,False,False,False,Unclear,Unclear,unclear,,,neutral,,,,,,,,unknown,0.0,ok
GRP-XHS-6a0d911d000000003701c98a-04,6a0d911d000000003701c98a,GRP-XHS-6a0d911d000000003701c98a,#Gorpcore,小小瓦屋山🫴拿捏👍,小小瓦屋山🫴拿捏👍,2026-05-21,Dataset/xhs/xiaohongshu_images/Gorpcore/6a0d911d000000003701c98a/image_04.webp,#0A0C07,#23281A,black,black,unknown,Unclear,False,False,False,False,Unclear,Unclear,unclear,,,neutral,,,,,,,,unknown,0.0,ok
GRP-XHS-6a0d911d000000003701c98a-07,6a0d911d000000003701c98a,GRP-XHS-6a0d911d000000003701c98a,#Gorpcore,小小瓦屋山🫴拿捏👍,小小瓦屋山🫴拿捏👍,2026-05-21,Dataset/xhs/xiaohongshu_images/Gorpcore/6a0d911d000000003701c98a/image_07.webp,#60553B,#80775C,brown,brown,unknown,Unclear,False,False,False,False,Unclear,Unclear,unclear,,,neutral,,,,,,,,unknown,0.0,ok
GRP-XHS-6a0d911d000000003701c98a-10,6a0d911d000000003701c98a,GRP-XHS-6a0d911d000000003701c98a,#Gorpcore,小小瓦屋山🫴拿捏👍,小小瓦屋山🫴拿捏👍,2026-05-21,Dataset/xhs/xiaohongshu_images/Gorpcore/6a0d911d000000003701c98a/image_10.webp,#DAE3E9,#1F231C,white,white,unknown,Unclear,False,False,False,False,Unclear,Unclear,unclear,,,neutral,,,,,,,,unknown,0.0,ok
GRP-XHS-6a0d911d000000003701c98a-11,6a0d911d000000003701c98a,GRP-XHS-6a0d911d000000003701c98a,#Gorpcore,小小瓦屋山🫴拿捏👍,小小瓦屋山🫴拿捏👍,2026-05-21,Dataset/xhs/xiaohongshu_images/Gorpcore/6a0d911d000000003701c98a/image_11.webp,#CFD3D5,#C7CACB,white,white,unknown,Unclear,False,False,False,False,Unclear,Unclear,unclear,,,neutral,,,,,,,,unknown,0.0,ok
GRP-XHS-6a0831bc000000003701f189-01,6a0831bc000000003701f189,GRP-XHS-6a0831bc000000003701f189,#Gorpcore,应届生也要岗求岗,应届生也要岗求岗,2026-05-17,Dataset/xhs/xiaohongshu_images/Gorpcore/6a0831bc000000003701f189/image_01.webp,#211E44,#2147B9,blue,blue,unknown,Unclear,False,False,False,False,Unclear,Unclear,unclear,,,neutral,,,,,,,,unknown,0.0,ok
GRP-XHS-69fd53090000000035032d07-01,69fd53090000000035032d07,GRP-XHS-69fd53090000000035032d07,#Gorpcore,,,2026-05-08,Dataset/xhs/xiaohongshu_images/Gorpcore/69fd53090000000035032d07/image_01.webp,#222323,#777873,black,black,unknown,Unclear,False,False,False,False,Unclear,Unclear,unclear,,,neutral,,,,,,,,unknown,0.0,ok
GRP-XHS-69fd53090000000035032d07-02,69fd53090000000035032d07,GRP-XHS-69fd53090000000035032d07,#Gorpcore,,,2026-05-08,Dataset/xhs/xiaohongshu_images/Gorpcore/69fd53090000000035032d07/image_02.webp,#807C76,#98938E,gray,gray,unknown,Unclear,False,False,False,False,Unclear,Unclear,unclear,,,neutral,,,,,,,,unknown,0.0,ok
GRP-XHS-69fd53090000000035032d07-03,69fd53090000000035032d07,GRP-XHS-69fd53090000000035032d07,#Gorpcore,,,2026-05-08,Dataset/xhs/xiaohongshu_images/Gorpcore/69fd53090000000035032d07/image_03.webp,#788154,#A7AA90,olive,olive_or_green,unknown,Unclear,False,False,False,False,Unclear,Unclear,unclear,,,neutral,,,,,,,,unknown,0.0,ok
GRP-XHS-69fd53090000000035032d07-04,69fd53090000000035032d07,GRP-XHS-69fd53090000000035032d07,#Gorpcore,,,2026-05-08,Dataset/xhs/xiaohongshu_images/Gorpcore/69fd53090000000035032d07/image_04.webp,#51593C,#B3B1A8,olive,olive_or_green,unknown,Unclear,False,False,False,False,Unclear,Unclear,unclear,,,neutral,,,,,,,,unknown,0.0,ok
GRP-XHS-69fd53090000000035032d07-05,69fd53090000000035032d07,GRP-XHS-69fd53090000000035032d07,#Gorpcore,,,2026-05-08,Dataset/xhs/xiaohongshu_images/Gorpcore/69fd53090000000035032d07/image_05.webp,#B4AEA7,#322928,gray,gray,unknown,Unclear,False,False,False,False,Unclear,Unclear,unclear,,,neutral,,,,,,,,unknown,0.0,ok
GRP-XHS-69ba2963000000001f004781-01,69ba2963000000001f004781,GRP-XHS-69ba2963000000001f004781,#Gorpcore,和大模型闲聊，花园可能的新风格,和大模型闲聊，花园可能的新风格,2026-03-18,Dataset/xhs/xiaohongshu_images/Gorpcore/69ba2963000000001f004781/image_01.webp,#F9F9F9,#C9D0CF,white,white,unknown,Unclear,False,False,False,False,Unclear,Unclear,unclear,,,neutral,,,,,,,,unknown,0.0,ok
GRP-XHS-69ba2963000000001f004781-02,69ba2963000000001f004781,GRP-XHS-69ba2963000000001f004781,#Gorpcore,和大模型闲聊，花园可能的新风格,和大模型闲聊，花园可能的新风格,2026-03-18,Dataset/xhs/xiaohongshu_images/Gorpcore/69ba2963000000001f004781/image_02.webp,#F9F9F9,#CDD3D3,white,white,unknown,Unclear,False,False,False,False,Unclear,Unclear,unclear,,,neutral,,,,,,,,unknown,0.0,ok
GRP-XHS-6a0c506e0000000035027990-01,6a0c506e0000000035027990,GRP-XHS-6a0c506e0000000035027990,#Gorpcore,hwoto|户外日常都适配的不费力穿搭,hwoto|户外日常都适配的不费力穿搭,2026-05-20,Dataset/xhs/xiaohongshu_images/Gorpcore/6a0c506e0000000035027990/image_01.webp,#D5DBD5,#9D7A47,white,white,unknown,Unclear,False,False,False,False,Unclear,Outdoor,unclear,穿搭 | 户外 | 日常,,positive,1.0,,,,日常 | 户外,,0.4,text_heuristic,0.4,ok
GRP-XHS-69aa7efe00000000150301fb-01,69aa7efe00000000150301fb,GRP-XHS-69aa7efe00000000150301fb,#Gorpcore,EIDER Momentum｜把户外性能带进城市日常,EIDER Momentum｜把户外性能带进城市日常,2026-03-06,Dataset/xhs/xiaohongshu_images/Gorpcore/69aa7efe00000000150301fb/image_01.webp,#5F5243,#AA8F77,orange,red_or_orange,unknown,Unclear,False,False,False,False,Unclear,Urban_Commute,unclear,户外 | 城市 | 日常,,positive,1.0,,,,城市 | 日常 | 户外,,0.4,text_heuristic,0.4,ok
GRP-XHS-69aa7efe00000000150301fb-02,69aa7efe00000000150301fb,GRP-XHS-69aa7efe00000000150301fb,#Gorpcore,EIDER Momentum｜把户外性能带进城市日常,EIDER Momentum｜把户外性能带进城市日常,2026-03-06,Dataset/xhs/xiaohongshu_images/Gorpcore/69aa7efe00000000150301fb/image_02.webp,#BDA089,#9C7B5E,orange,red_or_orange,unknown,Unclear,False,False,False,False,Unclear,Urban_Commute,unclear,户外 | 城市 | 日常,,positive,1.0,,,,城市 | 日常 | 户外,,0.4,text_heuristic,0.4,ok
GRP-XHS-69aa7efe00000000150301fb-03,69aa7efe00000000150301fb,GRP-XHS-69aa7efe00000000150301fb,#Gorpcore,EIDER Momentum｜把户外性能带进城市日常,EIDER Momentum｜把户外性能带进城市日常,2026-03-06,Dataset/xhs/xiaohongshu_images/Gorpcore/69aa7efe00000000150301fb/image_03.webp,#B29680,#8D7563,orange,red_or_orange,unknown,Unclear,False,False,False,False,Unclear,Urban_Commute,unclear,户外 | 城市 | 日常,,positive,1.0,,,,城市 | 日常 | 户外,,0.4,text_heuristic,0.4,ok
GRP-XHS-69aa7efe00000000150301fb-04,69aa7efe00000000150301fb,GRP-XHS-69aa7efe00000000150301fb,#Gorpcore,EIDER Momentum｜把户外性能带进城市日常,EIDER Momentum｜把户外性能带进城市日常,2026-03-06,Dataset/xhs/xiaohongshu_images/Gorpcore/69aa7efe00000000150301fb/image_04.webp,#191917,#BFA790,black,black,unknown,Unclear,False,False,False,False,Unclear,Urban_Commute,unclear,户外 | 城市 | 日常,,positive,1.0,,,,城市 | 日常 | 户外,,0.4,text_heuristic,0.4,ok
GRP-XHS-68f62e630000000004016ee4-01,68f62e630000000004016ee4,GRP-XHS-68f62e630000000004016ee4,#Gorpcore,龔鈺祺專輯 《月光動物園》空降各大排行冠軍,龔鈺祺專輯 《月光動物園》空降各大排行冠軍,2025-10-20,Dataset/xhs/xiaohongshu_images/Gorpcore/68f62e630000000004016ee4/image_01.webp,#E2F1FC,#F2FCFF,white,white,unknown,Unclear,False,False,False,False,Unclear,Unclear,unclear,,,neutral,,,,,,,,unknown,0.0,ok
GRP-XHS-68f62e630000000004016ee4-03,68f62e630000000004016ee4,GRP-XHS-68f62e630000000004016ee4,#Gorpcore,龔鈺祺專輯 《月光動物園》空降各大排行冠軍,龔鈺祺專輯 《月光動物園》空降各大排行冠軍,2025-10-20,Dataset/xhs/xiaohongshu_images/Gorpcore/68f62e630000000004016ee4/image_03.webp,#0D1016,#323F47,black,black,unknown,Unclear,False,False,False,False,Unclear,Unclear,unclear,,,neutral,,,,,,,,unknown,0.0,ok
GRP-XHS-68f62e630000000004016ee4-04,68f62e630000000004016ee4,GRP-XHS-68f62e630000000004016ee4,#Gorpcore,龔鈺祺專輯 《月光動物園》空降各大排行冠軍,龔鈺祺專輯 《月光動物園》空降各大排行冠軍,2025-10-20,Dataset/xhs/xiaohongshu_images/Gorpcore/68f62e630000000004016ee4/image_04.webp,#080D10,#DEECE9,black,black,unknown,Unclear,False,False,False,False,Unclear,Unclear,unclear,,,neutral,,,,,,,,unknown,0.0,ok
GRP-XHS-69cf7fd0000000001f00721c-01,69cf7fd0000000001f00721c,GRP-XHS-69cf7fd0000000001f00721c,#Gorpcore,StephenGogolev跳跃技术分析2️⃣(3A),StephenGogolev跳跃技术分析2️⃣(3A),2026-04-03,Dataset/xhs/xiaohongshu_images/Gorpcore/69cf7fd0000000001f00721c/image_01.webp,#FEFEFE,#DEE1DF,white,white,unknown,Unclear,False,False,False,False,Unclear,Unclear,unclear,,,neutral,,,,,,,,unknown,0.0,ok
GRP-XHS-69cf7fd0000000001f00721c-02,69cf7fd0000000001f00721c,GRP-XHS-69cf7fd0000000001f00721c,#Gorpcore,StephenGogolev跳跃技术分析2️⃣(3A),StephenGogolev跳跃技术分析2️⃣(3A),2026-04-03,Dataset/xhs/xiaohongshu_images/Gorpcore/69cf7fd0000000001f00721c/image_02.webp,#FBFAFB,#CFCDD3,white,white,unknown,Unclear,False,False,False,False,Unclear,Unclear,unclear,,,neutral,,,,,,,,unknown,0.0,ok
GRP-XHS-69cf7fd0000000001f00721c-03,69cf7fd0000000001f00721c,GRP-XHS-69cf7fd0000000001f00721c,#Gorpcore,StephenGogolev跳跃技术分析2️⃣(3A),StephenGogolev跳跃技术分析2️⃣(3A),2026-04-03,Dataset/xhs/xiaohongshu_images/Gorpcore/69cf7fd0000000001f00721c/image_03.webp,#FEFEFE,#949E92,white,white,unknown,Unclear,False,False,False,False,Unclear,Unclear,unclear,,,neutral,,,,,,,,unknown,0.0,ok
GRP-XHS-68d10c96000000001203c996-01,68d10c96000000001203c996,GRP-XHS-68d10c96000000001203c996,#Gorpcore,gorgor你有点太帅到我了,gorgor你有点太帅到我了,2025-09-22,Dataset/xhs/xiaohongshu_images/Gorpcore/68d10c96000000001203c996/image_01.webp,#0A0A08,#2C271F,black,black,unknown,Unclear,False,False,False,False,Unclear,Unclear,unclear,,,neutral,,,,,,,,unknown,0.0,ok
GRP-XHS-68d10c96000000001203c996-02,68d10c96000000001203c996,GRP-XHS-68d10c96000000001203c996,#Gorpcore,gorgor你有点太帅到我了,gorgor你有点太帅到我了,2025-09-22,Dataset/xhs/xiaohongshu_images/Gorpcore/68d10c96000000001203c996/image_02.webp,#0A0A08,#32211D,black,black,unknown,Unclear,False,False,False,False,Unclear,Unclear,unclear,,,neutral,,,,,,,,unknown,0.0,ok
GRP-XHS-68d10c96000000001203c996-03,68d10c96000000001203c996,GRP-XHS-68d10c96000000001203c996,#Gorpcore,gorgor你有点太帅到我了,gorgor你有点太帅到我了,2025-09-22,Dataset/xhs/xiaohongshu_images/Gorpcore/68d10c96000000001203c996/image_03.webp,#C8C9CC,#0D1312,gray,gray,unknown,Unclear,False,False,False,False,Unclear,Unclear,unclear,,,neutral,,,,,,,,unknown,0.0,ok
GRP-XHS-685bd7dc000000000b02dc23-01,685bd7dc000000000b02dc23,GRP-XHS-685bd7dc000000000b02dc23,#Gorpcore,omg被自己关注好久的煮包回关谁懂？,omg被自己关注好久的煮包回关谁懂？,2025-06-25,Dataset/xhs/xiaohongshu_images/Gorpcore/685bd7dc000000000b02dc23/image_01.webp,#FFFFFF,#FAFAFA,white,white,unknown,Unclear,False,False,False,False,Unclear,Unclear,unclear,,,neutral,,,,,,,,unknown,0.0,ok
